iso3,country,year,GovEff,RuleLaw,RegQual,CtrlCorr,PolStab,GDPpcPPP,ResRents,ODA,RD
ABW,Aruba,1996,,,,,,26004.4956276389,0.00081940211530906,1.43385017961099,
ABW,Aruba,2004,68.7456317,67.4120272,66.5858702,67.4139308,76.6423908,35059.2730975712,0.00158368130684963,,
ABW,Aruba,2012,70.8190661,80.1280418,77.9453037,68.6799032,88.3722215,34095.6471714416,0.00340775585550675,,
ABW,Aruba,2018,68.9696501,79.2207245,70.3897634,71.394461,88.683848,39287.0597126122,0.00188469168678285,,
ABW,Aruba,2024,64.1110309,77.9628011,70.3329342,65.4406362,88.6165004,50649.3015232212,,,
AFE,Africa Eastern and Southern,1996,,,,,,1994.83106417251,7.91189755842457,3.13692820774197,
AFE,Africa Eastern and Southern,2004,,,,,,2486.0910302572,8.23755974901512,3.78603162470549,0.626100578625712
AFE,Africa Eastern and Southern,2012,,,,,,3244.66434472389,11.6995532431167,2.80593616795638,0.586779084367876
AFE,Africa Eastern and Southern,2018,,,,,,3723.21642264024,7.54909239311972,2.78029869944912,
AFE,Africa Eastern and Southern,2024,,,,,,4635.7882240455,,,
AFG,Afghanistan,1996,5.8680866,23.9701623,15.5938597,13.088573,17.7644852,,,,
AFG,Afghanistan,2004,28.8607414,26.9097642,29.536868,17.3443576,28.4642015,971.633503046666,0.458919792113206,42.8700215159715,
AFG,Afghanistan,2012,22.1784637,24.547485,35.0839368,14.7503847,23.1217311,1988.42930381554,0.684675468598181,33.3985428529927,
AFG,Afghanistan,2018,19.6224247,28.27664,34.3129099,16.686024,21.7827865,2432.27670083336,0.855264249305936,20.73019959214,
AFG,Afghanistan,2024,13.7358099,23.6535886,30.5994864,21.3643608,28.2258568,2201.72290691677,,17.7569368063585,
AFW,Africa Western and Central,1996,,,,,,2259.8409562788,18.4176283862275,,
AFW,Africa Western and Central,2004,,,,,,3184.34532967062,13.4477095695287,,
AFW,Africa Western and Central,2012,,,,,,4661.17527587174,16.1216507786234,2.21624589615732,
AFW,Africa Western and Central,2018,,,,,,5179.3599900769,10.0023935267185,2.2436813846579,0.27753675622014
AFW,Africa Western and Central,2024,,,,,,6815.99096115117,,,
AGO,Angola,1996,40.2507295,29.9402231,28.7646677,25.2637507,23.5257349,3341.9118881012,41.3617166839795,7.87884949686743,
AGO,Angola,2004,21.5583861,31.9419501,32.3237569,23.102135,46.0945227,4770.68802563462,33.7707170143085,4.66993208939054,
AGO,Angola,2012,31.523145,33.8355285,38.501282,18.718187,58.3535602,8246.36081151609,34.7310076331615,0.182957586902703,
AGO,Angola,2018,32.3152788,37.851326,38.1066148,23.9337463,58.96248,8278.36886170469,32.045405604301,0.195071836213746,0.03229
AGO,Angola,2024,36.0732109,36.8326485,42.6711683,35.2528671,56.0964488,10118.6089945408,,0.148499031525698,
ALB,Albania,1996,32.4784433,50.1733565,42.4033948,30.9014999,53.5520676,3054.03520620926,1.36152948949073,6.85514828714784,
ALB,Albania,2004,42.591527,48.1099326,50.3227992,32.5637023,55.5004905,5594.79162347874,0.868821575977377,3.97229958865568,
ALB,Albania,2012,44.742022,50.0421215,53.5446213,31.2036027,59.5782307,10608.8448172721,3.23145242472225,2.87261902266221,
ALB,Albania,2018,56.5605037,53.9639778,56.6600998,35.9708424,68.4601043,15055.2807998752,1.71111628143642,2.24263943411111,
ALB,Albania,2024,57.4136957,54.925199,57.0035209,39.3379974,66.243999,26701.6749563776,,1.55490014914216,0.19997
AND,Andorra,1996,66.1026449,74.0280057,77.2145681,75.4363736,87.2499382,26541.5814456738,0.0,,
AND,Andorra,2004,68.7456317,69.5574894,74.734069,66.6483757,83.7435366,42717.2377735456,0.0,,
AND,Andorra,2012,76.0047104,82.0452573,83.3850244,74.6674341,88.5286053,45503.0444832658,0.0,,
AND,Andorra,2018,86.3552853,84.8085442,76.103697,71.6026897,88.5958436,55244.6554088177,0.0,,
AND,Andorra,2024,73.8768133,81.2301636,72.2449856,71.6636167,92.2648945,74939.4746038578,,,0.15818
ARB,Arab World,1996,,,,,,8435.50449974721,22.5403146052347,1.10406741120957,
ARB,Arab World,2004,,,,,,11487.5173343695,29.0399592018759,1.18729363686401,
ARB,Arab World,2012,,,,,,16106.5306414277,34.4082052971307,0.538040342404972,0.551613157763376
ARB,Arab World,2018,,,,,,15558.1307966245,23.1576538692586,1.16169669901296,0.692556634012712
ARB,Arab World,2024,,,,,,18870.3148110507,,,
ARE,United Arab Emirates,1996,60.5301346,67.7539471,62.3285755,52.7409578,83.8909764,94619.5987985934,20.7195621529487,,
ARE,United Arab Emirates,2004,62.6199059,59.7939727,65.5248211,63.5406545,75.7775322,98661.4370562637,22.2210170035245,,
ARE,United Arab Emirates,2012,73.8196342,63.2841209,68.198457,69.9074996,79.6105819,89198.0119017025,28.2144669709365,,0.47252
ARE,United Arab Emirates,2018,78.7848806,63.6651728,71.8838453,70.015474,80.134659,77446.2269929923,18.1866824883602,,1.26389
ARE,United Arab Emirates,2024,75.8392807,65.5157588,72.6169592,71.5418396,79.3661459,79228.738801276,,,
ARG,Argentina,1996,55.2187322,59.1912023,58.5718042,43.3037026,66.3960884,10495.8392452531,1.59598410207505,0.0459182667317131,0.41749
ARG,Argentina,2004,50.8770497,45.5973455,44.2792775,39.6472232,60.2836786,12117.6797423098,4.29522015828479,0.0665053348932013,0.40376
ARG,Argentina,2012,51.3675738,48.0993618,41.598513,37.393715,67.2692554,19430.4178068112,3.62564790864033,0.0333469336246936,0.63491
ARG,Argentina,2018,56.3521358,53.4845358,51.8641165,47.7387342,67.9516636,24410.3919063335,2.0371251352841,0.0144682760468869,0.4883
ARG,Argentina,2024,54.9132764,52.6382821,51.156098,41.2619998,62.9948599,30431.1931223693,,0.040758200266422,0.60111
ARM,Armenia,1996,46.0244582,52.4348395,42.7566052,36.2702248,45.4533819,1921.54998904796,0.315447039873551,17.8033051086014,0.18692
ARM,Armenia,2004,47.5367285,52.7125996,57.7715765,34.249229,62.1107402,4377.22759682551,0.0217229048828517,6.87581619431207,0.25659
ARM,Armenia,2012,51.9498386,50.8150232,61.2996669,35.3382337,66.8552572,8942.63537897164,1.49013408946162,2.45016533654051,0.23853
ARM,Armenia,2018,47.9754653,53.2014077,59.3615549,44.5303761,65.8279441,12877.4937543553,1.09866113638474,1.12034368334217,0.18876
ARM,Armenia,2024,44.2622836,54.5140043,57.0391218,50.7833909,53.5393178,22823.1795255693,,0.870714878852333,0.2861
ASM,American Samoa,2004,50.0871189,66.3475883,56.4006331,61.2894861,72.8904941,,0.0,,0.32528
ASM,American Samoa,2012,55.9265237,74.9156409,63.7784327,55.7199429,82.698392,,0.0,,
ASM,American Samoa,2018,66.2771005,79.7988389,53.6961704,84.2343525,87.4284341,,0.0,,
ASM,American Samoa,2024,66.2614695,75.6655388,61.0412254,71.6636167,87.2981254,,,,
ATG,Antigua and Barbuda,1996,66.1026449,73.8184998,63.2098573,65.962627,77.9640044,16016.9331941163,0.0,0.592719891258644,
ATG,Antigua and Barbuda,2004,61.2605298,69.9170709,58.6141978,60.3873958,82.3920916,21628.6836541675,0.0,0.196010005239846,
ATG,Antigua and Barbuda,2012,65.9656171,74.6901927,63.7784327,74.6674341,81.7788673,23011.7386611366,0.0,0.163292591926087,
ATG,Antigua and Barbuda,2018,46.1989138,66.9759872,62.5055435,52.4338411,79.3888593,24524.2137953887,0.0,1.1106876858296,
ATG,Antigua and Barbuda,2024,59.7008199,67.3216504,64.8713859,53.6112689,84.2254939,33386.1917127894,,,
AUS,Australia,1996,82.473312,86.05236,69.4978249,91.3808672,91.5811232,22133.8442785709,2.05152656701842,,1.66218
AUS,Australia,2004,86.1267675,86.7015821,84.5128293,83.7516182,81.3798633,31814.504982852,3.14042166653573,,1.84802
AUS,Australia,2012,84.4838431,85.1023997,85.3016826,87.6005622,82.7642194,43007.2697824131,5.29813880381044,,2.17733
AUS,Australia,2018,84.8771645,85.1195657,83.6957403,83.6549548,80.9961371,50371.233830782,5.22752063881788,,1.82826
AUS,Australia,2024,86.5155896,82.2713526,82.026233,85.3425462,79.4447025,72111.1844628126,,,
AUT,Austria,1996,86.1008992,88.6506495,76.2414762,86.9234728,90.1327589,24426.7640962842,0.143216446581989,,1.58947
AUT,Austria,2004,86.4791262,88.1478853,80.7169338,86.9145503,82.2026191,33518.5160023521,0.131901261003047,,2.18238
AUT,Austria,2012,80.9035185,86.2674662,78.9805335,75.6280326,88.1333917,46156.4832073037,0.238508218256069,,2.93372
AUT,Austria,2018,82.5356457,87.9258414,79.0042947,80.9458723,80.3126544,56636.4953030542,0.140755073164382,,3.10828
AUT,Austria,2024,80.788653,85.839794,76.1709511,74.0564191,74.2916722,73911.439663136,,,3.25517
AZE,Azerbaijan,1996,24.8609548,35.9860988,34.7555617,17.8974596,48.3322465,2406.7723161914,26.0389631948694,3.04231583679146,0.23533
AZE,Azerbaijan,2004,30.5540511,44.1216688,45.056419,22.6420388,46.680331,5247.53834365156,28.7444372660525,2.15293945086171,0.29831
AZE,Azerbaijan,2012,35.6234046,44.0289324,47.1444037,24.100494,54.2130281,15994.1466501837,29.0119697503912,0.436274797981122,0.21427
AZE,Azerbaijan,2018,48.3097216,45.7200216,51.7004974,29.5057873,59.8006383,15282.9995232298,27.6209320144449,0.194911109054397,0.18416
AZE,Azerbaijan,2024,54.5704861,48.6111324,56.9902493,32.1660634,63.4960375,25088.9993757134,,0.177593277770775,0.20778
BDI,Burundi,1996,15.90718,35.4885821,26.5557809,30.2683204,22.9866362,512.745181432347,28.9246630230297,12.9244184199407,
BDI,Burundi,2004,21.6256177,35.2559863,35.6300759,28.4592069,24.698766,551.562209243605,30.4545201860965,40.4101604424957,
BDI,Burundi,2012,28.2619278,37.0746775,40.2652191,19.5571703,33.3042337,637.247080191101,17.5501999315408,22.5847831135912,0.10702
BDI,Burundi,2018,31.3256171,33.1410129,39.4725223,18.2082157,38.1593506,823.013102241659,13.4317629933204,15.464650265895,0.21312
BDI,Burundi,2024,31.7781047,34.5421294,42.0271013,18.251816,42.3840199,1194.94681370387,,18.0888145204265,
BEL,Belgium,1996,83.9666964,81.0445186,71.7106735,78.2349074,87.5013947,22745.2145866007,0.0226157229287321,,1.74299
BEL,Belgium,2004,83.2374328,78.3346538,76.6997905,76.2542206,77.4790373,32059.6878637798,0.0158636559921044,,1.8205
BEL,Belgium,2012,86.366277,79.5766143,72.2228614,77.937871,82.0362545,42483.5250666788,0.0633726115847057,,2.27079
BEL,Belgium,2018,75.2725459,81.4169961,74.8669275,77.2933117,73.1489848,52466.7330784599,0.0484487814693338,,2.86365
BEL,Belgium,2024,74.5710173,79.0425834,74.4753152,77.5852129,67.9689981,73514.4831045258,,,3.27235
BEN,Benin,1996,35.9853648,58.4715987,50.5655182,32.2877798,79.4210103,1443.96771280369,8.30238134307419,12.4526199160322,
BEN,Benin,2004,42.6625249,50.3164102,45.2739053,37.5436623,68.9150967,1915.34644346381,3.12542829249992,6.36724756332919,
BEN,Benin,2012,41.5909397,49.6069557,46.3197256,34.1433739,71.9143063,2346.08416204547,3.92162835813785,4.58596831613439,
BEN,Benin,2018,44.2934018,49.5306211,47.7352989,41.941421,68.7128078,2965.30628143664,2.60830727598415,4.04494507868339,
BEN,Benin,2024,47.7351469,49.8656515,50.4899699,42.9823784,59.0103392,4434.5642184028,,5.31568351133842,
BFA,Burkina Faso,1996,32.4784433,47.1824753,44.5681832,52.3516625,63.4843981,753.30916674031,12.8265050804085,16.1653362179418,0.15834
BFA,Burkina Faso,2004,36.1047764,47.9302322,44.8921218,41.944516,63.3329407,1079.00009142751,5.43726005672726,11.9746661254518,0.21514
BFA,Burkina Faso,2012,39.3018866,50.7353118,50.974796,40.260143,54.8280938,1571.83884477315,12.4016028413011,9.41167023449076,0.19719
BFA,Burkina Faso,2018,41.9626977,49.9735678,48.1794332,44.666051,49.4637727,2073.3235382155,8.87619594401664,7.71744567393734,0.17435
BFA,Burkina Faso,2024,34.3295393,41.7528823,46.5739404,42.7426883,33.3312021,2895.89152033665,,7.56324891464011,0.10477
BGD,Bangladesh,1996,35.5680728,41.1264677,36.5772712,30.2023957,53.3908719,1260.7548952152,0.590055045886,2.02494739001098,
BGD,Bangladesh,2004,33.7230881,39.1175381,37.2411518,17.1748732,43.1999208,1861.51256285455,1.25033088137691,2.09243477979753,
BGD,Bangladesh,2012,35.8085681,39.9471869,39.4260092,25.1573288,40.8009467,3434.27815090447,1.55456977469424,1.48973452826055,
BGD,Bangladesh,2018,39.2969731,41.3093968,42.4744798,25.660416,48.3828183,5490.15881865179,0.649238822939078,0.911021785754119,
BGD,Bangladesh,2024,39.305124,40.4414129,39.8788257,25.5454805,40.9048506,9646.76984383255,,1.24954695482709,
BGR,Bulgaria,1996,39.612497,53.6063755,46.6871366,43.9734707,64.001453,6849.0021040768,1.00162472163927,,0.41826
BGR,Bulgaria,2004,51.0484216,55.3446755,63.4121368,50.5708265,66.783822,9200.48242563727,1.13721174341521,,0.47086
BGR,Bulgaria,2012,47.4089366,53.2210692,60.0907434,40.6232903,72.5755043,16327.3382758143,1.60464880529568,,0.60039
BGR,Bulgaria,2018,50.8647631,54.5437289,62.4588537,44.0211942,76.0222279,23997.6876896184,0.678372706778028,,0.75505
BGR,Bulgaria,2024,52.1730773,56.3908659,59.4055004,42.9964948,66.5764069,41969.4515718999,,,0.79224
BHR,Bahrain,1996,60.5301346,59.1158538,59.0916949,50.0345068,60.9200024,40105.8476952372,22.4740735880541,2.1775165501654,
BHR,Bahrain,2004,58.6760131,64.599874,67.9425578,52.391342,68.471918,46317.0284804025,19.5474993928405,0.462967860449633,
BHR,Bahrain,2012,57.8638325,54.5957001,67.5311823,51.2212153,48.2073407,56712.5692656153,23.5822213574272,,0.09713
BHR,Bahrain,2018,59.4713513,55.979506,62.6920421,45.0015605,51.0725144,51993.1307818652,14.7513564173951,,
BHR,Bahrain,2024,63.0118001,59.8550294,69.8494802,52.9975172,61.18214,66941.2430367989,,,0.19327
BHS,"Bahamas, The",1996,73.6278656,78.4620922,63.581372,75.0508432,83.2823744,21287.3553874746,0.0800968796029261,,
BHS,"Bahamas, The",2004,69.3273559,81.2615421,71.8362345,71.3777232,77.6911378,27659.5379539899,0.00632085195324348,,
BHS,"Bahamas, The",2012,70.3486239,68.2085592,63.9498129,77.8470371,82.9628972,31035.5500568874,0.0123502671887337,,
BHS,"Bahamas, The",2018,65.8703491,63.5294406,57.0956828,70.1768051,78.0748811,35227.7619063243,0.0131261113776456,,
BHS,"Bahamas, The",2024,65.1320947,61.2845195,53.1711824,72.7942056,83.8182788,41197.9342548477,,,
BIH,Bosnia and Herzegovina,1996,24.8609548,51.6698582,33.9259234,37.265499,52.9853923,2268.56289865693,0.0917408632221787,33.2213315564414,
BIH,Bosnia and Herzegovina,2004,36.1002245,48.9827528,48.6633587,38.9767528,61.0816575,5407.42779562896,1.70617299249607,6.43546608035466,0.0159
BIH,Bosnia and Herzegovina,2012,39.8385143,54.6947838,51.6261809,39.6379992,55.8057131,10121.1905288877,2.2205854902667,3.27171882317825,0.26533
BIH,Bosnia and Herzegovina,2018,38.3790948,51.4383622,49.8822151,34.8913674,60.9490035,14858.5590469909,1.05259180342277,1.74829663060733,0.19199
BIH,Bosnia and Herzegovina,2024,38.9873757,51.4721898,49.3451777,37.4735881,57.3354627,25043.0886396127,,1.12054899426767,0.21437
BLR,Belarus,1996,35.9853648,48.2311562,35.9588659,36.30435,67.5818795,4039.34042566187,3.37119722373573,,0.99852
BLR,Belarus,2004,26.8415363,43.9872584,35.6915624,40.8237867,66.1808363,8482.92020698503,1.79153055739652,0.191670701172284,0.62759
BLR,Belarus,2012,30.45526,44.261523,38.6196465,41.568153,65.9563004,18114.7508606708,1.72782026745452,0.160193874370293,0.64603
BLR,Belarus,2018,46.8691706,44.3481599,42.4297946,45.2800597,70.4663947,20025.9815543598,1.98128406238056,0.205960428555063,0.60443
BLR,Belarus,2024,37.6995982,35.7852241,35.4281591,36.1526013,59.4495003,33010.3307605357,,0.163628490419037,0.5872
BLZ,Belize,1996,46.0244582,63.5775996,59.5320282,47.0151357,71.9343959,6087.14883018667,0.409891121326979,2.55238480624062,
BLZ,Belize,2004,43.7151755,58.1645614,53.5487376,45.8167316,70.8619157,9244.91166156485,0.185339714258494,0.521637712657364,
BLZ,Belize,2012,46.125709,51.2701275,49.6909361,46.3306581,67.4417369,9303.37857455225,3.9491024337509,1.45845389633908,
BLZ,Belize,2018,43.6589881,46.797157,44.4053385,45.6640437,66.4003212,9497.23480443418,0.796890251194486,1.58862154792986,
BLZ,Belize,2024,48.8303528,50.1294796,47.7644224,44.6078242,79.2986992,14346.5188049737,,1.08319954119534,
BMU,Bermuda,1996,66.1026449,75.2479503,77.2145681,75.4363736,77.9640044,42545.1202187236,0.0,,0.05885
BMU,Bermuda,2004,63.8781907,69.8957193,73.1496926,69.710594,76.6614487,64790.2739198061,0.0,,
BMU,Bermuda,2012,65.9656171,74.9156409,77.7831436,74.6674341,82.1701025,69149.0500342682,0.0,,0.23355
BMU,Bermuda,2018,79.6625603,71.9929416,68.634521,71.6026897,82.5699367,85978.2177227009,0.0,,0.22851
BMU,Bermuda,2024,80.0326675,70.7350905,64.7758095,71.6636167,82.483526,124252.835702586,,,
BOL,Bolivia,1996,45.5797598,51.721091,55.5041162,36.215684,61.9936049,3644.90018385362,4.73280305606934,10.5734663953166,0.32544
BOL,Bolivia,2004,40.5573014,47.4023059,52.3558867,35.205593,55.6214078,4662.97077714293,7.4299811875095,8.42390227521992,0.27663
BOL,Bolivia,2012,46.5251981,38.0857289,41.1562555,33.7077963,59.3825729,7183.82602452107,12.3531411069095,2.59953933559642,
BOL,Bolivia,2018,44.2577026,34.8524194,41.4800081,31.1809484,62.6256651,10758.4075594003,5.37166725772886,1.53644720760895,0.06643
BOL,Bolivia,2024,39.4715143,35.1463232,35.0786424,27.6622228,56.5672297,12877.6351184372,,1.49625231245653,
BRA,Brazil,1996,51.6820575,51.0983647,53.1748982,50.2719582,65.3389031,8300.63414154543,1.14889170835858,0.0307255066474577,
BRA,Brazil,2004,47.1185129,51.9366464,55.4374457,45.746281,62.1394834,10525.7113782454,2.53496036492128,0.027447600185284,0.96343
BRA,Brazil,2012,51.2325195,56.195583,57.8500598,47.6243331,64.1931786,15198.086330971,3.85552495977285,0.0536062337293943,1.12684
BRA,Brazil,2018,47.3268322,50.0545424,51.00996,39.6038112,54.8735087,15463.7426393743,3.61759120230309,0.0238765152366434,1.15016
BRA,Brazil,2024,46.9849597,49.2849848,50.2174997,39.5782583,57.0022212,22338.4765640635,,0.0329925461852714,1.1938
BRB,Barbados,1996,66.1026449,70.3327404,76.6008296,77.3866191,81.0222275,13090.2347268185,0.230653856863165,0.249815729268907,
BRB,Barbados,2004,63.0358835,80.7071389,68.7853967,71.3065601,82.2272507,17298.8922582212,0.23925567556558,0.910552469071582,
BRB,Barbados,2012,76.4337875,77.0754981,65.649051,77.1088364,86.9858703,19605.0169248071,0.455018922008083,0.280167937908421,
BRB,Barbados,2018,70.3771055,71.1218064,61.5208185,70.8309468,79.5644616,19777.0593234662,0.214063429251287,,
BRB,Barbados,2024,63.0957497,69.4902317,61.8101531,72.6663418,87.6259794,24822.5343309908,,,
BRN,Brunei Darussalam,1996,64.2459257,75.0779326,74.1509822,62.8959211,90.3529578,70007.6412879003,26.9444100718296,,
BRN,Brunei Darussalam,2004,59.2609126,67.6538755,67.3509607,52.0712707,84.6729909,80403.7579093987,30.6736955466632,,0.03381
BRN,Brunei Darussalam,2012,65.8823655,67.873787,70.4741421,67.4308345,81.2960012,87256.0422369454,25.2092889599313,,
BRN,Brunei Darussalam,2018,71.1784033,62.8251115,68.5877855,72.467989,85.452549,65148.8264035521,22.5076667399112,,0.27764
BRN,Brunei Darussalam,2024,67.5801007,67.0778539,68.85143,71.8648783,86.4388526,89879.3614980758,,,
BTN,Bhutan,1996,56.0635515,52.9716362,52.0060971,63.2911735,73.5712659,2547.83812203065,5.8349893078325,21.2875457647328,
BTN,Bhutan,2004,56.5460141,58.2770833,44.5602769,62.9366208,80.7668081,4172.78217119849,2.96502678462155,10.0267034685161,
BTN,Bhutan,2012,61.3969587,60.1888482,41.618918,64.3226052,79.1442935,8577.40731901004,4.25283283104005,8.82701000919087,
BTN,Bhutan,2018,61.8106419,68.4519547,54.1177752,77.2441309,84.943449,11969.5615003305,1.98850743903733,4.56683231329935,
BTN,Bhutan,2024,62.6342595,70.5657526,53.4229511,77.655202,89.0248497,16215.1520073153,,5.50953026767311,0.09979
BWA,Botswana,1996,55.9084641,67.1648419,61.6760756,67.9252968,85.4803698,7890.35144206262,1.2490411836837,1.62289357629267,
BWA,Botswana,2004,61.2414921,68.5612582,66.2332102,66.9708983,81.3841064,10818.1586503167,3.22396760199793,0.58272112985742,0.53286
BWA,Botswana,2012,62.0834707,69.0723799,68.6756465,68.8205677,86.8170255,12736.5833891004,2.25863530970605,0.515886535564421,0.26759
BWA,Botswana,2018,58.0832291,63.9036925,63.6453172,65.0852111,82.8874409,15785.819633781,0.869694754311434,0.555766082671716,
BWA,Botswana,2024,59.4464824,62.335899,61.2018557,60.6300979,83.5276303,20538.1320178889,,1.4639329988872,
CAF,Central African Republic,1996,25.9462734,36.0229176,32.399507,22.8693735,34.0700685,600.772967864624,12.0071547470753,17.1407535665158,
CAF,Central African Republic,2004,19.1447727,34.2104292,36.4349861,21.2684888,40.1468683,690.426514027755,8.16831180133758,8.74489474583014,
CAF,Central African Republic,2012,23.6371891,32.3815252,36.8733906,28.603104,33.9342509,1062.06809941049,9.16768384336065,9.04369304422466,
CAF,Central African Republic,2018,21.5152476,30.2298104,33.291231,23.1421404,33.5480547,905.817788941094,11.1787424768372,26.8587345478905,
CAF,Central African Republic,2024,20.6860087,27.4518394,34.8637158,21.3390083,34.5847268,1263.10234213699,,27.2523724328105,
CAN,Canada,1996,85.8946487,87.1594677,73.5470488,91.9717095,87.9694647,24054.9166185572,3.20298844899117,,1.60682
CAN,Canada,2004,87.7108563,86.0946295,81.5159486,82.7547469,79.1553606,33929.2936832786,4.43821726904446,,1.99735
CAN,Canada,2012,88.9811361,84.5256708,82.1230095,85.1142379,84.5696233,42291.9729357094,1.44307674491624,,1.77303
CAN,Canada,2018,87.0103408,86.271688,80.7639121,84.4384176,81.902439,49982.5999118346,1.79820431653194,,1.7372
CAN,Canada,2024,85.5449383,82.1066204,76.3468072,80.8871678,76.1173365,64610.3795171971,,,1.7908
CEB,Central Europe and the Baltics,1996,,,,,,8429.84644349891,1.03635672701621,0.0523550108343193,0.721461977412582
CEB,Central Europe and the Baltics,2004,,,,,,13467.6290528794,1.1061097330347,0.0162642235287008,0.733653905068232
CEB,Central Europe and the Baltics,2012,,,,,,23101.2505100944,2.06986567788745,0.0103291318193684,1.05004024585916
CEB,Central Europe and the Baltics,2018,,,,,,32302.3729630334,1.37821568057069,,1.18518960726648
CEB,Central Europe and the Baltics,2024,,,,,,50487.3304819118,,,1.34190356157401
CHE,Switzerland,1996,87.0413929,90.7250694,74.6972128,90.5103233,91.806906,31509.4795447819,0.0184092683245298,,2.37649
CHE,Switzerland,2004,89.9794757,88.5915979,84.3962737,85.6495758,84.2696225,40171.1805746279,0.0139653911937158,,2.60818
CHE,Switzerland,2012,89.0475918,89.1280452,84.0283691,91.6767417,89.4833984,59440.9158607666,0.0116054102262085,,2.87456
CHE,Switzerland,2018,92.4115084,89.896047,83.3279776,94.2843777,87.3363762,70688.8187491194,0.0130088671838284,,3.14983
CHE,Switzerland,2024,87.1231822,87.3183948,82.7948642,88.484008,82.6457687,96497.6947971323,,,3.22178
CHI,Channel Islands,1996,,,,,,,0.0,,
CHI,Channel Islands,2004,,,,,,,0.0,,
CHL,Chile,1996,70.8407695,77.4607012,75.1987471,80.0529494,77.3399111,7895.19827576749,4.95869610912803,0.258418721222503,
CHL,Chile,2004,73.6220208,79.0810373,78.3454247,73.5204354,76.7445575,11612.4368780779,9.56665341226193,0.0589552745023036,
CHL,Chile,2012,76.3044361,76.5100387,79.2671617,77.8060014,76.021408,21366.1771264909,9.05442637303188,0.0507452099514586,0.36213
CHL,Chile,2018,71.4772443,73.4538309,73.4003225,70.3659016,77.4109534,25305.0903462611,5.83707726201581,0.0264884442017967,0.36916
CHL,Chile,2024,70.0934775,68.8582581,67.1756362,70.2378516,67.9673582,36181.156616977,,,0.39205
CHN,China,1996,45.2578271,47.765037,49.6418508,41.1593023,63.9232808,2087.74769649351,3.00480163840847,0.310237459984248,0.56014
CHN,China,2004,44.4416002,44.5440504,49.8162385,34.9186166,58.2173345,4504.92937237596,4.72487591845752,0.086402169423247,1.19732
CHN,China,2012,48.7736773,45.063528,50.9371607,37.5960069,55.3418691,11420.2527051141,4.0884931932087,-0.00208612452600876,1.88095
CHN,China,2018,61.6672656,48.0074945,53.434562,46.4348595,61.8459925,16298.2050619109,1.42518421392494,-0.00500663161982718,2.10232
CHN,China,2024,68.7581244,46.9942092,53.7384426,49.649869,63.2751622,27104.8702677463,,-0.0014730637020795,2.57729
CIV,Cote d'Ivoire,1996,56.5466965,43.0869286,42.7327525,49.2481211,65.2409281,2831.79903711036,3.10906315979616,8.59614825837236,
CIV,Cote d'Ivoire,2004,19.9016798,32.0231399,36.2463568,24.2136462,28.2039018,2794.17325719366,2.49321707811937,1.08666902902343,
CIV,Cote d'Ivoire,2012,30.6005962,39.0775817,42.27887,30.9520936,39.9454062,3290.72306949457,5.36757176448081,11.217518613801,
CIV,Cote d'Ivoire,2018,41.464396,46.2409862,50.174469,38.0747455,50.2088875,4945.62520575915,3.10996909544373,1.68748542255382,0.06975
CIV,Cote d'Ivoire,2024,45.2016572,47.0144438,52.2296396,42.0850347,51.4803735,7669.23195715687,,3.05721422148846,
CMR,Cameroon,1996,35.629059,33.2573108,31.8678414,23.7210989,47.4496727,1849.50650036011,9.19379916300563,3.91265983563661,
CMR,Cameroon,2004,30.9468514,39.946125,42.1337808,24.4523324,56.388165,2532.64744424214,4.73178788679167,4.23787291035076,
CMR,Cameroon,2012,35.1510433,37.937987,40.6163178,22.8753488,52.250605,3059.64226568251,8.40581417479506,2.00993875481005,
CMR,Cameroon,2018,38.1570168,37.3033286,42.6462258,25.2599595,40.7993905,4010.76360069526,6.10463986256462,2.97159552702231,
CMR,Cameroon,2024,35.769927,35.3872816,43.3706071,23.0734123,39.3016895,5588.98645861945,,1.96523478281563,
COD,"Congo, Dem. Rep.",1996,19.365579,26.7847043,22.4585424,10.852608,20.2455996,526.165019253166,36.2990334122152,3.0779046040276,
COD,"Congo, Dem. Rep.",2004,16.088933,28.1760985,29.8672508,16.8973841,28.0440471,455.866557396548,24.0864214623167,19.2119372573258,0.26777
COD,"Congo, Dem. Rep.",2012,20.7485057,28.182074,32.6459433,20.0611825,28.0279579,647.801733284929,27.1229704627568,10.0098649801982,
COD,"Congo, Dem. Rep.",2018,21.8032194,28.4473323,34.4346669,16.8537109,33.49551,1048.86502855672,18.4167757889728,5.59190086514283,
COD,"Congo, Dem. Rep.",2024,18.413102,28.9696892,34.5989483,17.1820286,29.6954723,1821.04868718058,,6.41679298729654,
COG,"Congo, Rep.",1996,25.9220111,41.2667935,31.3305359,32.7702975,33.208833,3547.2135393678,39.2687753315493,29.6401642642504,
COG,"Congo, Rep.",2004,29.0716099,39.2445961,39.5970188,28.3793642,45.4402718,3991.51124729764,40.0820482272883,3.65632268125272,
COG,"Congo, Rep.",2012,30.9720606,36.3702899,37.099649,23.0857798,54.4771831,6058.06449417412,41.3573491386651,0.837297315892287,
COG,"Congo, Rep.",2018,32.3426501,36.227589,36.3824626,20.1366895,54.1142196,5593.19370578686,42.6682046537325,1.05051511783037,
COG,"Congo, Rep.",2024,29.745211,36.6808587,36.7010169,19.0396064,61.4802566,7026.36223281494,,2.74608828732032,0.38339
COL,Colombia,1996,50.3130312,41.9979317,50.1275979,37.435449,31.662516,6638.839736256,3.72384039434735,0.205115987685899,
COL,Colombia,2004,46.5019858,47.8045975,54.3524413,46.3593505,31.939793,7909.34635155695,5.92813672580534,0.474249916136345,0.16964
COL,Colombia,2012,49.2991597,49.2600929,58.3625963,39.5560695,43.151392,12093.0754939172,8.29683079092449,0.214359658491853,0.22116
COL,Colombia,2018,49.1252583,49.701606,56.5795741,41.405998,54.5255309,15239.4049488277,4.940258188938,0.5464304780895,0.31233
COL,Colombia,2024,49.1802654,47.3311328,55.0740059,41.90949,49.3103253,22349.436440123,,0.28899502663605,
COM,Comoros,1996,15.90718,38.6823706,29.5985642,29.4792001,65.0304879,1650.51748260068,1.72539613160936,9.97789670853899,
COM,Comoros,2004,23.2898664,35.7562395,30.9671781,32.2108316,56.9844717,2024.8526447402,1.23259320703783,4.1706956191624,
COM,Comoros,2012,20.4194254,39.2508418,32.3883456,32.070242,59.1460867,2678.70262820599,1.91653686564634,10.0196215762416,
COM,Comoros,2018,25.801886,41.2316613,35.2889464,27.1369084,58.9314888,3276.00936695332,1.55194278873705,7.67456102396916,
COM,Comoros,2024,27.8404845,37.5018196,35.1704573,24.7636371,62.1146741,3958.53228789687,,12.4680318130517,
CPV,Cabo Verde,1996,,75.6673665,46.8563371,65.0982709,84.7101143,1962.92102503773,29.5237149865058,23.4053599454643,
CPV,Cabo Verde,2004,44.454721,61.0339282,47.7005545,52.4006207,80.8346784,3968.65691704088,25.6539720118683,15.8573168628723,
CPV,Cabo Verde,2012,53.5134878,67.4004221,54.3282685,65.7111016,80.2570436,6318.06108723364,25.055847063546,13.3608251275018,0.06622
CPV,Cabo Verde,2018,58.0567541,69.7019113,51.5976394,65.5147284,80.2221202,7916.42115326174,14.343668170972,3.9046765369386,
CPV,Cabo Verde,2024,59.4135423,64.2655079,55.5747674,66.8974053,79.040094,11195.1205312923,,4.11309653929944,
CRI,Costa Rica,1996,50.8789494,65.9388547,58.0001328,67.2795189,78.4200217,6568.44418634869,2.57877076272718,-0.00184254548215975,0.30221
CRI,Costa Rica,2004,56.5155667,66.4836079,64.0030745,55.5280511,77.7265223,9365.32775360615,1.00110593588162,0.144553602558879,0.37288
CRI,Costa Rica,2012,59.7703284,64.6597621,65.6806112,61.4268371,77.0920998,14463.7404448087,1.2425772572914,0.0622142560667412,0.54713
CRI,Costa Rica,2018,58.2016549,65.8900262,65.1359862,61.0056411,76.735494,21498.0350746836,0.945537295658598,0.168398038940987,0.37144
CRI,Costa Rica,2024,56.9189193,67.5792602,64.0390444,61.6036307,85.9764519,31106.7643556729,,0.179665709895736,0.33738
CSS,Caribbean small states,1996,,,,,,9314.47121838795,6.61228187514655,2.55347203675926,
CSS,Caribbean small states,2004,,,,,,14941.0002972672,5.20851232156477,0.875878810211936,
CSS,Caribbean small states,2012,,,,,,20766.9002732826,12.2406253394284,0.527706642348899,
CSS,Caribbean small states,2018,,,,,,21259.2795158966,5.50150187114763,0.607735275003614,
CSS,Caribbean small states,2024,,,,,,38624.0605441698,,,
CUB,Cuba,1996,30.9464042,38.2158848,33.8754423,47.1676152,70.3150978,,1.42702180446909,0.233317054096462,0.34736
CUB,Cuba,2004,40.0540804,37.4245814,28.7857698,43.6396514,71.0059358,,2.70599089783315,0.264874376248689,0.60231
CUB,Cuba,2012,42.1090936,41.8255063,33.0608232,57.1112083,69.9915825,,2.18752036209115,0.118863240577944,0.40716
CUB,Cuba,2018,47.2258128,42.6291721,35.5424136,47.6292922,75.5904409,,1.10185419907902,0.760617950151897,0.53691
CUB,Cuba,2024,46.0999593,46.2326046,32.1969231,43.2746338,71.2840926,,,,0.43839
CUW,Curacao,2004,,,,,,23791.197413682,,,
CUW,Curacao,2012,,,,,,25105.9924714169,0.0,,
CUW,Curacao,2018,,,,,,24623.0414302994,0.0,,
CUW,Curacao,2024,,,,,,32693.2939764893,,,
CYM,Cayman Islands,1996,86.1808297,79.6387673,74.4136253,75.4363736,77.9640044,,,,
CYM,Cayman Islands,2004,68.7456317,70.6053459,72.9233538,68.945039,84.1472722,75190.6622438904,0.0,,
CYM,Cayman Islands,2012,70.8190661,71.355526,74.7790034,72.6925465,87.0878662,64726.5305342992,0.0,,
CYM,Cayman Islands,2018,73.0481072,70.448207,71.8726744,60.0646405,82.6074581,71811.8924961984,0.0,,
CYM,Cayman Islands,2024,74.3670612,71.25189,71.8158452,60.0904465,90.8470192,88427.7866712691,,,
CYP,Cyprus,1996,74.2571364,71.7586231,69.0922801,79.0597317,74.7717181,17319.998046875,0.0147205658958886,0.236990001015236,0.20331
CYP,Cyprus,2004,74.5812721,74.1125619,73.4881788,66.3512037,71.3261492,25941.998046875,0.00877046492863859,,0.33564
CYP,Cyprus,2012,80.215801,73.5048864,71.2165864,68.2021078,79.4455839,31924.099609375,0.072728856527206,,0.43765
CYP,Cyprus,2018,68.0766854,71.6307148,69.7424712,61.2316379,77.1017013,40262.30859375,0.00469231201910547,,0.61032
CYP,Cyprus,2024,68.2497236,68.8261756,66.527046,58.6330074,72.4855218,63006.61328125,,,0.68145
CZE,Czechia,1996,64.161665,70.7022198,62.1194764,64.215906,84.75865,14780.8272150214,0.701959148878735,,0.88366
CZE,Czechia,2004,65.6983201,68.6777678,71.0324582,56.9843202,77.9667238,20988.1204818834,0.888200041529852,,1.13619
CZE,Czechia,2012,65.507341,71.26544,69.4632255,56.1627184,85.0744443,29465.6074011894,0.640579925432997,,1.757
CZE,Czechia,2018,71.2863312,74.8691789,72.9466892,60.2843098,83.7215235,41638.1831076596,0.389418621280193,,1.87652
CZE,Czechia,2024,74.2324658,77.4132754,74.2917232,66.70103,82.4960109,57285.4237001379,,,1.83369
DEU,Germany,1996,85.9133266,86.1730036,73.0815474,89.1071214,87.7215509,24169.0699436833,0.082276615808835,,2.13663
DEU,Germany,2004,81.3822575,85.7201504,77.5382371,84.1549794,77.9405873,31753.1720592803,0.138403613195226,,2.40278
DEU,Germany,2012,85.5302347,84.81126,78.5731908,81.3964995,82.4089443,44229.3941921739,0.1648561931117,,2.82499
DEU,Germany,2018,86.3768371,86.4901366,81.3517051,86.6742509,79.967946,56273.0405627017,0.0847654608298758,,3.05057
DEU,Germany,2024,81.406755,84.9456033,78.4893499,83.7515919,68.0170742,73551.9347696836,,,3.1539
DJI,Djibouti,1996,25.9462734,45.2663802,40.437656,35.3038312,52.9754132,,0.664007194070733,19.0441312995154,
DJI,Djibouti,2004,37.4144419,41.2300589,43.5210113,39.3120498,61.2836594,,0.573154706409986,9.34243402221502,
DJI,Djibouti,2012,36.3886921,42.0713801,43.9840476,36.7648976,67.8992675,3762.2819610399,0.945907199473507,10.7479842378884,
DJI,Djibouti,2018,36.329487,39.9847596,43.1939767,31.2252814,60.8259835,5083.11077030183,0.278959298930402,6.46692058370355,
DJI,Djibouti,2024,41.7537153,39.5750381,41.412989,29.8234701,56.3908861,7810.27869066792,,5.55737773688242,
DMA,Dominica,1996,66.1026449,70.4573872,66.0108016,65.962627,77.9640044,6041.21085860812,0.0276148169977592,15.7709344498044,
DMA,Dominica,2004,58.7553175,67.646573,61.2288785,59.2019747,80.519294,8232.18460901,0.0220286901534381,8.09107425619844,
DMA,Dominica,2012,63.2755427,71.5670817,63.087777,64.5887409,84.5635747,10920.9085079245,0.0414520814234463,5.02664359392049,
DMA,Dominica,2018,42.443663,67.5302768,57.3751003,58.1737351,84.8896624,15069.8972415303,0.0348243046150246,4.27905689969789,
DMA,Dominica,2024,54.238458,63.8053127,55.8063108,58.6428812,86.9758947,21300.6848698089,,7.98882793042529,
DNK,Denmark,1996,85.9359109,89.0483218,78.7777934,95.5410106,90.4751083,23722.7800836698,0.537019819498268,,1.80812
DNK,Denmark,2004,92.1610733,89.8694393,85.8814069,92.9910529,83.1183398,33015.5515892493,1.30912670625197,,2.41328
DNK,Denmark,2012,89.5815207,90.0551703,83.6007853,93.5656979,83.7172224,44755.1624273018,1.52209845823621,,2.9845
DNK,Denmark,2018,88.6832634,90.0924779,83.9270834,91.5379901,83.0073538,57233.6231685618,0.587862611976543,,2.97895
DNK,Denmark,2024,88.5349172,91.4603795,85.3127667,94.1568337,79.0280276,81878.2349849181,,,3.04841
DOM,Dominican Republic,1996,45.4496463,46.6426702,46.0362201,44.4178756,62.5763214,5160.98784878438,0.70339446524712,0.472174989827949,
DOM,Dominican Republic,2004,35.8335031,46.0778597,48.2185857,33.3098417,58.1533844,7374.8123177806,1.21413014952002,0.50766953549557,
DOM,Dominican Republic,2012,41.6009825,46.8745346,51.9465411,32.032281,66.4306599,11776.6228103557,0.446840708804603,0.447227797804591,
DOM,Dominican Republic,2018,44.4024905,47.5276274,52.5809102,30.7634121,65.9469346,17994.8382742736,0.868889463505184,0.109832083398286,
DOM,Dominican Republic,2024,52.7919493,53.8278428,58.132649,42.4808681,75.9612671,27541.6625283384,,0.576772865819527,
DZA,Algeria,1996,36.7835535,40.6857636,40.6874311,35.0880322,31.1342008,8052.76856708202,21.1719242100152,0.691458493024091,
DZA,Algeria,2004,38.1033202,46.1178298,45.2558833,30.87151,43.5847453,11431.6856715426,26.1573130077943,0.358571510104919,0.15186
DZA,Algeria,2012,38.5167643,42.8471043,37.7034704,38.6703708,43.9249937,14441.3293398806,26.2525144621236,0.0654862344536185,
DZA,Algeria,2018,45.716986,42.2739483,38.4567671,36.9544858,55.0130534,13727.1266357859,20.7172028374976,0.0759518740097888,0.47865
DZA,Algeria,2024,46.4563079,44.9726847,42.9924826,35.843598,54.0467968,17620.7423956126,,0.0828009927442537,0.44395
EAP,East Asia & Pacific (excluding high income),1996,,,,,,2675.52247242244,3.95616283219073,0.563275913368499,0.460024805480053
EAP,East Asia & Pacific (excluding high income),2004,,,,,,4748.71108380498,5.40074680175966,0.249112743067559,1.09127312539587
EAP,East Asia & Pacific (excluding high income),2012,,,,,,10521.4381327557,4.40483513578008,0.0817380515295551,1.85116850389039
EAP,East Asia & Pacific (excluding high income),2018,,,,,,14588.4749522605,1.82587903450451,0.0493171065253914,1.88271981025026
EAP,East Asia & Pacific (excluding high income),2024,,,,,,23248.0251794368,,0.0500313188579032,2.47590303547195
EAR,Early-demographic dividend,1996,,,,,,3764.02969033108,7.07662585387959,0.77771166060645,0.552068597647165
EAR,Early-demographic dividend,2004,,,,,,4945.68181089266,9.10271751372919,0.492983012080621,0.613588279021847
EAR,Early-demographic dividend,2012,,,,,,7746.79231589443,10.8068750734792,0.354283179688788,0.698557541076336
EAR,Early-demographic dividend,2018,,,,,,9604.81221760973,6.59590933129424,0.511716848818552,0.736717768999456
EAR,Early-demographic dividend,2024,,,,,,13995.4055576952,,,
EAS,East Asia & Pacific,1996,,,,,,4915.42170976628,0.933536766355975,0.103618897648989,2.17761443314041
EAS,East Asia & Pacific,2004,,,,,,7523.34416875044,1.80682002926432,0.0678667492554864,2.29927188339166
EAS,East Asia & Pacific,2012,,,,,,13656.8245476431,2.74464254515472,0.0413320223625137,2.45499343291055
EAS,East Asia & Pacific,2018,,,,,,17964.5548011966,1.49623364269318,0.0308204862369718,2.32085667275762
EAS,East Asia & Pacific,2024,,,,,,27285.2112349993,,0.0342086143668506,2.77406822897594
ECA,Europe & Central Asia (excluding high income),1996,,,,,,5519.15788630786,2.26246380306076,0.824550737537533,0.479388799159329
ECA,Europe & Central Asia (excluding high income),2004,,,,,,7549.72024693822,3.85677279173729,0.762895710242394,0.512185628430674
ECA,Europe & Central Asia (excluding high income),2012,,,,,,14029.3123919371,6.49673945498723,0.618636451507117,0.642385438142583
ECA,Europe & Central Asia (excluding high income),2018,,,,,,18319.4162646499,5.48773247025132,0.57160186579305,0.831295113919328
ECA,Europe & Central Asia (excluding high income),2024,,,,,,29333.2558966594,,2.23806108253058,0.90394553471454
ECS,Europe & Central Asia,1996,,,,,,13339.8348890306,0.806329544460261,0.0292570719045566,1.64326625360466
ECS,Europe & Central Asia,2004,,,,,,19302.9388279917,1.19594530898228,0.030424568761876,1.69134392915077
ECS,Europe & Central Asia,2012,,,,,,28531.516509994,2.48554437495063,0.0444430056462928,1.81723615382646
ECS,Europe & Central Asia,2018,,,,,,35921.0135977486,1.78949400312235,0.035306668088608,2.06378144595511
ECS,Europe & Central Asia,2024,,,,,,52463.146580384,,0.170405110225647,2.13845186931503
ECU,Ecuador,1996,35.1782163,49.9914635,47.0554923,37.0746477,50.9444758,5559.97815295478,9.06384330500035,0.985126533964218,0.07406
ECU,Ecuador,2004,33.6159515,45.3018876,42.2847101,32.1469271,50.2157047,6980.09126356362,12.5726365426945,0.552368760984919,0.06007
ECU,Ecuador,2012,45.6624591,38.4199487,39.1197898,35.4331928,54.6078078,10244.5177816184,14.5265186334151,0.171225119896342,0.33308
ECU,Ecuador,2018,47.1982412,43.7623713,41.8618752,35.3369706,64.7456762,12186.8846084388,7.0964207852671,0.386278437723332,
ECU,Ecuador,2024,47.0703248,40.3557466,44.6676535,32.1538699,53.5770067,15840.2668567412,,0.46879492506776,
EGY,"Egypt, Arab Rep.",1996,52.7489081,57.2364244,49.6951329,41.9772971,52.4281085,4434.46491059753,9.35519973587659,3.22317660729214,0.2126
EGY,"Egypt, Arab Rep.",2004,40.218153,54.812758,45.4683733,35.1085368,50.8490751,6207.12492160943,11.3771125904479,1.91260600542252,0.26994
EGY,"Egypt, Arab Rep.",2012,40.9901078,47.6764105,46.7866905,37.379554,38.7439308,10342.4317112754,10.7454978351353,0.665144850309462,0.50899
EGY,"Egypt, Arab Rep.",2018,43.4484327,44.2329876,43.1497473,38.2405904,44.3372496,12329.2446781436,7.59656355901849,0.81187032393766,0.68839
EGY,"Egypt, Arab Rep.",2024,49.4532828,44.0301801,46.9854499,31.1152849,49.1898949,19094.1449444111,,0.126798708163173,1.01757
EMU,Euro area,1996,,,,,,20904.5330192578,0.119275154656517,0.00232128849498183,1.73905385387369
EMU,Euro area,2004,,,,,,28944.09931086,0.122860210216971,0.000887803260309646,1.77598190183643
EMU,Euro area,2012,,,,,,37768.4278187025,0.216680144520865,,2.07712321864699
EMU,Euro area,2018,,,,,,47721.5392432291,0.121111947809602,,2.19232231877151
EMU,Euro area,2024,,,,,,66097.0207220176,,,2.29924641772542
ERI,Eritrea,1996,25.9462734,43.913168,32.399507,57.9760137,36.9387558,1449.05483276575,7.70881214712379,22.963218083309,
ERI,Eritrea,2004,30.5631782,36.7563827,32.7463947,43.5463035,51.8874793,1620.76402912482,3.2592329853456,24.0934508904479,
ERI,Eritrea,2012,25.5503076,30.890679,24.9713098,30.1874959,50.3067411,1742.32363018235,26.9562621368195,6.53485093309556,
ERI,Eritrea,2018,23.6565514,28.0200921,24.6876056,18.8322541,50.0762283,,,,
ERI,Eritrea,2024,23.0265068,25.940194,22.7621975,14.7976467,53.7901219,,,,
ESP,Spain,1996,77.9048112,79.5395287,68.8943031,78.4397497,69.1661005,16971.2538144573,0.0597282400578273,,0.78795
ESP,Spain,2004,74.5430276,74.9635142,76.5805475,72.8854403,66.5281616,26159.7864720491,0.0468983599455063,,1.04013
ESP,Spain,2012,68.890859,75.6138206,68.6282739,70.2356594,68.3667517,31869.7839822219,0.0730629225763844,,1.29268
ESP,Spain,2018,72.1501162,74.0378141,68.7999285,62.9450676,71.6108499,41015.1565755187,0.0630077839936006,,1.23288
ESP,Spain,2024,72.9391098,73.0011894,64.6542875,62.3193026,65.8432851,57965.2948138837,,,1.49362
EST,Estonia,1996,58.6672069,68.5528645,67.9821346,57.6907822,78.6260838,6891.85582622378,3.00258069293899,,0.56501
EST,Estonia,2004,68.3544588,70.5668782,76.9922746,66.5223398,76.4539927,14538.0273203932,1.59775319590382,,0.84566
EST,Estonia,2012,71.9079021,76.8230584,77.8688313,70.4021481,77.9251865,26242.5282659014,1.97052610513419,,2.10485
EST,Estonia,2018,75.9403274,80.4083456,77.4345494,78.1694888,79.5395993,37120.9879761677,2.01785330968871,,1.38298
EST,Estonia,2024,76.5591936,82.5475225,76.9065617,81.6444462,77.8442761,49968.7108278373,,,1.83878
ETH,Ethiopia,1996,25.109255,42.0782558,31.5904994,27.9721693,42.8449925,453.368395575231,28.6687356738762,9.36608704129237,
ETH,Ethiopia,2004,31.6625878,39.7462399,40.2433095,32.6063269,44.8066469,557.825634817804,27.810993348368,18.1800466630117,0.17917
ETH,Ethiopia,2012,43.1496229,44.0735305,40.3940748,35.4939599,38.3326332,1178.97474553026,14.9281805721075,7.50509850123161,0.60474
ETH,Ethiopia,2018,40.9791219,43.301479,41.514773,38.6140022,45.303812,2095.3175782979,6.36887574699294,5.95548979856702,0.27437
ETH,Ethiopia,2024,38.7798166,38.9119872,41.7214465,38.9918024,33.6960224,3287.53492158893,,3.9865591580784,
EUU,European Union,1996,,,,,,18358.264815244,0.172291096368739,0.00368872376485268,1.69748331032081
EUU,European Union,2004,,,,,,25910.573818836,0.210839359824072,0.00104766126377171,1.78889020457473
EUU,European Union,2012,,,,,,35114.5801591309,0.437238437614125,0.000897004942781683,2.06377099046186
EUU,European Union,2018,,,,,,45021.8469693059,0.282319440731578,,2.16898047935888
EUU,European Union,2024,,,,,,63585.4051981695,,,2.26283132761121
FCS,Fragile and conflict affected situations,1996,,,,,,2542.15469565324,18.9053956750958,,
FCS,Fragile and conflict affected situations,2004,,,,,,3453.44110417626,20.1629361722221,,
FCS,Fragile and conflict affected situations,2012,,,,,,4869.80733789079,20.2141655084573,2.0876945457896,
FCS,Fragile and conflict affected situations,2018,,,,,,5415.62986634778,15.4513454698165,3.86579372097409,
FCS,Fragile and conflict affected situations,2024,,,,,,6394.56591330945,,,
FIN,Finland,1996,83.7406382,90.1637061,74.653507,95.7261316,92.4866171,20067.4533767509,0.473774436738532,,2.45511
FIN,Finland,2004,93.3552395,90.9423063,84.6945602,94.1242934,89.292737,31195.1243346394,0.300645302149173,,3.30943
FIN,Finland,2012,95.538659,91.2349451,86.4142475,90.140642,89.342781,40739.1131809421,0.577535778021198,,3.4095
FIN,Finland,2018,93.3360502,92.2639833,84.0796451,92.0516149,83.6849655,49248.6775395866,0.563372986587861,,2.77601
FIN,Finland,2024,86.6733953,91.7521973,85.8302775,92.226018,80.1160128,65378.3841859721,,,3.0938
FJI,Fiji,1996,56.0635515,62.1484606,50.5655182,58.9726057,79.5687781,5109.30105932002,1.42317510807677,2.22728657682359,
FJI,Fiji,2004,48.4646321,55.5508976,42.5673166,53.1832677,69.0113173,6463.42456974016,0.87757995038836,2.41943460496662,
FJI,Fiji,2012,40.0909871,42.4893816,42.359842,49.5910572,63.804825,8204.46565475009,2.02960687281076,2.75461621946476,
FJI,Fiji,2018,59.7482167,53.4387605,51.7019547,54.7471307,77.8243726,12984.2072700863,1.19164257504239,2.31681657732311,
FJI,Fiji,2024,63.1811265,62.2273751,55.8892306,59.2444859,77.8248628,15450.2993265388,,3.68225335784346,
FRA,France,1996,81.0104081,81.3652642,66.2149043,76.3571549,79.8812757,21268.4888069079,0.0730726373087548,,2.23224
FRA,France,2004,81.550633,79.4059099,75.5232614,74.2420684,72.5577633,28921.2608031323,0.0406259517392784,,2.10438
FRA,France,2012,80.7574861,79.1424175,72.7880965,77.5821038,76.4037232,37671.0239268565,0.0483609619788124,,2.22761
FRA,France,2018,80.8697481,78.0557733,74.8593461,76.4426936,67.6768856,46381.0590629457,0.0429051117731693,,2.20407
FRA,France,2024,74.6869309,73.8081373,72.9392482,72.5135486,61.771486,62556.91810454,,,2.17832
FRO,Faroe Islands,1996,,,,,,,0.0,,
FRO,Faroe Islands,2004,,,,,,,0.0,,0.85253
FRO,Faroe Islands,2012,,,,,,46196.842824186,0.0,,
FRO,Faroe Islands,2018,,,,,,58933.1314753804,0.0,,
FRO,Faroe Islands,2024,,,,,,81908.7781785018,,,
FSM,"Micronesia, Fed. Sts.",1996,,72.5207113,,,,2181.63311380877,0.0171437488748058,49.6862933837337,
FSM,"Micronesia, Fed. Sts.",2004,48.4646321,71.4529214,57.3059868,53.6339354,78.6281558,2573.97301569908,0.016520240050047,35.2203964815759,
FSM,"Micronesia, Fed. Sts.",2012,37.9071923,61.3710222,42.4856049,46.9825631,84.3539664,3238.40486117851,0.0282034652210159,42.3588658864937,
FSM,"Micronesia, Fed. Sts.",2018,52.7086162,57.4966485,42.6973078,63.5519594,86.4923385,3526.87287847214,0.0165045161037463,24.5574419385579,
FSM,"Micronesia, Fed. Sts.",2024,47.7476106,73.7785486,42.8249128,62.1861902,91.5077064,4346.84249671875,,25.9144153476326,
GAB,Gabon,1996,44.8724,45.3625674,47.9452512,25.8855585,64.7956603,14146.6570728963,32.9208323547404,2.5656055781791,
GAB,Gabon,2004,29.9744113,49.1196794,45.0052755,29.7156293,65.7080723,13637.6667971195,27.4567837566907,0.608861775279836,
GAB,Gabon,2012,32.764772,48.8907392,46.5511254,33.9937869,66.994819,14619.7181445113,40.6293332424739,0.445453345073559,
GAB,Gabon,2018,36.1832563,43.6594306,42.9317816,31.2543604,59.1736205,15432.0430535353,21.16026297404,0.742566851126479,
GAB,Gabon,2024,40.3127112,37.0742145,43.4528346,28.8930255,61.1647202,21510.1725307344,,0.294781291901378,
GBR,United Kingdom,1996,83.6073145,85.4430873,82.198449,89.3625271,83.8589518,21946.6006464923,0.855025559537136,,1.5754
GBR,United Kingdom,2004,82.1533957,83.8935802,84.8756902,85.0169004,71.8461951,32051.1847283895,0.735707508866846,,1.53089
GBR,United Kingdom,2012,80.6579094,82.7552987,80.8101287,77.8666107,73.8956575,38336.5961844419,0.866071942237571,,1.57587
GBR,United Kingdom,2018,80.9891227,82.5311671,81.2780651,84.3780735,70.7215323,47212.2045190522,0.626195352812848,,2.70889
GBR,United Kingdom,2024,74.3798903,78.8208235,78.6971573,78.4145814,70.2964669,62009.4907765366,,,2.67614
GEO,Georgia,1996,25.9462734,36.4552574,38.6637923,17.5240134,31.5391475,2253.09523341327,0.462341589646357,10.2315332436576,0.33088
GEO,Georgia,2004,37.1209986,47.7428283,46.8845238,46.8677207,50.4009103,4634.77757594477,0.809468508496354,6.04338790272639,0.2442
GEO,Georgia,2012,63.2747144,60.1734842,65.7978212,58.3834353,57.3428778,10059.9820603954,1.08428994137279,3.94203126873832,0.0771
GEO,Georgia,2018,61.1018024,61.5494473,67.4982579,64.8914753,64.2740856,15021.9057577433,0.451235879680756,3.41934694821672,0.27573
GEO,Georgia,2024,60.2121471,59.5285321,65.1148903,55.5685949,55.4274855,28285.0732802982,,1.28651160735121,0.26435
GHA,Ghana,1996,50.7095473,51.9912749,44.7361677,43.5056059,55.4823806,2025.83267073248,13.7777337984918,9.59254222550776,
GHA,Ghana,2004,43.6352567,53.7090236,47.0763122,40.9916478,63.8830417,2729.34450244911,12.3974101450175,16.3419582104998,
GHA,Ghana,2012,51.7715972,59.8168199,54.6026407,47.4889132,66.4648829,4933.65254349093,15.8226771827735,4.59284354647094,0.37655
GHA,Ghana,2018,51.0707258,60.4056893,52.2002528,45.0164623,65.3470646,5536.49795400218,9.7904078745383,1.66212732274913,
GHA,Ghana,2024,52.4989455,57.8935634,53.4456524,43.9385075,66.090157,8019.99702389611,,2.08449022531047,
GIN,Guinea,1996,25.9220111,36.026284,40.0199657,36.0231607,49.1830588,1048.15823915274,15.2793753579806,5.36818863539814,
GIN,Guinea,2004,34.6425394,35.1358866,37.3759296,29.9939909,45.3910767,1366.03160239235,14.1598705167376,5.46141019605772,
GIN,Guinea,2012,27.595659,32.1064225,38.3799272,24.5053146,40.4892929,1789.97473033561,16.6316633604097,8.42435543078333,
GIN,Guinea,2018,35.0462731,37.9630097,42.2011216,25.233852,49.9997455,2844.46427670549,13.7023759938136,5.60156014926226,
GIN,Guinea,2024,34.0710252,37.2080174,40.7989887,24.0821006,48.1677456,4565.3007888456,,2.59696445733549,
GMB,"Gambia, The",1996,39.9402901,62.3058319,35.9206359,42.2695505,72.4961312,1488.80055397191,2.69758762305267,4.33342730974642,
GMB,"Gambia, The",2004,38.284278,44.8182927,44.9038195,39.8348623,64.2704114,1978.63262689984,2.5497949802114,6.51674965249698,
GMB,"Gambia, The",2012,40.125823,44.3451808,47.8235164,32.265925,62.1123322,2064.81438121612,5.78123297887422,10.0290468753463,0.0848
GMB,"Gambia, The",2018,41.5729578,49.0647515,43.6366805,39.39504,63.9221602,2277.44236224191,2.72252448983926,14.2633450361374,0.06933
GMB,"Gambia, The",2024,40.9219001,50.1803647,44.390045,41.0895318,65.5861507,3475.61245701341,,14.6082119833504,
GNB,Guinea-Bissau,1996,25.9220111,24.6606385,33.532376,27.4043477,35.445906,1052.05187958949,24.170858967761,26.4161921517361,
GNB,Guinea-Bissau,2004,21.5344291,35.3674962,31.8437663,24.8802749,57.2227224,1105.34322841441,14.1311490985512,13.5968713930218,
GNB,Guinea-Bissau,2012,27.7527609,30.0251872,33.9119957,20.6607691,48.1502318,1401.84994044148,17.1198567468218,7.89817733089944,
GNB,Guinea-Bissau,2018,27.3204445,37.4490481,35.1106773,15.5451504,54.8021913,2057.96969129146,9.88886799180997,10.219563125006,
GNB,Guinea-Bissau,2024,24.7485606,35.7124503,36.0897781,20.6093313,55.3304569,3119.37157047437,,8.82888775801468,
GNQ,Equatorial Guinea,1996,24.8609548,31.3602008,28.3893615,19.2066314,62.494217,1793.19296806024,68.668339724923,16.4423141550876,
GNQ,Equatorial Guinea,2004,24.621634,34.1521693,29.8652952,19.4188417,57.7121991,19354.2120821557,56.289114416548,1.96765310600035,
GNQ,Equatorial Guinea,2012,25.6600749,35.0640526,29.2187963,22.2853607,64.5671495,30011.9274409625,39.0027634245776,0.0973454778024562,
GNQ,Equatorial Guinea,2018,32.1944439,28.9572889,31.2711044,17.1047849,59.3885122,18413.1294204577,27.8023533090755,0.0670548013291945,
GNQ,Equatorial Guinea,2024,28.3476973,30.4540727,32.7978063,18.0370999,63.4869552,17566.7600284073,,0.134340803839839,
GRC,Greece,1996,61.2174263,74.0627507,60.6372278,62.1130656,77.0563736,15778.4020297225,0.0726895930137926,,0.44268
GRC,Greece,2004,64.3124359,72.7364354,66.8032067,57.5431586,73.9641718,24825.5735347512,0.159020771049669,,0.54073
GRC,Greece,2012,55.7531725,62.917471,57.1437336,47.3900535,63.1118416,24582.9741957507,0.234074144784244,,0.71953
GRC,Greece,2018,57.9494834,61.7795957,59.3859975,52.7293027,71.8955182,29792.0592519585,0.107923693978732,,1.2066
GRC,Greece,2024,55.0595965,62.0986924,62.4275979,53.9208369,68.2759168,44327.2097808276,,,1.4943
GRD,Grenada,1996,66.1026449,63.7351601,60.4089208,65.962627,77.7021691,5346.72504062929,0.0,3.3711563503141,
GRD,Grenada,2004,60.6342262,62.3487502,56.6531825,59.2019747,76.7645447,8605.82398540487,0.0,2.92244430676511,
GRD,Grenada,2012,62.249301,63.59475,58.5051084,58.3018782,72.313903,10575.1056268616,0.0,1.00050356053721,
GRD,Grenada,2018,48.3347558,64.221791,52.5309164,56.289143,81.5431104,15974.8591933124,0.0,3.01362314224612,
GRD,Grenada,2024,51.7321666,66.2736735,55.6495397,57.5505326,86.37974,20177.8094927386,,3.21426435015145,
GRL,Greenland,1996,,,,,,23502.0727206909,0.318340880243805,,
GRL,Greenland,2004,,,,,,35604.3390646877,0.224900454263183,,0.64608
GRL,Greenland,2012,60.3736122,84.9837973,78.5295055,68.5304842,95.8365529,52389.325351824,0.353875743048762,,
GRL,Greenland,2018,60.7547014,84.9856406,78.6636289,70.3307339,95.9157057,61806.8271308174,0.0,,
GRL,Greenland,2024,77.6453074,84.0628905,78.5750077,77.8679831,87.084438,78840.5978395988,,,
GTM,Guatemala,1996,32.9658951,38.443634,46.643546,32.1112595,41.5743537,4143.14829389051,1.38934546996865,1.18381844334445,
GTM,Guatemala,2004,34.0418125,41.5842466,49.1243242,35.8246135,49.8931273,5263.446549119,1.45629547212597,1.00792204085786,0.03556
GTM,Guatemala,2012,37.8801126,40.422741,47.5254586,32.2842052,53.6642168,7258.31667467883,2.18105907544831,0.627740125789485,0.04543
GTM,Guatemala,2018,36.4630344,40.0835439,48.700401,28.1792179,54.2170508,9946.80252245268,1.19385178218072,0.556086476225846,0.02938
GTM,Guatemala,2024,33.6586778,40.4032981,49.9827169,28.6604826,62.3112389,14368.6605681815,,0.43638392080902,0.00609
GUM,Guam,2004,56.5770312,68.4764662,60.9274094,54.3994884,71.3897389,,0.0,,0.25518
GUM,Guam,2012,45.8874323,74.9156409,63.7784327,65.1936875,79.0912449,,0.0,,
GUM,Guam,2018,66.2771005,81.3040491,53.6961704,71.6026897,81.8976066,,0.0,,
GUM,Guam,2024,76.0226009,74.772169,61.0412254,71.6636167,82.8521298,,,,
GUY,Guyana,1996,46.4967223,56.4684363,45.4873021,46.0805497,57.8253288,5209.99477155294,29.7871121101737,13.5930223234281,
GUY,Guyana,2004,50.9954774,49.2314113,48.1187889,42.4313957,56.60738,6672.82299438544,21.1992807952769,13.40577811739,
GUY,Guyana,2012,50.9595021,47.0717434,45.0077973,34.1575875,57.743209,10626.8256674463,16.5328031367272,2.81183233058028,
GUY,Guyana,2018,49.6879293,49.9038885,47.5344956,40.4081693,65.1928502,12442.5087185876,6.60863781746129,2.22195097477101,
GUY,Guyana,2024,49.4302941,51.212513,47.8053366,40.8333306,69.5925307,80155.03939277,,1.03606001670447,
HKG,"Hong Kong SAR, China",1996,82.37553,74.3669688,76.4809226,76.0730407,78.4690988,25098.1950233633,0.00147708433810758,0.00833658476899171,0.4283
HKG,"Hong Kong SAR, China",2004,80.7624735,81.6423857,87.6334572,81.7688952,83.5372301,34532.2491577194,0.00102021918538856,,0.72176
HKG,"Hong Kong SAR, China",2012,87.9288685,81.7140408,86.3935838,80.848045,81.9298737,52149.6812694206,0.00233967746770346,,0.72733
HKG,"Hong Kong SAR, China",2018,89.0713485,82.4414821,89.7837169,82.5743402,78.9065466,60900.2752924537,0.00106133601917033,,0.8633
HKG,"Hong Kong SAR, China",2024,83.1791513,72.8154308,82.3038683,79.6777038,76.6745657,75195.9865970615,,,1.12597
HND,Honduras,1996,28.3933558,40.8861254,39.231811,25.5466201,55.4256168,1617.38460343469,1.96802150042667,5.25881909639313,
HND,Honduras,2004,36.8495679,42.8684267,45.9841303,27.8174511,55.3012132,3001.29671320439,1.17065229457115,6.41270311769477,0.04155
HND,Honduras,2012,37.9599323,36.4162734,48.8616133,25.6796455,57.1544917,4016.34609101801,1.63060548730794,3.28283002323091,
HND,Honduras,2018,41.0906042,38.14234,47.3012994,28.2290627,51.1298505,5633.3832384519,1.07184110988038,2.99904399429131,0.06394
HND,Honduras,2024,39.2915482,36.7110928,44.9578114,22.6603858,56.2064218,7486.01869616445,,1.734300280415,
HPC,Heavily indebted poor countries (HIPC),1996,,,,,,1183.95263695291,10.7710905971185,10.3288420726093,
HPC,Heavily indebted poor countries (HIPC),2004,,,,,,1542.63917263365,9.27245068030099,10.9616935276034,
HPC,Heavily indebted poor countries (HIPC),2012,,,,,,2107.54135555838,11.8850768249789,7.41322597432239,
HPC,Heavily indebted poor countries (HIPC),2018,,,,,,2694.07640998235,7.85340300252182,5.32976868740695,
HPC,Heavily indebted poor countries (HIPC),2024,,,,,,3611.76258813976,,,
HRV,Croatia,1996,44.8229208,45.3489916,50.0828323,33.1265627,62.5411795,8805.63673873266,0.846736297291088,,
HRV,Croatia,2004,58.5218182,59.5851071,60.804878,53.2424661,75.9652881,14686.110676691,0.662508301948664,0.291061447787935,1.02048
HRV,Croatia,2012,59.1426463,61.5719296,58.1187954,49.7671768,77.2554101,21618.825625842,1.2944420673614,0.264273056375812,0.73545
HRV,Croatia,2018,60.9216088,61.3604135,61.1018571,48.3592182,79.0287809,29789.1305400916,0.773060031000923,,0.94608
HRV,Croatia,2024,65.1411148,63.4614669,59.3714688,50.8643651,75.8257878,49550.7921506017,,,1.38621
HTI,Haiti,1996,25.0165964,32.962309,32.2496533,28.3091868,48.7767336,2069.61454132124,0.942847807917707,11.3377474392856,
HTI,Haiti,2004,14.4282056,28.380985,30.8461814,19.5698435,34.0065369,2322.19786798691,0.415056574952732,4.61008926957598,
HTI,Haiti,2012,20.2365991,33.2761927,35.5313894,20.451917,46.7528476,2830.19080559709,0.493447395435744,9.25163996919454,
HTI,Haiti,2018,17.2801048,36.802862,35.2778701,18.7555731,52.79648,3196.97386370614,0.44034486815939,6.18150331039339,
HTI,Haiti,2024,12.147424,29.3691461,31.7826473,16.6757919,45.3741882,3193.67136419915,,5.42767629221563,
HUN,Hungary,1996,67.1599252,71.8662295,61.862847,66.2955982,83.6607916,9387.57595434635,0.755257320956188,,0.62791
HUN,Hungary,2004,66.8232636,71.4069103,74.0330924,60.1875269,79.7547762,16250.6523854316,0.449426242668097,,0.86077
HUN,Hungary,2012,59.7453351,66.7079804,66.9704547,55.6152152,78.0597041,23205.310668404,0.61841992081818,,1.25758
HUN,Hungary,2018,63.5105529,62.8108111,61.8347171,50.6715848,77.1961301,32258.2577892511,0.347622949150536,,1.50196
HUN,Hungary,2024,61.0995877,60.2749551,60.146918,48.6530989,73.3475875,48552.4708092529,,,1.37748
IBD,IBRD only,1996,,,,,,3807.8313572296,4.57361939948596,0.374189853315124,
IBD,IBRD only,2004,,,,,,5797.01041028498,6.85177843280048,0.298368393461381,0.791452965680231
IBD,IBRD only,2012,,,,,,10711.6274942837,7.23289614356411,0.118474188663156,1.17515544727966
IBD,IBRD only,2018,,,,,,13717.0427142915,4.09584169570653,0.0940525213035286,1.38897622862089
IBD,IBRD only,2024,,,,,,21125.5295962749,,,1.87406846206261
IBT,IDA & IBRD total,1996,,,,,,3345.21241049585,5.2601512687344,0.688226211982652,
IBT,IDA & IBRD total,2004,,,,,,4978.66222457708,7.00527567113276,0.649617083806939,0.782519566968283
IBT,IDA & IBRD total,2012,,,,,,8874.52148895672,7.41074007635681,0.341024139266661,1.17062081783899
IBT,IDA & IBRD total,2018,,,,,,11229.9611036069,4.20794632636995,0.333484156050843,1.37688671002638
IBT,IDA & IBRD total,2024,,,,,,16789.1368628921,,,1.83590612524276
IDA,IDA total,1996,,,,,,1645.06910123607,12.155353725429,4.36418059963189,
IDA,IDA total,2004,,,,,,2252.49125475365,8.74695488247632,4.37257325924998,
IDA,IDA total,2012,,,,,,3356.23243740909,9.80369472646145,3.34473452361544,
IDA,IDA total,2018,,,,,,4252.99729813069,5.63568609877712,3.38058101226323,
IDA,IDA total,2024,,,,,,5710.14462861054,,,
IDB,IDA blend,1996,,,,,,2577.49039971748,14.4603957047395,,
IDB,IDA blend,2004,,,,,,3396.35606373847,9.43757432368817,,
IDB,IDA blend,2012,,,,,,4882.99438954339,11.0480406650875,1.05856108044831,
IDB,IDA blend,2018,,,,,,5808.87282952887,6.71877434554955,1.05513133200683,0.239452283528228
IDB,IDA blend,2024,,,,,,7631.62285195617,,,
IDN,Indonesia,1996,46.363558,47.9494566,53.8127039,30.9800552,43.8598394,4807.0926728128,6.42800323693652,0.478121385968773,
IDN,Indonesia,2004,36.5108219,43.7127993,46.9476063,24.2889306,37.5932613,5700.04949535761,9.12075209301056,0.0398137978902738,
IDN,Indonesia,2012,46.3417399,50.3345898,52.0354682,32.2195861,55.6578565,9530.29071136718,5.94561486320563,0.00773674381148415,0.0847
IDN,Indonesia,2018,56.2687851,53.183197,56.0213415,41.0105675,56.6224801,11372.0971987612,4.21663374449654,0.0952018789066375,0.22632
IDN,Indonesia,2024,54.8365911,53.4090118,56.8298066,36.8309801,55.4895207,16448.2755179559,,0.0865279546474839,
IDX,IDA only,1996,,,,,,1149.12007189606,8.60883968446792,7.53736687119483,
IDX,IDA only,2004,,,,,,1636.85503488076,8.03196003355674,7.89163888606948,
IDX,IDA only,2012,,,,,,2519.69755296072,8.44847535703617,5.69601271005666,
IDX,IDA only,2018,,,,,,3414.26345136,4.67388744522673,5.38903624459799,
IDX,IDA only,2024,,,,,,4697.56142203104,,,
IMN,Isle of Man,1996,,,,,,,0.0,,
IMN,Isle of Man,2004,,,,,,,0.0,,
IMN,Isle of Man,2012,,,,,,,0.0,,
IMN,Isle of Man,2018,,,,,,,0.0,,
IND,India,1996,46.5810646,60.7249582,44.7906248,42.5028747,49.3996415,1694.73980804852,2.48487036956728,0.489232998546235,0.63905
IND,India,2004,47.5436428,57.9545737,51.6335131,40.0015088,48.2325224,2681.86116841254,3.16931675641458,0.110528732711407,0.7569
IND,India,2012,49.6146448,54.7121529,48.9627586,37.6735825,46.1265951,4819.64288218731,4.02383769335832,0.0931164294000045,0.74399
IND,India,2018,61.0922301,57.3146728,52.4093503,43.6453089,54.3030106,6714.96639877754,2.25531632110711,0.0920717165660618,0.66001
IND,India,2024,59.2076282,56.2895569,53.3476378,41.8767696,52.4723123,11159.9856476091,,0.0662234066482821,
IRL,Ireland,1996,79.7981474,82.9984893,75.9953032,86.0090959,89.6978596,20481.5733736688,0.126237068936823,,1.27156
IRL,Ireland,2004,77.2149276,82.8328432,82.316875,72.824659,83.9944943,38729.2468204554,0.0549131558913933,,1.17778
IRL,Ireland,2012,78.0174096,83.2563797,78.8655172,76.2653231,82.0433844,46726.2157665366,0.058557220023201,,1.5455
IRL,Ireland,2018,79.6806257,83.264658,80.8634503,79.2975839,82.7292175,86299.3420216976,0.126075695067046,,1.08244
IRL,Ireland,2024,82.6755532,84.3524795,83.1635984,79.686442,78.0218154,133437.470117019,,,1.58829
IRN,"Iran, Islamic Rep.",1996,46.0878787,40.2832173,28.4233237,38.9663992,62.3500944,9915.58939391696,20.9894625885333,0.13725036413033,
IRN,"Iran, Islamic Rep.",2004,38.3297906,40.47533,35.3940235,34.7800046,54.57709,14425.4169992792,27.2443648124195,0.100638782779816,0.50453
IRN,"Iran, Islamic Rep.",2012,40.9877064,40.0291598,35.1684023,27.964686,44.3202176,17021.3716792921,21.1187189284557,0.0234160110952402,0.29435
IRN,"Iran, Islamic Rep.",2018,46.0373048,40.287143,34.4704144,28.7856927,49.3491312,15324.0674634637,34.2395948033408,0.0402166094506368,0.78829
IRN,"Iran, Islamic Rep.",2024,37.6106029,35.7129133,31.0266001,24.6329658,38.8851649,19873.8860853805,,0.0527234599960228,
IRQ,Iraq,1996,15.8659159,29.1245734,22.91357,15.0390594,40.9564746,5034.47628349469,36.4781663325503,3.35327572731876,
IRQ,Iraq,2004,20.4960932,26.7331325,29.9496439,24.4277936,17.3429113,9289.7422464959,64.7757532260062,12.6774354242129,
IRQ,Iraq,2012,29.624732,31.9528014,38.8694626,22.1909461,32.1338725,14402.0340893955,49.8510176490635,0.593843342065073,0.03476
IRQ,Iraq,2018,30.4485245,32.3181279,36.5493163,17.962609,28.7944333,12034.4011214944,46.1477869076682,1.01971245441517,0.04279
IRQ,Iraq,2024,29.9154103,33.5897975,38.6096174,23.4634646,30.6332522,14464.3186928173,,0.743907468076095,
ISL,Iceland,1996,76.5657424,84.1153556,66.1377616,84.296743,91.2341207,24776.2989322945,0.0,,1.79808
ISL,Iceland,2004,89.4625486,88.4221723,83.1028879,87.4240034,86.3989294,35612.4400297798,0.0,,2.67969
ISL,Iceland,2012,79.9801881,86.0691989,73.5464085,84.7818536,86.9333837,42004.4476110597,0.000359195529289947,,1.69237
ISL,Iceland,2018,82.1325789,86.9248531,77.578298,86.0467269,88.0295612,57197.7676247175,0.000196537396162221,,2.00081
ISL,Iceland,2024,83.3448105,84.9818181,75.8432588,84.8729102,86.4880288,84256.8454573112,,,2.64005
ISR,Israel,1996,77.8228585,77.2902016,65.9521367,81.6080539,49.1880432,21671.6202057464,0.00324588481253552,1.95463364360345,2.4753
ISR,Israel,2004,78.1354736,72.1334412,68.6888567,64.4978159,49.7469498,26077.5034831211,0.0355017759427314,,3.74703
ISR,Israel,2012,76.6177279,71.9609418,72.3139966,63.1545513,52.6229464,32483.7421872738,0.270058995740021,,4.06028
ISR,Israel,2018,78.5109493,73.0600534,73.2135495,62.8305511,60.0064425,40189.9909957069,0.243287805206997,,4.91965
ISR,Israel,2024,74.1410108,67.2862738,72.4302177,65.1273135,48.1722073,57235.7763244136,,,6.34589
ITA,Italy,1996,65.4922018,72.9118916,63.2248338,61.9340535,85.0536407,23100.7866507594,0.0801352460559249,,0.94421
ITA,Italy,2004,58.4035324,68.7093563,70.6363196,57.3093831,72.1439718,29580.8439042327,0.077743539369532,,1.04662
ITA,Italy,2012,59.2562888,66.36478,62.4679176,51.0646187,73.954811,36281.1014243506,0.169645844218462,,1.25559
ITA,Italy,2018,59.8004841,64.1711434,63.6990094,52.8685098,72.2549458,43386.7005868803,0.0992013245530201,,1.41934
ITA,Italy,2024,66.7457636,67.6216519,64.9588526,59.0516772,71.1675431,62014.2675153689,,,1.37935
JAM,Jamaica,1996,50.7095473,54.1061761,55.9169931,50.1307472,60.0347125,6706.10756669651,2.79642441236809,0.870530466534775,
JAM,Jamaica,2004,50.0391233,53.1957815,57.8960682,41.1902476,60.0840596,7853.86424340999,1.88693412740829,0.904393341746839,0.06096
JAM,Jamaica,2012,54.3319818,50.8374797,54.8286736,42.9847082,66.7111278,8830.6507947905,1.83117834623622,0.192078778447544,
JAM,Jamaica,2018,61.0608922,54.5386122,57.1862171,44.316923,68.7885972,10752.7406650924,1.72957545790371,0.616911402599475,
JAM,Jamaica,2024,54.6705042,55.6279602,56.2960749,45.9061284,74.0392932,12890.2660051472,,0.408973946873009,
JOR,Jordan,1996,55.2475463,60.9236678,49.219776,51.2175657,61.6332975,5054.74838570906,0.168204730106275,7.68240258037133,
JOR,Jordan,2004,52.3081627,58.8274455,60.5834694,49.2234386,60.0976155,7073.8458160703,0.127634442261952,5.17422625730433,0.33689
JOR,Jordan,2012,55.6249975,60.0323823,57.7324192,49.7745042,55.6866151,9738.53746926194,2.90847924194887,3.70439490298843,
JOR,Jordan,2018,53.0879709,59.4753441,56.2049697,49.3577169,60.3867267,9042.39781871198,0.719072817629181,5.85137055802038,0.69547
JOR,Jordan,2024,55.5444973,59.8652904,59.215868,53.3644396,59.9129515,10821.4909765317,,5.58513213621191,
JPN,Japan,1996,73.2135466,80.8315,60.7316703,72.2621204,88.4939143,24999.4894445723,0.0191130017731665,,2.64303
JPN,Japan,2004,76.9455404,76.9052894,71.1776215,65.8529421,82.8497418,30831.5079104998,0.0134382291172672,,2.98125
JPN,Japan,2012,76.899252,80.1716864,77.4084383,78.023096,82.387015,37605.9742614539,0.0200901706635674,,3.1737
JPN,Japan,2018,86.8238668,82.559088,76.3835577,76.0098891,85.330928,42141.9352987758,0.0367554022408906,,3.2192
JPN,Japan,2024,91.9378443,82.9799844,75.8330279,75.322857,85.270442,52039.1716551611,,,3.44125
KAZ,Kazakhstan,1996,24.8609548,32.5212073,44.3282935,22.7065385,59.8694976,5836.07198360121,10.3991875099853,0.569083005116058,0.29337
KAZ,Kazakhstan,2004,33.3414778,40.3586122,41.6348267,24.352491,64.3798839,11777.1119570134,28.2540580317544,0.673764411844739,0.24837
KAZ,Kazakhstan,2012,39.2857733,45.8971783,49.5739106,29.377788,59.1921916,21367.2180595372,21.9826967680593,0.0733020031487019,0.16525
KAZ,Kazakhstan,2018,49.3256814,50.5881586,55.7345603,37.635571,64.0387063,25096.1285862615,20.7829646926253,0.0508557549627264,0.11683
KAZ,Kazakhstan,2024,54.1941626,50.3980061,55.6049145,46.4968168,61.0644717,40890.9317694408,,0.0336197721554263,0.16242
KEN,Kenya,1996,46.0878787,41.8843996,44.0582363,27.217824,45.5463058,1875.29830948115,5.49076257603273,5.0445159243037,
KEN,Kenya,2004,37.3109064,44.4093853,48.5824198,29.744014,49.8096085,2066.31540638632,4.12367812938474,4.11147397402981,
KEN,Kenya,2012,42.2287774,43.429425,46.7845851,28.1203879,40.3888599,2847.27068286846,2.90888320855534,5.28750697266849,0.69222
KEN,Kenya,2018,44.6331802,48.1747412,50.1415335,30.9703838,46.7693279,4411.56104120886,1.36132463517161,2.74303239010294,
KEN,Kenya,2024,45.5482916,48.969788,49.6019443,31.6245639,42.7371819,6644.13093243895,,2.45692145849575,0.81069
KGZ,Kyrgyz Republic,1996,46.0244582,42.394098,44.1928281,29.9886714,57.5685719,1505.44883738041,0.768717273701564,11.4211696192373,0.1939
KGZ,Kyrgyz Republic,2004,40.5248824,46.0945438,50.2288883,25.169241,46.7434629,2343.43044015004,3.41530119102061,9.79946638779272,0.19926
KGZ,Kyrgyz Republic,2012,33.9830877,40.8796043,46.9893202,24.3779043,50.9318013,3588.67988824025,3.5809218517523,7.31047898751843,0.1661
KGZ,Kyrgyz Republic,2018,40.8044874,45.0519262,49.3391089,26.7106743,60.363986,4777.94175395575,4.67048081477686,5.47290098332556,0.10107
KGZ,Kyrgyz Republic,2024,34.0644026,40.8538794,46.712967,24.8510339,57.2762971,8012.45464442194,,2.93941682287838,0.05269
KHM,Cambodia,1996,30.9786366,35.4658881,49.3793985,29.5512923,43.4761491,1006.09032458209,8.26618207665232,11.2370747343871,
KHM,Cambodia,2004,30.6118874,35.7428582,48.4279387,27.5041971,53.1828317,1769.76235025244,3.20411639282305,7.17950093750033,0.0474
KHM,Cambodia,2012,37.7112141,38.3672908,46.7162238,24.8312539,59.4519174,3583.48229739437,2.30628839011523,4.71028563639439,
KHM,Cambodia,2018,41.9076886,35.9827479,45.5449009,18.9374757,64.0932632,5616.98087023303,0.878243793336486,2.46194699258322,
KHM,Cambodia,2024,45.6336334,38.7857123,44.9051569,22.8998654,68.0880671,7966.87352428705,,3.82098934230465,
KIR,Kiribati,1996,,72.5207113,,,,1519.24614686845,0.0706208300301358,11.9613604145023,
KIR,Kiribati,2004,46.842155,66.5640283,47.5734274,56.6961516,79.9771855,1578.83869125735,0.0451763817247018,9.63059568123727,
KIR,Kiribati,2012,38.0226781,63.1122583,36.2540879,50.7976227,92.2888719,1896.32489937688,0.0589178981070894,21.5472743728443,
KIR,Kiribati,2018,43.3328536,61.8794178,44.1811604,52.9596089,82.2220118,2671.76272781707,0.0420866204186192,19.818205797739,
KIR,Kiribati,2024,42.8957403,70.4924953,46.9544291,55.436614,87.0442125,3702.32594703115,,20.0834445613624,
KNA,St. Kitts and Nevis,1996,,72.5207113,,,,12498.0941233961,0.0,2.14539994811373,
KNA,St. Kitts and Nevis,2004,55.6237959,69.4125116,55.78448,50.9040082,85.9387904,17275.8639872488,0.0,-0.0174502741324861,
KNA,St. Kitts and Nevis,2012,76.0047104,73.5399377,74.9822008,74.6674341,81.7788673,23457.8938878076,0.0,2.71463373681729,
KNA,St. Kitts and Nevis,2018,66.2771005,69.7384789,62.5007726,56.0161595,77.2346133,30794.8986482634,0.0,,
KNA,St. Kitts and Nevis,2024,64.7837862,67.1267598,62.4326905,54.9008834,81.4750915,34846.6035342828,,,
KOR,"Korea, Rep.",1996,64.8696413,70.4775289,58.1774635,60.4804745,77.1224486,15163.5567633709,0.0229053691928052,-0.0236703584451095,2.14233
KOR,"Korea, Rep.",2004,68.1376522,72.0320839,67.5726359,55.5141634,74.8219568,24658.1761189212,0.0311351033627051,,2.35292
KOR,"Korea, Rep.",2012,77.2653285,74.5012278,69.5122447,58.4904281,74.4220663,35061.5531929083,0.100818097512262,,3.6852
KOR,"Korea, Rep.",2018,78.2996628,76.0698578,69.9547702,58.8116187,80.7641604,45511.0803506331,0.0471215171527114,,4.27155
KOR,"Korea, Rep.",2024,80.2483639,76.19689,70.8498709,65.0511972,76.8155059,61051.3492502498,,,4.94352
KWT,Kuwait,1996,51.2867936,70.5085098,53.0305912,61.5821767,71.5401355,56912.696135714,41.179195330857,,0.20538
KWT,Kuwait,2004,53.8217338,65.6078705,59.7492953,56.1066675,69.1019847,77226.6367623393,46.8824794495593,,0.1301
KWT,Kuwait,2012,51.8888854,62.5974414,57.2397468,45.1070715,67.5542363,82089.726133145,58.1449073185752,,0.09721
KWT,Kuwait,2018,53.8322783,56.6589588,55.1557034,42.293308,69.9272242,51370.7320595252,45.1522896110691,,0.06329
KWT,Kuwait,2024,57.7161007,60.9374037,61.2267699,52.2744755,70.9153025,52443.5969223626,,,0.08954
LAC,Latin America & Caribbean (excluding high income),1996,,,,,,7629.21730120416,2.23583562643617,0.303501947652213,
LAC,Latin America & Caribbean (excluding high income),2004,,,,,,9685.81027227044,3.80208093366476,0.316091227118364,0.564507512345505
LAC,Latin America & Caribbean (excluding high income),2012,,,,,,14244.8484895116,5.1560681388143,0.179095460771263,0.741983131183761
LAC,Latin America & Caribbean (excluding high income),2018,,,,,,16248.3464217808,3.3444644690755,0.211540617566769,0.671867235368651
LAC,Latin America & Caribbean (excluding high income),2024,,,,,,21961.1900211742,,0.185066499181032,0.696712396676236
LAO,Lao PDR,1996,35.9853648,35.9087504,32.9296349,33.0690484,66.5079627,1434.80867182545,8.5244887824244,13.3111117890996,
LAO,Lao PDR,2004,31.6481953,32.7017269,34.1123085,25.3455468,57.1151186,2315.43379527395,6.13767807292974,10.177923976176,0.0371
LAO,Lao PDR,2012,35.0534401,41.5181369,41.499112,24.6825637,64.6506973,4780.94733000167,12.1203041098296,4.28512216795288,
LAO,Lao PDR,2018,38.7184124,42.1980216,42.3607158,25.3842891,70.4235369,7486.86452700433,3.8787583779558,3.39214245499786,
LAO,Lao PDR,2024,40.025976,44.1871968,44.8317236,28.0202267,75.4201168,9775.82817381023,,3.50571492639941,
LBN,Lebanon,1996,46.0268926,52.9708101,47.7326682,35.0421567,53.7431833,7559.75652394338,0.00887618405007525,1.66977679097382,
LBN,Lebanon,2004,48.2847886,52.2572681,50.942247,33.6122785,52.4130477,9609.01282633629,0.00145705625851701,1.31073384177353,
LBN,Lebanon,2012,46.2831045,48.0219687,49.1526166,28.855941,38.9185167,16121.335238646,0.00190477725937707,1.62415190864785,
LBN,Lebanon,2018,41.624502,43.6825773,47.442952,23.1423367,45.1470729,21985.4884702241,0.00106750721286952,2.64422640246218,
LBN,Lebanon,2024,29.3664046,38.2850305,39.7399015,21.457146,42.1564246,12574.8329116403,,8.81329351538091,
LBR,Liberia,1996,11.9037321,19.8472832,16.9007995,17.6055362,21.7827489,282.231676514107,,78.8007779079185,
LBR,Liberia,2004,19.0424874,30.9826169,26.606486,22.6183704,40.8665947,745.397861816656,19.7880546295418,29.2040884737327,
LBR,Liberia,2012,34.1994413,42.6182364,38.151005,38.2761872,59.2714229,1156.95319448003,26.7116015359801,22.402586627864,
LBR,Liberia,2018,28.051983,42.6621031,41.2373742,27.9025323,65.5773981,1799.72751397748,14.0250297312743,19.8929132854865,
LBR,Liberia,2024,27.1075325,42.0257511,41.5860693,26.6541519,61.9904106,1871.04406164262,,13.6663096374408,
LBY,Libya,1996,30.3691579,35.1803969,27.6394825,33.1281496,51.4563875,19392.4869635413,31.8950825846373,0.0130297821906599,
LBY,Libya,2004,27.4925085,37.5221558,33.0821587,25.2597024,65.6983682,23813.4011504496,55.8476922630083,0.0508876864337293,
LBY,Libya,2012,24.1596226,39.1000916,33.6144442,25.312213,38.9983835,26826.0729756733,59.1030408512754,0.0961495307332879,
LBY,Libya,2018,21.172047,29.9700424,22.3305226,17.1683899,26.8814768,18879.3151301984,31.6168598912657,0.390672294656074,
LBY,Libya,2024,23.7399254,27.7407193,27.4345991,16.8529802,33.4995362,14303.8087736988,,0.778388975005509,
LCA,St. Lucia,1996,,72.5207113,,,82.3012517,8489.82689868823,0.0114865782856756,5.41642502465864,0.57395
LCA,St. Lucia,2004,54.3711907,68.6556795,56.6015689,52.0894314,84.2117227,10610.2966894155,0.00923644702272921,-2.17218427717637,
LCA,St. Lucia,2012,67.4873897,71.3462615,63.8654973,71.5293647,79.9500514,13443.4262512467,0.0164637996812387,1.71760811927733,
LCA,St. Lucia,2018,55.2415828,68.4277031,59.5005216,57.0353896,80.7467731,17433.3010328737,0.0120179605482605,0.436932927319386,
LCA,St. Lucia,2024,56.5559402,65.6263169,57.7308058,56.9490008,83.6293392,27567.3280779839,,1.60683584193309,
LCN,Latin America & Caribbean,1996,,,,,,7837.48109232937,3.02598106459059,0.268294471856786,
LCN,Latin America & Caribbean,2004,,,,,,9937.2186769218,4.80946184629627,0.270278221244799,0.55592988039945
LCN,Latin America & Caribbean,2012,,,,,,14689.6911199798,6.00481904838201,0.152868992586649,0.680400758148014
LCN,Latin America & Caribbean,2018,,,,,,16898.4425810925,3.34878319404008,0.184193019804196,0.638189976830421
LCN,Latin America & Caribbean,2024,,,,,,23104.5519806078,,0.162057201204233,0.682501882174588
LDC,Least developed countries: UN classification,1996,,,,,,1096.6853797121,11.1818530397174,7.54874813434801,
LDC,Least developed countries: UN classification,2004,,,,,,1567.33880654001,11.4816832079814,8.32520015027441,
LDC,Least developed countries: UN classification,2012,,,,,,2409.45907695783,13.2872779976706,5.11484067479398,
LDC,Least developed countries: UN classification,2018,,,,,,3241.55828521514,7.2392436321201,4.88062266564932,
LDC,Least developed countries: UN classification,2024,,,,,,4463.99564225243,,,
LIE,Liechtenstein,1996,76.1417363,80.5407252,80.0155046,75.4363736,87.2499382,,0.00727531598244424,,
LIE,Liechtenstein,2004,77.6692702,68.1994599,75.4130839,70.4761471,85.4818525,,0.0068004142295357,,
LIE,Liechtenstein,2012,84.6633523,84.3257564,82.3360105,83.4885795,93.9106315,,0.00655238694776474,,
LIE,Liechtenstein,2018,84.8531648,85.0525747,80.9797361,88.7039141,91.611607,,0.00327838093890037,,5.86833
LIE,Liechtenstein,2024,84.262401,86.696949,79.0872808,83.3795282,92.9235285,,,,6.00984
LKA,Sri Lanka,1996,45.4496463,59.0367121,50.439443,49.693196,33.5837997,3581.65276595779,0.353077482876767,2.53738663935396,0.18356
LKA,Sri Lanka,2004,42.3733184,59.6001802,54.0492074,46.7313656,46.0752034,5215.88024437154,0.147494466742975,1.99608348514963,0.1821
LKA,Sri Lanka,2012,47.9577187,54.4925787,54.9761742,41.6477953,49.4846242,10249.1670637714,0.137234670569948,0.708981020446014,0.0973
LKA,Sri Lanka,2018,49.4433819,55.9734754,51.869403,43.7112862,61.4578661,14178.0225361887,0.064834147164453,-0.268631697411072,0.11949
LKA,Sri Lanka,2024,46.002677,52.5287187,50.1437699,40.066474,59.9106677,15632.5924849848,,1.01915092279146,0.10506
LMY,Low & middle income,1996,,,,,,3162.96721441826,4.7633951556957,1.07489734193138,
LMY,Low & middle income,2004,,,,,,4712.74331801168,6.26164484431549,1.02353348922153,0.764548113249366
LMY,Low & middle income,2012,,,,,,8328.08377798396,6.70515320738758,0.558379885491849,1.2390157054143
LMY,Low & middle income,2018,,,,,,10596.609316186,3.69096485613029,0.54755581485115,1.43328296497975
LMY,Low & middle income,2024,,,,,,15795.1303233276,,0.671095462166873,1.94633533666676
LSO,Lesotho,1996,56.0635515,58.6724958,45.6501531,42.6423773,64.2182117,1103.00202176293,4.42866982662492,8.14809582970017,
LSO,Lesotho,2004,43.4494322,52.8363239,43.3044681,41.4870148,66.7784635,1560.74877547924,3.85504573954824,4.5978504213821,0.05532
LSO,Lesotho,2012,42.7256752,53.5318101,46.7516275,50.7929712,70.4292729,2291.4956531127,4.7058759222187,9.55026688054369,0.01255
LSO,Lesotho,2018,39.0551361,51.1611184,46.7109104,48.2722363,63.5065256,2632.28775223004,3.60958084633478,5.05319346138565,
LSO,Lesotho,2024,38.7584729,49.9670708,47.215987,41.7332409,61.4725426,3001.16311951334,,6.68850494255515,0.09453
LTE,Late-demographic dividend,1996,,,,,,3881.69397095977,4.51083244646549,0.269767439793703,
LTE,Late-demographic dividend,2004,,,,,,6656.59524244837,7.0366633943576,0.203348403875099,0.95772235907576
LTE,Late-demographic dividend,2012,,,,,,13705.0257253207,7.3266963400142,0.0845162081603687,1.4169432940413
LTE,Late-demographic dividend,2018,,,,,,17904.9431960445,3.88702692015596,0.0436931849655915,1.67108593451989
LTE,Late-demographic dividend,2024,,,,,,28317.7912539744,,,2.08942406944005
LTU,Lithuania,1996,50.9406025,63.9396611,64.5128069,56.9216444,75.5965219,6479.19459061105,1.39565861276589,,0.48892
LTU,Lithuania,2004,62.809071,63.187846,71.2523118,58.2512419,76.5936364,12605.0201901971,0.655048870768867,,0.74758
LTU,Lithuania,2012,65.0568113,67.0314142,70.6802729,59.1895443,78.1538117,23275.2517553588,0.50334215016971,,0.8976
LTU,Lithuania,2018,68.0850852,69.856873,71.6369926,57.027457,81.3878711,36491.9385223689,0.378395633092732,,0.92781
LTU,Lithuania,2024,74.7023169,80.616275,75.2330168,67.9504044,81.941602,55285.8991934304,,,1.04977
LUX,Luxembourg,1996,86.6218784,86.3222066,76.2166409,93.4526287,90.9210577,39722.2499406223,0.0189317592423706,,
LUX,Luxembourg,2004,88.5276762,85.9065406,85.3398762,82.7057645,84.5950629,64685.7286866435,0.00965720131113687,,1.58819
LUX,Luxembourg,2012,88.3510448,87.5697089,82.4953744,91.7771559,89.1924014,96636.426643956,0.124315483837715,,1.20664
LUX,Luxembourg,2018,89.1039445,89.0013555,82.2170892,92.589641,88.1947317,116638.414163882,0.0131614123128893,,1.17039
LUX,Luxembourg,2024,91.0007125,87.2859802,83.8609523,88.656893,84.2238592,155941.288210791,,,1.07045
LVA,Latvia,1996,43.2139981,58.047675,63.8814564,41.8881089,75.5238551,5688.34966443302,2.53584473218075,,0.40892
LVA,Latvia,2004,59.4994343,63.0098271,69.4643248,51.351338,75.9773374,11319.1462699913,1.58950445564584,,0.41593
LVA,Latvia,2012,63.1971542,66.8158571,69.5293835,55.6749298,74.1098163,19416.5167382125,1.43134807722777,,0.68884
LVA,Latvia,2018,66.8588792,67.5535044,70.9122043,58.8799825,77.2238587,29817.8047263182,1.07351315071964,,0.66138
LVA,Latvia,2024,65.7908892,75.748188,72.2084716,64.5567977,76.4873804,43394.2732822314,,,0.8236
MAC,"Macao SAR, China",1996,56.0635515,57.6846823,60.4089208,56.4888824,68.6780707,34324.8496998146,0.00272245739392018,0.00461039340695446,
MAC,"Macao SAR, China",2004,76.8580307,73.7986714,71.1126464,71.2417022,81.8950358,56585.3001832163,0.00142006573846366,,0.05344
MAC,"Macao SAR, China",2012,64.7013844,67.3938424,77.4114963,48.6953531,71.7337777,133111.616642617,0.000637773144866662,,0.04789
MAC,"Macao SAR, China",2018,73.0481072,73.4788294,78.939594,59.4352017,85.4998719,129457.998600118,0.000378495372010862,,0.20113
MAC,"Macao SAR, China",2024,73.0385835,71.6299128,76.4915715,59.4610076,83.8962136,126959.917138906,,,0.31097
MAF,St. Martin (French part),2012,,,,,,,0.0,,
MAR,Morocco,1996,51.2867936,64.4739623,49.1393891,45.7286061,59.1954542,3551.25610351563,0.380019625009187,1.54250352580202,0.24582
MAR,Morocco,2004,44.0065714,53.3176815,49.9127501,39.9938555,59.3806376,5024.6943359375,0.57019059079328,1.19097855399681,0.56588
MAR,Morocco,2012,47.4286781,51.2553986,54.7754734,37.6747019,56.0550242,7307.6123046875,6.48582252084039,1.40170236233179,0.66036
MAR,Morocco,2018,45.1923591,51.3742901,53.0365229,38.2372182,58.6099311,7801.0986328125,2.41389789515822,0.652413486101861,
MAR,Morocco,2024,54.7695462,50.6345517,54.4419236,37.3557196,58.3648187,10415.1240234375,,0.536686895809572,
MCO,Monaco,1996,,72.5207113,,,,,0.0,,
MCO,Monaco,2004,,71.9668881,,,81.5812212,,0.0,,0.03787
MCO,Monaco,2012,,78.8067899,,,81.7812433,,0.0,,
MCO,Monaco,2018,86.3552853,83.4120367,76.103697,84.2343525,92.3371667,,0.0,,
MCO,Monaco,2024,85.1156279,80.1193607,72.2449856,84.2952795,87.0535015,,,,
MDA,Moldova,1996,37.0963164,55.6714689,51.2186048,44.5684646,64.0942266,3021.30988325621,0.292635675217652,3.27606875219578,0.87296
MDA,Moldova,2004,35.2711101,52.9450474,46.0096563,24.2445834,60.8082289,4378.17475782467,0.211322275281976,4.05930458375243,0.34903
MDA,Moldova,2012,40.4034039,50.7599593,50.3367064,33.2866004,68.2618074,7254.66249032313,0.168529747001159,4.99498126621651,0.34907
MDA,Moldova,2018,47.1483109,50.0202122,51.9299653,30.2179756,61.8237471,11868.1955463223,0.262039473546905,2.20320952750088,0.25626
MDA,Moldova,2024,56.349995,54.1880698,54.1256767,41.9527948,60.0013863,18614.9880691203,,6.1923971951494,0.21589
MDG,Madagascar,1996,32.4784433,51.6765187,35.3097221,48.9074784,68.0889621,1118.76916210987,6.10099854193451,7.43723180456956,0.18325
MDG,Madagascar,2004,38.2021347,51.0812986,46.260127,41.5653273,65.5057168,1279.54611058565,6.16053834340743,25.0975791352521,0.1926
MDG,Madagascar,2012,33.6671671,42.7245659,42.9812439,35.4595007,54.1014426,1463.61756926447,6.69129717051904,3.28778810703724,0.09067
MDG,Madagascar,2018,34.0798431,43.3272331,40.8233981,29.2618161,52.8686191,1546.59563549795,5.16989441363436,5.6501932786507,0.01275
MDG,Madagascar,2024,34.5565404,41.7727107,43.0564862,27.4125678,57.6856867,1883.5374311384,,8.07484539748982,
MDV,Maldives,1996,66.1026449,55.5934424,68.8117444,44.8995108,83.3646838,6686.99408933799,0.0111959054937224,6.18275564491356,
MDV,Maldives,2004,55.0028627,44.3065548,51.1984994,40.1022934,72.1659148,10769.7743281923,0.00468462465671591,2.23164634968809,
MDV,Maldives,2012,50.5952398,47.8249268,50.8578841,33.4666367,60.3183628,13988.5973865429,0.00753577980631292,2.17031123338267,
MDV,Maldives,2018,45.3455235,46.1911096,51.283826,29.7799792,63.5712956,21899.4292993843,0.00258396462676911,2.67574750529586,
MDV,Maldives,2024,47.0377697,57.7279913,51.1509754,41.054607,64.9641925,26182.7831570917,,3.41920524615893,
MEA,"Middle East, North Africa, Afghanistan & Pakistan",1996,,,,,,7164.01861037234,17.917072580814,1.06379520302909,
MEA,"Middle East, North Africa, Afghanistan & Pakistan",2004,,,,,,9628.50533388128,23.6559337654781,1.0169199529591,0.724245370351517
MEA,"Middle East, North Africa, Afghanistan & Pakistan",2012,,,,,,13007.2133561024,27.9897185176093,0.566027455333883,
MEA,"Middle East, North Africa, Afghanistan & Pakistan",2018,,,,,,12968.3870489515,20.2405148659966,0.920694365367014,
MEA,"Middle East, North Africa, Afghanistan & Pakistan",2024,,,,,,16261.9453885649,,0.71449270376375,
MEX,Mexico,1996,43.2983677,45.1438142,57.5339106,34.5322765,52.2017824,9495.71013610154,4.11473850462351,0.0730355859649952,0.23838
MEX,Mexico,2004,46.6085662,53.8341781,60.9369984,38.6213438,63.2658988,12658.1646665687,4.19499035807608,0.0167380649553544,0.37053
MEX,Mexico,2012,55.1941472,46.7263573,59.3810799,38.5850811,52.2117256,18004.7935607542,6.64761771453207,0.0331985037736346,0.40284
MEX,Mexico,2018,50.8168666,43.088259,54.8126908,28.7721329,50.0543383,20921.4775277572,2.8911069990433,0.0448764768240232,0.29816
MEX,Mexico,2024,47.0640988,37.1058908,51.7749322,28.8100291,53.6732923,26185.3564713253,,0.0257549902304684,0.25372
MHL,Marshall Islands,1996,,56.6096037,,,,2583.00435395366,0.0,51.7114939707434,
MHL,Marshall Islands,2004,39.4668224,71.9668881,45.4134177,43.6175739,82.0790764,2879.90589671206,0.0,29.5552399964499,
MHL,Marshall Islands,2012,27.3419185,67.7413919,38.144135,44.2859595,92.6652257,3589.66880383744,0.0,40.0797440946444,
MHL,Marshall Islands,2018,44.8377585,66.9616025,42.267789,54.8765105,85.408926,5232.2052487185,0.0,20.306241561246,
MHL,Marshall Islands,2024,45.6833556,71.3481185,44.0188015,55.7638569,87.7113327,8194.63854758403,,39.7970574077605,
MIC,Middle income,1996,,,,,,3316.40223560963,4.63791733471979,0.66606014150997,
MIC,Middle income,2004,,,,,,4974.53380581315,6.14729454068452,0.573416322505083,0.769236716436644
MIC,Middle income,2012,,,,,,8912.69103338009,6.61028710328591,0.277629700267788,1.23946309788725
MIC,Middle income,2018,,,,,,11412.4322536256,3.63028099977262,0.222065300723295,1.43350550124881
MIC,Middle income,2024,,,,,,17212.4680594702,,0.319619933620229,1.9525754024907
MKD,North Macedonia,1996,38.705241,49.2851689,45.7867699,35.7698581,50.0506794,5025.91900446603,0.361260336057013,2.29571556272755,0.35911
MKD,North Macedonia,2004,47.3549288,51.5543606,52.8824109,37.9046093,52.402797,7229.41434974388,0.529949571288064,4.67471177385576,0.23237
MKD,North Macedonia,2012,49.474154,53.6997987,58.1657248,45.2669351,59.0696277,12725.9772893634,1.17381157835713,1.54927705032839,0.32676
MKD,North Macedonia,2018,51.9896735,53.0621576,61.1530795,40.9553547,63.8711922,18460.4624451227,0.424659195176793,1.4017004899327,0.36367
MKD,North Macedonia,2024,50.7116064,53.0935121,59.0627717,41.1908811,68.5558552,26995.4292563497,,2.7534612564777,0.37363
MLI,Mali,1996,25.0165964,52.5775644,40.9390831,37.5170102,69.9815539,1223.5824930292,6.17985749617785,17.9511733428111,
MLI,Mali,2004,31.8921847,50.7028679,47.1379359,36.9534677,71.4787886,1730.0922516304,3.89561485181635,8.46066813745876,
MLI,Mali,2012,33.6446198,44.061316,46.5682579,34.370913,32.3552637,1990.14805241092,12.1110881558093,6.89840039436328,0.47271
MLI,Mali,2018,32.304991,44.029953,45.1636568,32.778301,33.8102693,2684.41122026575,7.74269774600288,7.84036507419255,0.13306
MLI,Mali,2024,26.3132851,38.1301841,42.8404382,28.0007382,23.3447758,3314.77332231959,,5.41042224647687,0.14743
MLT,Malta,1996,70.8023579,73.5977468,62.0513423,65.8971355,87.9160113,14661.0318356942,0.0,1.85791994004851,
MLT,Malta,2004,64.6752166,78.6903027,72.4840551,64.9947739,81.1578896,21565.7733219687,0.0,0.243728401471357,0.4892
MLT,Malta,2012,72.1816272,78.5183402,74.3025314,66.2249593,83.1922518,30716.282743184,0.0,,0.79196
MLT,Malta,2018,71.0561918,75.1838749,74.5172246,62.8662167,84.8913894,48178.2920560941,0.0,,0.54557
MLT,Malta,2024,63.4443032,69.4799896,62.6165553,53.2551393,79.6436621,69863.7461313457,,,0.64792
MMR,Myanmar,1996,25.109255,31.0736081,25.9126539,17.7369118,40.3282578,661.21806056089,16.9886099764758,0.807205416300684,0.05985
MMR,Myanmar,2004,19.4227872,25.689379,16.9775558,15.6155767,47.4270412,1600.84105608585,18.8644610196514,1.1690288065403,0.16216
MMR,Myanmar,2012,21.0906738,32.2639933,27.0559383,21.1524927,47.7937422,3845.15284153671,5.95623957618071,0.876575596171047,
MMR,Myanmar,2018,25.6752646,36.7673046,41.9833546,32.3109118,43.7246454,5581.2769545815,6.70278022169487,2.59431559541798,0.05881
MMR,Myanmar,2024,21.0407163,25.7857658,32.4717779,22.4981317,30.1870415,5997.46516323715,,1.75281748999938,0.02307
MNA,"Middle East, North Africa, Afghanistan & Pakistan (excluding high income)",1996,,,,,,4629.00019315344,13.4019289646358,2.08446953034757,
MNA,"Middle East, North Africa, Afghanistan & Pakistan (excluding high income)",2004,,,,,,6368.43664584199,18.5215224385399,1.97710386104992,0.399556830861665
MNA,"Middle East, North Africa, Afghanistan & Pakistan (excluding high income)",2012,,,,,,8404.97905921555,20.4583217164365,1.09647220373794,
MNA,"Middle East, North Africa, Afghanistan & Pakistan (excluding high income)",2018,,,,,,8745.3274271153,18.2271518439741,2.00523295820746,0.493250414559265
MNA,"Middle East, North Africa, Afghanistan & Pakistan (excluding high income)",2024,,,,,,11220.6069981166,,1.69700195106713,
MNE,Montenegro,1996,,52.2697648,,47.9067592,67.0486397,5798.49192328645,,,
MNE,Montenegro,2004,53.7516576,59.610412,49.1556589,42.5021824,78.3527184,7841.44380565018,0.255159492728589,0.923261418492415,1.01874
MNE,Montenegro,2012,49.5291436,55.6777886,55.2207511,41.020577,76.3767445,13792.5731748207,0.935069599243676,2.48956517320026,0.37431
MNE,Montenegro,2018,55.0439421,58.0838863,59.477049,46.1365641,68.1439034,21083.5882908272,0.837441665171651,2.84114928491216,0.50374
MNE,Montenegro,2024,58.4666107,60.0864445,56.8707823,46.651784,71.56303,34062.7577672706,,1.19677562752987,
MNG,Mongolia,1996,39.9402901,61.0461736,47.0173365,52.8783148,76.8821652,3310.16087041222,6.75909440795854,12.4068623107243,0.16786
MNG,Mongolia,2004,43.1962263,59.2428068,49.2798888,41.5182576,74.671543,4941.82663694262,14.9665125748657,11.0795005439362,0.26777
MNG,Mongolia,2012,40.7114186,52.9423143,48.8168919,35.5911638,76.2262847,10151.7217998165,22.2729540576189,3.93650386313531,0.23913
MNG,Mongolia,2018,45.5577939,53.8685513,55.278976,36.2392472,78.6896342,12317.4824277695,19.8676151919941,2.79316739093683,0.10161
MNG,Mongolia,2024,43.7724984,55.2475985,53.7469717,38.0182939,73.0751923,19144.7261368498,,1.43771914300586,0.08365
MNP,Northern Mariana Islands,2004,,,,,,,0.0,,
MNP,Northern Mariana Islands,2012,,,,,,,0.0,,
MNP,Northern Mariana Islands,2018,,,,,,,0.0,,
MOZ,Mozambique,1996,50.0713148,44.6676646,41.7789916,43.3608829,64.7849724,349.731938684798,14.4718745782002,22.5187188448406,
MOZ,Mozambique,2004,35.8015216,45.8092591,46.5649649,33.4811802,60.9437799,673.345717268781,7.99532685365388,16.0226663920446,0.3977
MOZ,Mozambique,2012,40.4963872,45.3356533,46.8947358,36.0252415,66.5933587,1075.87786085361,11.9192598207508,12.4706011814047,0.37595
MOZ,Mozambique,2018,37.9801015,40.0830551,43.3276142,30.1920867,52.2626134,1325.58695568953,16.3975888133586,12.3794840047796,
MOZ,Mozambique,2024,37.4225793,36.3987667,42.8211624,26.3621556,35.8615679,1705.37919520416,,15.3436669673168,
MRT,Mauritania,1996,46.0244582,47.3473969,44.785936,36.5682976,66.611431,2435.94646682425,4.04042241145453,12.6269754446962,
MRT,Mauritania,2004,40.0786499,41.644293,48.5749898,36.297557,60.5457189,2570.29404911997,8.86006911174684,8.02179410407934,
MRT,Mauritania,2012,38.6936523,39.9386401,44.1563157,32.9850683,47.1205717,3464.97661099269,21.4879263870309,6.26836030177909,
MRT,Mauritania,2018,35.117094,42.7837982,42.8482419,29.7489712,53.1083901,5429.23223059784,2.808310001036,6.03100922927194,0.01019
MRT,Mauritania,2024,36.9276512,42.1030977,42.590242,28.9543958,56.3357484,7368.75275290214,,3.90753329949279,
MUS,Mauritius,1996,60.5412585,70.8260508,57.3111109,57.1083239,83.0358732,7206.36377883048,0.013935147862232,0.458137787811549,0.27529
MUS,Mauritius,2004,62.4553026,71.8590527,62.3680387,52.2330329,79.0443951,11215.7002784358,0.00681953407733824,0.493011679591342,0.36329
MUS,Mauritius,2012,70.5816974,74.6718943,70.1416474,56.7814191,84.1734668,17259.4018011357,0.0967703151522881,1.44077966731472,0.17773
MUS,Mauritius,2018,69.4936139,72.9145748,71.2777086,53.9597613,81.2539224,23415.5237589118,0.00240720178247387,0.43736998697953,0.33387
MUS,Mauritius,2024,66.2220234,67.9557065,69.6879982,54.7467036,79.394872,31839.7597535524,,0.599583488101554,0.26181
MWI,Malawi,1996,34.352594,51.4063864,45.8104932,39.478255,55.2960511,884.456346986538,10.6406276241143,14.8374473862045,
MWI,Malawi,2004,32.3202156,52.0062723,43.6590854,31.890898,63.5076735,1032.80213909276,6.39211290059216,10.1222764653904,
MWI,Malawi,2012,40.1363072,51.8215309,43.3885661,37.8667657,64.4231567,1464.04323957796,8.95123535585595,13.554545631537,
MWI,Malawi,2018,39.0186183,51.9282838,44.2673055,31.313824,59.2380506,1363.79445595088,5.20814805353589,13.3845005294199,0.17752
MWI,Malawi,2024,37.2287788,54.4467828,45.6372095,34.7249395,59.3998253,1857.61756950305,,13.1533541593464,
MYS,Malaysia,1996,66.3728662,65.6450456,62.1235833,54.9767122,72.3303303,11709.2669994867,12.7124864921089,-0.47481416765633,0.21645
MYS,Malaysia,2004,67.7049022,63.3520929,63.9360397,50.943044,68.5475826,15415.8063402619,11.9873010934205,0.252881048434317,0.5999
MYS,Malaysia,2012,68.3782913,61.0822438,66.7689843,50.9565309,65.5582325,22638.5406944009,9.20599203286687,0.00605048575405354,1.09269
MYS,Malaysia,2018,68.0473561,61.8937766,66.6588099,57.8448648,68.9172284,27793.5674222948,7.32744449685636,-0.00991471995214102,1.04026
MYS,Malaysia,2024,69.1273333,62.9047385,65.5948635,57.9431536,72.4670498,38779.2830442253,,0.00169664672920921,1.0121
NAC,North America,1996,,,,,,29384.8044746074,1.15845174391493,-4.69970624841727e-05,2.38902998565091
NAC,North America,2004,,,,,,40962.5532868741,1.50005427618672,0.0,2.44890305837557
NAC,North America,2012,,,,,,50775.2778839875,0.843777040248708,0.0,2.58092130947884
NAC,North America,2018,,,,,,61572.5505918721,0.688667404391941,0.0,2.89162042822969
NAC,North America,2024,,,,,,83521.8385798973,,0.0,3.32644050404442
NAM,Namibia,1996,68.4199871,65.4283525,54.842666,66.4355097,78.9871684,4611.75800032302,0.635076590121081,4.62786901265832,
NAM,Namibia,2004,53.3799346,57.2796972,57.4965119,47.6352149,73.7953594,6479.76368965829,0.794488876889435,2.62063392981854,
NAM,Namibia,2012,59.0771238,61.3830284,57.6854472,57.7976413,80.3001439,9363.76632318029,1.73059224032469,2.01632788664148,0.34986
NAM,Namibia,2018,57.438306,60.1183824,55.8603153,56.8134493,77.7533951,9853.73533646074,1.26282912430688,1.21043033531015,
NAM,Namibia,2024,53.2721077,62.6073548,56.9904385,50.4157905,75.2334628,11686.6020661881,,2.29916587608591,0.64636
NCL,New Caledonia,1996,,,,,,,9.60898874524346,10.9826304742449,
NCL,New Caledonia,2004,,,,,,,11.7109438932061,,
NCL,New Caledonia,2012,,,,,,,0.0114496916463885,,
NCL,New Caledonia,2018,,74.0675473,,,82.896132,,0.970193483384602,,
NCL,New Caledonia,2024,,75.6405884,,50.4128534,84.6434944,,,,
NER,Niger,1996,25.9220111,45.082878,30.108705,31.9775479,58.4872665,745.81084401481,9.4091389903805,10.2544881958645,
NER,Niger,2004,35.0959059,45.3102262,40.4787106,30.0008244,57.6061155,832.125196599523,7.50759997659221,13.745886858377,
NER,Niger,2012,39.8709936,45.08521,43.4406969,39.0483005,50.8088411,1161.78908289767,10.3335481762903,9.14312805328212,
NER,Niger,2018,39.4263789,47.0778876,44.3917814,38.8029994,45.5557519,1275.99643935327,6.79609733342576,9.76058854531685,
NER,Niger,2024,36.3750735,40.6881335,42.8377492,35.3675455,35.7723336,2049.93305251019,,7.771927158677,
NGA,Nigeria,1996,30.3691579,37.4259376,37.9420857,24.3359173,43.0952413,2930.71333145872,21.4145127823877,,
NGA,Nigeria,2004,30.1132377,35.6412479,35.3358806,19.6027502,36.4364953,4381.13682825117,16.775506962461,,
NGA,Nigeria,2012,32.4814474,38.2827467,42.9894119,24.6443922,30.221987,6670.83826243627,15.1485150031193,0.433797594848328,
NGA,Nigeria,2018,34.8939836,42.9582287,41.7722226,24.6724591,33.6874013,7158.17107571781,9.79850822600435,0.804720194815591,0.28444
NGA,Nigeria,2024,31.7683438,39.6344736,44.8748237,25.2937973,31.6874346,9086.87550609627,,0.75483676432411,
NIC,Nicaragua,1996,27.8344705,46.5401099,42.7820004,37.9478533,54.3492351,2324.78174247433,1.55099338059432,22.1724015375863,0.0651
NIC,Nicaragua,2004,30.5668103,47.3846099,51.0171581,36.6115679,58.191765,3255.48515859924,1.29185557609837,19.7273274336089,0.03493
NIC,Nicaragua,2012,36.6817835,42.6398118,48.4960365,30.7862749,57.9889278,4507.94302866696,4.62546930334416,5.26208404149385,0.10449
NIC,Nicaragua,2018,36.3551589,34.496984,46.1258522,23.1967986,46.9001644,5935.16693631386,2.02687465495511,2.85993990149735,
NIC,Nicaragua,2024,30.8663765,29.0885119,39.2327668,18.8549307,64.7084946,8708.79983051626,,3.42232523645269,
NLD,Netherlands,1996,88.8672486,86.6886448,79.4886382,93.4109838,93.3393015,24564.1192126848,0.485584007753404,,1.83733
NLD,Netherlands,2004,87.3496797,86.3865574,85.2582544,86.428713,80.6627333,35960.7138360683,0.445249259246216,,1.78132
NLD,Netherlands,2012,88.6857153,87.4121226,82.6381357,89.5616977,85.1544563,47653.3401651371,1.13202011724154,,1.90094
NLD,Netherlands,2018,90.8032877,88.2921127,85.4072786,87.2560999,79.44179,58819.2609142584,0.355103573458477,,2.1027
NLD,Netherlands,2024,85.406351,86.3420351,82.0184513,86.5164277,73.2073612,86173.6290841738,,,2.26719
NOR,Norway,1996,88.2250398,90.1612846,76.2672293,93.1108787,92.7292783,26826.3013103549,8.04348302516781,,1.5935
NOR,Norway,2004,88.1996945,88.7390971,79.7202825,85.4850425,84.0387425,42667.2192035819,9.49868097130803,,1.53976
NOR,Norway,2012,89.2646824,91.1407354,83.5938428,90.9321427,88.6578652,65774.3520746224,9.34170992776999,,1.61053
NOR,Norway,2018,89.0113774,91.8838488,83.5176715,90.0726487,84.8814137,70253.8463693386,7.39362211775806,,2.03482
NOR,Norway,2024,87.1769157,90.5162003,81.2082198,87.5486488,81.3235982,102037.526800237,,,1.85142
NPL,Nepal,1996,35.9853648,57.224549,44.785936,37.2628919,57.5111094,1110.22192688671,1.32624921845998,7.31534930679091,
NPL,Nepal,2004,37.3913074,42.3775413,45.3142944,29.1610437,29.8238149,1542.44947639149,0.901715057589508,5.9254635092444,
NPL,Nepal,2012,29.7673402,46.7278357,42.3608482,28.1465541,40.645364,2465.83469449131,0.967618550144898,3.52180192305728,0.30221
NPL,Nepal,2018,33.5608919,50.6451484,45.5328342,32.9082193,57.4255647,3956.12461094443,0.424156459923021,4.35776084796642,
NPL,Nepal,2024,34.1416692,51.7386218,46.1517079,35.0499922,58.8121329,5736.62134332704,,2.82489412680092,
NRU,Nauru,1996,,72.5207113,,,,7818.14774938695,,7.24932008536377,
NRU,Nauru,2004,,71.9668881,,,82.0790764,5168.562529217,,37.2393897238935,
NRU,Nauru,2012,45.8494289,77.5644284,42.583905,49.6182821,92.6652257,8153.2726237438,0.0,29.2753944837228,
NRU,Nauru,2018,56.8800001,60.3993782,49.319475,56.8202363,79.6955321,9657.26073566654,0.0,21.3587923303847,
NRU,Nauru,2024,51.5354476,61.2985462,46.590308,58.0754604,84.764526,14173.0081043154,,15.1363178566291,
NZL,New Zealand,1996,89.9255632,88.4772792,81.2242184,95.2611025,89.7343374,18392.1664137785,1.64017320568105,,1.05649
NZL,New Zealand,2004,86.3015654,87.5880332,84.7748036,92.5651953,89.3355896,25123.9162365879,1.09975067280001,,1.12043
NZL,New Zealand,2012,89.6998415,88.4971163,86.2923455,92.0675693,89.9598248,33054.8936751088,1.68350699548628,,1.15275
NZL,New Zealand,2018,84.4641774,87.9658735,85.9425905,90.2412708,90.5754935,42527.2784103301,1.58813238238384,,1.4642
NZL,New Zealand,2024,87.2960648,85.6627596,83.9530858,86.8914608,85.5494444,55551.143658637,,,1.54848
OED,OECD members,1996,,,,,,20862.5082077255,0.677924186220704,0.0119399628428384,2.10280197997007
OED,OECD members,2004,,,,,,28497.3361417724,0.944751692379363,0.00290490698143472,2.16350678697885
OED,OECD members,2012,,,,,,37052.2199739851,1.05904619033389,0.00900514724455538,2.36359215481714
OED,OECD members,2018,,,,,,45413.544831542,0.750738864562023,0.00669089816584926,2.63865269946339
OED,OECD members,2024,,,,,,61972.8881275386,,,2.92916270172344
OMN,Oman,1996,56.5466965,65.9140317,52.3534201,58.0249213,81.0628664,34660.6248125636,37.1448237189533,0.490248289571926,
OMN,Oman,2004,54.9701598,65.6443572,65.856278,59.8466635,81.3681094,42141.6368965156,39.6932689656436,0.358500316789346,
OMN,Oman,2012,52.3337316,62.3840924,67.9646867,47.342828,72.5160176,49989.4425093994,40.4418641958152,0.0115449331244232,0.18281
OMN,Oman,2018,53.5065773,60.1277158,63.1898654,47.4431835,75.1056839,37780.3308327271,27.0144782962431,,0.19031
OMN,Oman,2024,62.3751465,64.6984828,65.7058833,58.1223297,76.6085897,41740.1658530012,,,0.38979
OSS,Other small states,1996,,,,,,8337.32839229204,5.75334056287751,3.23830494841169,
OSS,Other small states,2004,,,,,,12182.7024429693,4.36665923103969,1.61914709669119,0.44940614286276
OSS,Other small states,2012,,,,,,16757.6785842847,4.97871424255172,1.88857386777973,
OSS,Other small states,2018,,,,,,20713.5159474599,3.35790726615221,1.35869244850463,0.99117904566846
OSS,Other small states,2024,,,,,,29352.5557509486,,,1.36645544626259
PAK,Pakistan,1996,40.8279758,49.1056579,44.8001697,24.4461081,41.6448597,2400.63451660045,1.33907944190112,1.12015610805661,0.15565
PAK,Pakistan,2004,38.5567664,39.73106,38.8518522,25.8336754,39.3181579,3048.35709122876,2.449015487971,1.02109216549723,0.32946
PAK,Pakistan,2012,38.7006114,38.6539299,42.1119137,22.6501618,20.1034499,4046.59848766311,2.56305239816052,0.817218923025024,0.26179
PAK,Pakistan,2018,41.4757961,42.5142321,44.4173043,28.3401745,31.9741236,4979.3734961655,1.24123933516406,0.395487211787381,0.17475
PAK,Pakistan,2024,39.6677025,39.4597729,42.3591418,26.2849685,30.6476878,6252.11543199559,,1.19777756155236,0.16399
PAN,Panama,1996,44.3373511,53.2666879,57.6553522,41.2848383,67.5391567,6420.51255270846,0.174799664199064,0.648391080550027,0.33279
PAN,Panama,2004,48.7060491,56.7476249,58.6831315,39.6845183,67.6050062,9591.60288710752,0.160147634592891,0.219936786725964,0.22516
PAN,Panama,2012,55.8430758,52.2018806,62.3124681,38.5631332,64.8455984,19473.251491839,0.260441253310238,0.132144783041972,0.07323
PAN,Panama,2018,57.6756338,52.6321447,59.8100405,36.7609585,72.1174424,32463.5403500842,0.0994393790926708,0.0631269263990844,0.13355
PAN,Panama,2024,56.1071256,52.4309378,53.6988437,36.6386167,70.4155683,41369.422541499,,0.514147462562358,0.19708
PER,Peru,1996,42.5024423,46.1578086,60.2605874,39.3305222,47.6933212,4555.76959498506,2.80473952192198,0.618633960541538,0.0836
PER,Peru,2004,36.4495499,50.4393118,55.95413,39.5523471,49.9134373,6037.52025106396,6.234603660457,0.755701543226383,0.15578
PER,Peru,2012,49.204691,48.5666599,58.853794,40.5576794,53.9615306,10757.1522234351,9.99927931288698,0.213587603089216,0.0553
PER,Peru,2018,48.2135515,49.0319289,59.559748,35.9570721,63.0086226,13078.2323503405,5.95602611154103,0.213041827484999,0.12683
PER,Peru,2024,47.443648,48.2599686,56.1688958,33.2730365,54.7158131,17802.4182498972,,0.232017560477485,0.17611
PHL,Philippines,1996,48.0771556,56.6222122,54.6689643,40.6726614,55.4327774,3082.30965991598,0.566314498398356,0.879107210831263,
PHL,Philippines,2004,46.2801684,48.0125906,53.7635806,34.5330417,38.9138244,4037.17193792289,0.875871134569893,0.447708125032911,0.10692
PHL,Philippines,2012,55.6852603,48.561359,56.9486553,35.0301353,45.8972609,6094.26837338658,1.55356736359168,-0.00115970652399813,0.13207
PHL,Philippines,2018,55.5875464,45.9532714,54.7822362,34.9238369,47.672128,8357.74357934219,0.943783444739612,0.142619411483806,0.32222
PHL,Philippines,2024,54.1505555,47.0863157,56.113404,36.1832247,52.6707116,11794.1375488492,,0.379972081131584,
PLW,Palau,1996,,72.5207113,,,,10799.6766532872,,40.8475711885034,
PLW,Palau,2004,,71.9668881,,,82.0790764,12213.1978548368,0.0,12.4145482005815,
PLW,Palau,2012,45.8494289,79.1256061,46.9354182,43.3617715,92.6652257,15461.371967653,0.0,7.44140316253437,
PLW,Palau,2018,51.5503203,79.5537172,57.9229317,56.8202363,85.408926,18172.3045821299,0.0,30.135825576552,
PLW,Palau,2024,51.5354476,77.1190412,62.4516257,58.0754604,87.0535015,18230.2698627414,,10.3499193941371,
PNG,Papua New Guinea,1996,46.0878787,48.7204806,42.5620805,41.2347405,54.1005424,2578.19220294201,20.9580370465991,8.0781922472069,
PNG,Papua New Guinea,2004,41.0247084,49.3899683,43.6301464,25.54745,52.7084654,2186.54008155669,28.790794029329,7.36590410682983,
PNG,Papua New Guinea,2012,38.5512871,44.5261375,46.9615294,27.5393324,50.8783701,3025.85599590795,15.8152886420978,3.31857592712778,
PNG,Papua New Guinea,2018,37.7947475,45.4589353,47.4962436,28.8277648,52.2818183,3909.91572975538,16.921880825492,3.46955478700203,0.03158
PNG,Papua New Guinea,2024,33.8321749,47.1316693,45.3936104,31.7152136,54.7251618,4874.6899553589,,2.42300703710733,
POL,Poland,1996,64.8619823,68.2744091,59.795045,64.9089235,78.8341155,8310.2991272644,0.836661886376283,,0.6369
POL,Poland,2004,56.8832803,61.5591455,64.9893419,50.1349432,69.6263591,13413.0543202274,1.44432044481015,,0.54999
POL,Poland,2012,63.0116543,71.9472954,68.3264878,64.3217571,84.0639327,23728.1456821435,3.79887246755542,,0.88476
POL,Poland,2018,64.7981864,66.3848598,66.8854215,63.5788766,76.6592008,32345.1066076225,2.71315064903734,,1.19426
POL,Poland,2024,64.4341341,66.8937579,65.6793889,63.9280835,74.4122187,51262.5105756884,,,1.55525
PRE,Pre-demographic dividend,1996,,,,,,1838.09138042164,18.0398256174961,,
PRE,Pre-demographic dividend,2004,,,,,,2666.77810642401,18.0388144201654,,
PRE,Pre-demographic dividend,2012,,,,,,3807.40180838508,21.7792085697048,3.1733938930076,
PRE,Pre-demographic dividend,2018,,,,,,4170.34216110234,16.6052374557419,3.07589634102748,
PRE,Pre-demographic dividend,2024,,,,,,5268.74924891947,,,
PRI,Puerto Rico (US),1996,76.1417363,70.8571333,71.6126809,56.4888824,68.6780707,18260.0498912373,0.0,,
PRI,Puerto Rico (US),2004,67.1231546,65.6379548,65.0015017,68.945039,72.4319061,28993.0735148502,0.0,,
PRI,Puerto Rico (US),2012,56.1920571,70.3003533,72.4942686,59.4629589,75.7060833,32077.6178539123,0.0,,0.43859
PRI,Puerto Rico (US),2018,44.9006424,66.1536116,68.6592632,52.7538071,71.0785992,33706.5915157959,0.0,,
PRI,Puerto Rico (US),2024,46.3781293,66.3623912,65.158503,55.9048574,73.3804149,50247.8492461676,,,
PRK,"Korea, Dem. People's Rep.",1996,12.8091468,39.6685714,17.1737696,21.6936784,65.576351,,,,
PRK,"Korea, Dem. People's Rep.",2004,14.7712273,33.0266116,20.342013,22.3646003,63.4763595,,,,
PRK,"Korea, Dem. People's Rep.",2012,16.2472345,30.7766254,16.5951194,22.1206878,61.2991438,,,,
PRK,"Korea, Dem. People's Rep.",2018,22.5258797,27.4642724,22.8970005,15.726555,61.1916066,,,,
PRK,"Korea, Dem. People's Rep.",2024,26.6210975,30.7069238,25.3046262,16.3310097,71.3957857,,,,
PRT,Portugal,1996,65.3840853,78.6012459,69.6202868,79.7657099,88.7518567,14922.0003851427,0.176788595247803,,0.5495
PRT,Portugal,2004,64.685555,77.4017511,73.1272057,72.0044275,81.6735524,21475.5711021267,0.150870867227772,,0.7293
PRT,Portugal,2012,69.0760206,72.2493966,66.0360028,64.0154764,80.2634594,26476.2182777269,0.259819202336753,,1.37661
PRT,Portugal,2018,71.9545074,76.4186568,69.6061698,64.1101359,84.5430665,34896.7993382974,0.240667367524237,,1.35078
PRT,Portugal,2024,69.76339,75.4172468,66.5361271,64.5372586,75.0659657,51679.8883807527,,,1.69491
PRY,Paraguay,1996,35.3686491,48.4396019,44.7443625,22.1549202,51.6615717,7040.01916398806,2.22608401252279,0.773118972221741,
PRY,Paraguay,2004,29.9102693,43.0108969,43.0486683,19.9723505,59.0742329,7685.65814789972,1.64919367692685,0.414174230181173,0.06066
PRY,Paraguay,2012,36.4824628,43.9071838,47.9075354,32.5131126,56.0805663,10954.3251570137,1.69034010085165,0.329019945281536,0.06517
PRY,Paraguay,2018,41.6272611,49.1499892,52.9432586,30.2254609,65.3173273,14139.0931267568,1.51126155574886,0.423931256836223,0.14684
PRY,Paraguay,2024,44.447377,46.9208038,52.6360518,27.1095641,64.6331579,18523.6810153,,0.537689267584597,0.14117
PSE,West Bank and Gaza,1996,25.9462734,52.2962056,35.2004498,40.7739156,35.5420378,2268.51946981962,0.0,14.4081891795652,
PSE,West Bank and Gaza,2004,42.2723534,49.8879239,46.2021717,48.332467,45.0975448,3013.73941946893,0.0,24.027486718281,
PSE,West Bank and Gaza,2012,42.1441162,44.305875,49.2099488,39.1717719,32.6262872,5214.64865399127,0.0,15.3537338845774,0.45434
PSE,West Bank and Gaza,2018,42.2874381,41.8523601,52.4887751,41.7061517,40.8712255,6215.81647317396,0.0,12.0505570219715,
PSE,West Bank and Gaza,2024,29.9794589,39.9364904,47.4876908,36.3001054,33.8433017,4371.11135857265,,16.8371333445229,
PSS,Pacific island small states,1996,,,,,,3513.79071247352,2.22367472691773,11.4082281426542,
PSS,Pacific island small states,2004,,,,,,4163.80020114717,1.29735082211561,9.48104104423021,
PSS,Pacific island small states,2012,,,,,,5216.45960400916,4.10441527060684,13.2636133457022,
PSS,Pacific island small states,2018,,,,,,7088.46007500322,4.03522823401304,9.84416193167001,
PSS,Pacific island small states,2024,,,,,,8214.97072957755,,,
PST,Post-demographic dividend,1996,,,,,,22515.5636945744,0.598492990899361,0.00427445101868398,2.16002799570746
PST,Post-demographic dividend,2004,,,,,,31476.1664995528,0.837444869768501,0.00273749416574819,2.23327901845669
PST,Post-demographic dividend,2012,,,,,,40612.5933424919,0.793431295114368,0.00329074307137156,2.46436390320825
PST,Post-demographic dividend,2018,,,,,,49790.6584880267,0.625076104487973,0.00481671827810556,2.73240479167308
PST,Post-demographic dividend,2024,,,,,,68080.5965373812,,,3.02091743107871
PYF,French Polynesia,1996,,,,,,,0.00199947194238976,7.69366331479028,
PYF,French Polynesia,2004,,,,,,,0.00134167927665698,,
PYF,French Polynesia,2012,,,,,,,0.00440591554696973,,
PYF,French Polynesia,2018,,72.4164867,,,81.3247888,,0.00356522146444518,,
PYF,French Polynesia,2024,,74.4713483,,43.6337247,83.4942443,,,,
QAT,Qatar,1996,55.9084641,56.752721,48.9510893,48.8154603,71.1291317,62331.3683216993,40.4522254159196,,
QAT,Qatar,2004,56.0396743,64.7646992,56.9722273,59.0748032,82.7746972,110957.828211099,39.9025622867651,,
QAT,Qatar,2012,70.2942915,69.4905604,69.868193,71.2513311,85.6499798,180939.439450305,35.1062400831471,,0.4786
QAT,Qatar,2018,67.0161522,64.9488555,65.5413763,63.0233052,80.7676587,110032.839882747,23.9995278669173,,0.53129
QAT,Qatar,2024,73.395251,67.1120206,70.1032913,63.1337308,82.1419879,126046.354855612,,,
ROU,Romania,1996,34.352594,56.3347969,48.2069969,42.6516378,74.2349988,5745.67337845764,3.34668155928831,,0.67472
ROU,Romania,2004,45.078003,54.3819208,53.0443455,41.2116894,66.4061597,8989.31783804604,2.42710528670431,,0.38942
ROU,Romania,2012,47.638551,59.4913483,59.7154009,40.5936121,66.7110748,19807.5984490026,2.18833144039798,,0.46244
ROU,Romania,2018,49.355108,62.2491966,60.9392095,44.434919,68.3464656,29382.7567479407,1.07026334712177,,0.49698
ROU,Romania,2024,59.4705016,63.3515938,60.9104172,48.3805649,68.6083999,49076.5399383138,,,0.51656
RUS,Russian Federation,1996,37.0586144,42.039783,44.7957174,28.2117784,41.9768919,5517.85888671875,10.4926691422543,,0.96591
RUS,Russian Federation,2004,38.1292566,43.3394836,52.4370748,29.8077242,45.2370144,10226.7666015625,16.4102250034065,,1.15133
RUS,Russian Federation,2012,35.1716326,40.3548465,48.0511263,26.2186553,50.4936634,24273.517578125,14.293372457197,,1.02766
RUS,Russian Federation,2018,48.1709302,42.637509,49.2220487,29.8654369,59.6065913,28628.5625,14.4734868157828,,0.99001
RUS,Russian Federation,2024,45.088178,37.0602119,38.0144371,29.8168147,50.464845,47404.96484375,,,0.93706
RWA,Rwanda,1996,25.9462734,30.7451057,29.7427087,31.5931835,30.1571965,498.881978283008,12.5562103954282,34.004275839624,
RWA,Rwanda,2004,37.7135143,41.9912952,43.2523861,40.6014416,44.398617,832.279719304053,7.02043949824649,20.9618348860986,
RWA,Rwanda,2012,49.5913373,51.4076256,52.4088203,56.5006427,61.4811517,1454.52507891388,6.39423290634701,11.6343886639645,
RWA,Rwanda,2018,56.7310978,54.4964563,56.7957183,56.6843549,68.6247949,2125.49522712839,4.71387568610559,12.0525049304216,0.75853
RWA,Rwanda,2024,58.1246449,58.6905257,59.1148394,60.5157778,65.1481169,3710.86040434596,,9.87315886161806,0.78149
SAS,South Asia,1996,,,,,,1666.88790194005,2.21670542652668,0.796778610676953,0.623488631237301
SAS,South Asia,2004,,,,,,2612.05181393986,2.91077621281472,0.39120609505364,0.740626265197392
SAS,South Asia,2012,,,,,,4712.83282343223,3.69319465147743,0.26607131879331,0.74399
SAS,South Asia,2018,,,,,,6648.98749304948,2.00324012469636,0.224153375793425,0.641760020059033
SAS,South Asia,2024,,,,,,10973.7101715805,,0.255250688599856,
SAU,Saudi Arabia,1996,45.4496463,60.5540714,49.1532884,40.1271683,60.7628294,48569.163315144,34.3754116977828,0.00873944226824132,
SAU,Saudi Arabia,2004,41.1105265,55.5422027,53.3878944,38.1760888,51.2379873,51225.3258202551,43.622529277929,0.00780804182453193,0.05315
SAU,Saudi Arabia,2012,51.2044443,53.7610533,58.6352084,43.9064712,55.6929455,65033.6161818077,48.5007097596571,,0.85824
SAU,Saudi Arabia,2018,56.5030836,52.9607246,56.1327398,51.0050357,55.6728063,59377.8025368768,29.2707418122277,,0.47618
SAU,Saudi Arabia,2024,66.5710105,60.5850662,66.0645617,63.0932113,65.0715555,71375.3727890285,,,0.63522
SDN,Sudan,1996,29.7309255,28.39775,30.9133234,21.2060882,21.1328384,2005.60961914063,0.274840736390095,2.51816351921985,
SDN,Sudan,2004,26.3067713,30.529564,36.2362347,21.4189907,37.1627776,3215.236328125,10.1433483895059,3.89520661712666,0.23825
SDN,Sudan,2012,25.7528404,32.4568014,32.7933604,16.0317852,26.3403522,3710.376953125,6.64669345938477,3.84494436100468,
SDN,Sudan,2018,22.3317137,33.4209519,31.1206277,17.1188487,36.5746786,4199.25048828125,6.14770644131694,3.17009319843308,
SDN,Sudan,2024,16.4591471,26.4447602,28.6395041,16.3300138,31.3154588,2115.81616210938,,3.46775963653224,
SEN,Senegal,1996,45.4496463,55.4952037,51.1173712,47.0178947,52.3990971,1679.11494146933,3.02761794615437,8.84689341952766,
SEN,Senegal,2004,39.1925645,54.6070987,48.7958165,44.7384833,62.5117906,2236.29400949837,1.97163158742871,10.6778181799585,
SEN,Senegal,2012,46.6746915,53.4890846,50.9807671,42.573805,63.2119141,2764.26130708482,4.86398118749562,6.19698829885968,0.4343
SEN,Senegal,2018,49.6678242,54.5950702,51.3527707,48.4035977,63.4671559,3380.21596529445,2.88655464408866,4.43710618022309,
SEN,Senegal,2024,55.8984038,53.4421286,51.0517148,50.1429568,61.990291,5070.6486207418,,6.26906188460355,
SGP,Singapore,1996,94.7718375,81.4286391,84.2606379,87.4922336,85.8876225,36872.7035848938,0.000831818439672971,,1.31991
SGP,Singapore,2004,93.275029,82.8043061,84.6635788,88.4177008,83.5737318,54383.8062332219,0.000555644983388465,,2.07859
SGP,Singapore,2012,94.9863419,83.6966209,88.3833661,90.1227627,87.3627365,82107.7270892092,0.143294198627007,,1.91833
SGP,Singapore,2018,94.4482054,83.3609829,88.5630657,90.8769177,88.0907851,103963.36329269,0.000188767152938037,,1.80836
SGP,Singapore,2024,95.6655857,81.596249,88.4893485,87.6926389,86.9368376,150689.301625826,,,1.80821
SLB,Solomon Islands,1996,,70.9557954,,56.2792347,78.0959598,1830.03601161624,9.17628352334643,8.49022207632088,
SLB,Solomon Islands,2004,30.6173589,51.7137489,39.1988897,43.9348519,61.8740644,1556.46974913837,7.43048542464874,25.852967849889,
SLB,Solomon Islands,2012,35.6728741,50.1876741,38.26117,39.7345553,71.9051044,2320.45346146884,20.8519077419093,27.0464931828722,
SLB,Solomon Islands,2018,29.9329761,54.1718194,40.4843725,44.8627117,72.4136288,2493.97675737551,22.3396585662881,12.2617678265821,
SLB,Solomon Islands,2024,34.4510294,59.6040836,40.8504209,45.0189156,78.7040835,2674.89311339831,,15.9122070193485,
SLE,Sierra Leone,1996,19.365579,35.6543453,25.5604859,34.7625544,30.8808568,1224.55526220614,14.6082170583381,20.0746556319447,
SLE,Sierra Leone,2004,24.3187156,39.2651078,35.7326375,31.0022703,58.9398845,1541.00571321438,11.1023236756794,18.2964081978268,
SLE,Sierra Leone,2012,29.9020484,44.2013733,39.9158759,32.2871827,61.4746248,2317.1913997528,9.77051963302454,7.37836284931443,
SLE,Sierra Leone,2018,32.3906127,44.2858469,40.3917044,37.0948912,62.3661631,2640.47566787646,8.55532841443589,8.03817837830715,
SLE,Sierra Leone,2024,32.5361337,42.5322345,38.1620198,33.6395176,58.2050494,3522.30588009119,,7.82473378440375,
SLV,El Salvador,1996,29.7872451,42.2914551,48.976046,30.0189568,58.7574103,3879.84269787887,0.509551084760622,2.89562841288335,0.08818
SLV,El Salvador,2004,42.0933731,48.9116433,61.4384539,40.0908064,63.3848636,4997.59385258021,0.452387405870909,1.78896780758507,
SLV,El Salvador,2012,46.2276637,43.0148003,58.4976201,39.4985633,69.2463755,6708.39032246284,0.771015636279707,1.07190806679289,0.03397
SLV,El Salvador,2018,44.241356,42.6501709,54.4818521,36.12166,58.7190176,9203.76216310773,0.663649690465912,1.0323962297113,0.16531
SLV,El Salvador,2024,47.7787327,44.6872968,52.083202,36.1837975,65.9991479,13264.027090968,,1.57279163211288,0.10152
SMR,San Marino,1996,,72.5207113,,,,44426.4754371403,,,
SMR,San Marino,2004,,71.9668881,,,82.0790764,61113.9018661653,0.0,,
SMR,San Marino,2012,,80.8761257,,,92.6652257,51274.2154785964,0.0,,
SMR,San Marino,2018,79.6625603,84.8085442,68.634521,71.6026897,88.5958436,54460.9058332865,0.0,,
SMR,San Marino,2024,68.793847,76.8913264,68.5104015,71.6636167,89.3424803,78745.4313299335,,,
SOM,"Somalia, Fed. Rep.",1996,11.9037321,17.2309345,8.3901671,15.1395971,18.1519591,413.185281183686,,5.05685686322823,
SOM,"Somalia, Fed. Rep.",2004,13.9353872,14.188836,24.9090868,14.5724272,20.7562079,580.284955539129,,5.30993351703612,
SOM,"Somalia, Fed. Rep.",2012,11.1874825,16.4370736,21.5888385,14.4754845,16.3338653,1002.9322657147,17.8127642098138,22.6925891013955,
SOM,"Somalia, Fed. Rep.",2018,11.8103814,17.2978239,23.6696629,11.2901025,30.681055,1551.52773977473,11.735774261604,20.0941842769326,
SOM,"Somalia, Fed. Rep.",2024,13.4236225,19.0073717,27.6160004,11.7011473,27.2373976,1601.96466602339,,20.4271063911805,
SRB,Serbia,1996,40.8279758,36.5981475,32.3274931,26.9010298,43.0879355,5433.71976899811,0.527409241981988,0.358190168504144,0.67058
SRB,Serbia,2004,45.8533372,44.1405472,44.4559175,35.5097585,55.4955813,8715.11016924349,1.75377809041674,4.35496850728415,0.28194
SRB,Serbia,2012,45.6508238,53.2932801,50.4953306,39.9058554,63.9822943,14506.2378578624,2.77478070010415,2.48986594723987,0.81922
SRB,Serbia,2018,54.1095364,55.2452441,56.2769537,40.0223211,67.8822269,18469.022619005,1.54067953539602,2.13124600902687,0.88154
SRB,Serbia,2024,53.3227691,53.5212307,56.0984827,36.502794,63.0137693,32832.1763221005,,0.749898051489786,0.93978
SSA,Sub-Saharan Africa (excluding high income),1996,,,,,,2276.35020880389,12.8905631718334,3.72378791058343,
SSA,Sub-Saharan Africa (excluding high income),2004,,,,,,3014.84088811379,9.90916667074404,3.67892140583832,
SSA,Sub-Saharan Africa (excluding high income),2012,,,,,,4118.96012137723,13.6130453413551,2.93900902036015,
SSA,Sub-Saharan Africa (excluding high income),2018,,,,,,4564.48327410809,8.73078757315203,3.06313212566444,
SSA,Sub-Saharan Africa (excluding high income),2024,,,,,,5768.0270956302,,3.37038309332672,
SSD,South Sudan,2012,22.2859444,37.0869057,32.4232635,20.6950907,40.3000441,1417.38566439045,5.60460947133863,10.3277206243117,
SSD,South Sudan,2018,10.9648523,24.7667786,25.1220594,10.8040405,26.0816462,,,,
SSD,South Sudan,2024,9.0916193,23.0160749,24.4315487,6.061704,40.4488488,,,,
SSF,Sub-Saharan Africa,1996,,,,,,2100.50104050179,13.1387502085988,3.65017256717839,
SSF,Sub-Saharan Africa,2004,,,,,,2769.54306336477,10.1581103049489,3.63453527113026,
SSF,Sub-Saharan Africa,2012,,,,,,3822.58839020197,13.637569244717,2.85939633173201,
SSF,Sub-Saharan Africa,2018,,,,,,4316.46732978625,8.61236198928908,2.91465586548949,
SSF,Sub-Saharan Africa,2024,,,,,,5517.42113558704,,3.14535283725842,
SST,Small states,1996,,,,,,7976.60601726319,5.79606294385796,3.56381848306462,
SST,Small states,2004,,,,,,11827.3505300923,4.49979672624875,1.75114585706216,0.728869561058678
SST,Small states,2012,,,,,,16189.8921811303,7.240350440251,1.9650461540746,
SST,Small states,2018,,,,,,19024.7767831139,3.97312699540178,1.56855756511692,0.853701922172335
SST,Small states,2024,,,,,,28616.3865765196,,,
STP,Sao Tome and Principe,1996,35.9853648,59.7245568,43.6032734,54.7787622,80.3438574,1692.57951381916,,38.9111786709318,
STP,Sao Tome and Principe,2004,35.2952304,49.0274008,39.6449749,41.3199493,71.6343781,2170.94121914898,3.05849147819464,30.2123939618452,
STP,Sao Tome and Principe,2012,36.081041,47.0118588,43.240586,44.6322254,70.8145826,2652.87879478958,3.81740404574064,22.5429455460465,
STP,Sao Tome and Principe,2018,43.9278328,48.4455172,41.7971603,51.0235871,73.8646902,3941.03280858409,2.33693840944991,13.5337042493925,
STP,Sao Tome and Principe,2024,37.3665708,50.8864648,40.8123471,51.5825975,74.2475128,6241.85614464638,,12.4551768206314,
SUR,Suriname,1996,39.0348755,55.2635046,38.1034621,55.6051329,71.8069723,7047.63707587903,10.6504016452728,12.7003065555006,
SUR,Suriname,2004,51.0695903,54.5316763,41.3616215,53.0731882,69.1774222,9388.81890796976,8.9413724509072,1.74556469922208,
SUR,Suriname,2012,51.3128816,55.8021497,48.7659786,45.0537108,67.0131732,15184.9254680409,29.1297720421828,0.842901225770249,
SUR,Suriname,2018,48.8805183,52.4780246,43.430537,42.0124466,68.4514764,17855.4787141437,8.44388268533074,0.393341224744977,
SUR,Suriname,2024,42.5072216,53.3749759,40.3728954,40.2263093,74.0632877,21800.5265989822,,1.38075140695505,
SVK,Slovak Republic,1996,61.0084011,61.3053771,56.1334937,55.3059914,84.1231444,9499.57196646303,0.489853876392068,,0.88102
SVK,Slovak Republic,2004,65.4029324,62.1431528,72.6410343,55.1737858,74.9639476,15165.8836134619,0.300470034071033,,0.50263
SVK,Slovak Republic,2012,61.430173,62.7294974,70.2370487,51.4441657,83.2360661,27022.7747321382,0.325157520045924,,0.79377
SVK,Slovak Republic,2018,61.6389123,62.2253529,65.6685855,53.1998071,78.0728296,31509.8187291635,0.289202597240663,,0.83184
SVK,Slovak Republic,2024,64.126485,66.6189425,61.245571,50.0979964,76.7304703,48132.356430543,,,1.03359
SVN,Slovenia,1996,66.3938113,75.1451404,65.8089101,75.4309468,87.8864225,14284.3392747406,0.193183540777698,0.381841504670418,1.26688
SVN,Slovenia,2004,66.4847685,69.503052,67.0758094,65.4620113,82.05377,22587.7819716494,0.234121034135071,0.2292973505221,1.38062
SVN,Slovenia,2012,68.0873096,70.702471,65.0103337,61.7056359,82.6775029,28786.7105517686,0.252704524589708,,2.58339
SVN,Slovenia,2018,76.6205375,70.0199031,65.1364703,64.4444248,82.7029921,38620.2045436305,0.261790471547443,,1.96365
SVN,Slovenia,2024,72.521532,73.8081992,67.4509563,61.5046962,78.2087684,57186.3713538174,,,2.13385
SWE,Sweden,1996,85.5207947,86.7243209,73.7626394,98.0273532,92.4103563,23951.7671407904,0.304507220475052,,3.27265
SWE,Sweden,2004,87.2003458,89.0382053,83.1273857,88.8695668,86.2689709,33804.8571053135,0.238576047242459,,3.36628
SWE,Sweden,2012,90.2247989,90.3309494,86.7436005,91.761746,85.6209343,45206.9864434727,1.06629092584269,,3.24636
SWE,Sweden,2018,88.642499,88.6126758,82.6107707,90.6816537,81.7624997,53122.438677218,1.06109616438888,,3.34602
SWE,Sweden,2024,85.8476797,86.6824542,81.2293598,87.6821741,76.2033355,71844.9129880579,,,3.59978
SWZ,Eswatini,1996,46.0244582,56.8694147,47.3785904,48.2858102,61.4179378,3915.83071865048,4.44658303431243,1.90509945410372,
SWZ,Eswatini,2004,29.3731089,44.4113594,43.0773092,41.7151713,60.93706,5309.60507878112,2.36992798917747,0.807945622989376,
SWZ,Eswatini,2012,47.7003071,46.4444718,48.3263203,45.598785,56.9131064,7760.32280456285,4.18067033297096,2.02185068657753,
SWZ,Eswatini,2018,42.5740624,48.954677,46.9602724,42.339989,56.553976,8535.25593160454,3.14380015317315,2.80575012282922,
SWZ,Eswatini,2024,36.1519495,42.1656207,44.8006019,31.9619862,53.3772886,11799.2028793201,,2.56056985463122,
SXM,Sint Maarten (Dutch part),2012,,,,,,35520.5138693527,0.0,,
SXM,Sint Maarten (Dutch part),2018,,,,,,41653.2008964784,0.0,,
SXM,Sint Maarten (Dutch part),2024,,,,,,53768.6573945662,,,
SYC,Seychelles,1996,66.1026449,64.863382,57.607978,60.810867,79.0575992,11930.7988905999,0.111417504052815,3.70228081957245,
SYC,Seychelles,2004,56.7421342,64.8374093,48.3600333,52.3002956,74.0420126,14160.4071686004,0.0655728027215241,1.17762866173969,0.32574
SYC,Seychelles,2012,65.153802,59.3522445,57.708412,56.1672302,78.2910812,22263.822159947,0.1644793129234,3.19879230817889,
SYC,Seychelles,2018,63.9890235,64.445451,58.8493418,64.3794677,79.2192253,32091.2988657346,0.121453194976473,1.03692016576786,0.2017
SYC,Seychelles,2024,63.5273525,67.2377568,61.008506,72.7680211,81.5487286,33238.5800343754,,,
SYR,Syrian Arab Republic,1996,30.3691579,47.3694163,38.1981868,32.9628653,58.6220027,,6.02905380947082,1.68166289774661,
SYR,Syrian Arab Republic,2004,27.3579228,44.2281721,37.2891852,28.301582,59.4281586,,4.83903739957955,0.459434923632165,
SYR,Syrian Arab Republic,2012,33.2996984,34.1414831,32.40427,23.7640554,23.951639,,15.2359708811944,4.02782853500484,
SYR,Syrian Arab Republic,2018,22.7527564,26.383812,30.4497683,15.6454026,24.4910213,3455.89227013449,3.35036111849182,48.2449333856848,
SYR,Syrian Arab Republic,2024,18.8174812,25.7521361,23.3597703,13.4112838,25.4439405,4772.4616766716,,31.4787623609564,0.04217
TCA,Turks and Caicos Islands,2004,,,,,,,0.00160774282106281,,
TCA,Turks and Caicos Islands,2012,,,,,,23610.474221961,0.00388988760953433,,
TCA,Turks and Caicos Islands,2018,,,,,,31151.4748574464,0.00277281674159693,,
TCA,Turks and Caicos Islands,2024,,,,,,37954.3876543471,,,
TCD,Chad,1996,35.9853648,38.2805385,34.6580738,21.6876586,43.2696035,1010.0807859858,12.7277173769849,18.5193861427149,
TCD,Chad,2004,26.6026082,36.3921595,39.1352158,21.3998058,40.2011707,1808.21202176525,34.9264279168197,8.90985536474583,
TCD,Chad,2012,25.7021537,30.175934,35.687058,19.9930231,45.8633403,2435.1240819184,24.7933556227023,2.70077208194832,
TCD,Chad,2018,28.4343341,33.601962,37.1356993,18.2937241,42.657761,2227.81335372611,20.9399413766231,5.77264254457821,0.23294
TCD,Chad,2024,29.9423228,32.1012472,37.7058267,19.7006119,35.5073843,2742.65952183613,,6.27055807721802,
TEA,East Asia & Pacific (IDA & IBRD countries),1996,,,,,,2707.93711805459,3.95616283219073,0.503952683918735,0.460024805480053
TEA,East Asia & Pacific (IDA & IBRD countries),2004,,,,,,4804.69850563782,5.40069912533366,0.229109850737772,1.09127312539587
TEA,East Asia & Pacific (IDA & IBRD countries),2012,,,,,,10641.9758889001,4.40480450540896,0.0746181013154174,1.85116850389039
TEA,East Asia & Pacific (IDA & IBRD countries),2018,,,,,,14752.2703599872,1.82586180733672,0.0445301378033658,1.88271981025026
TEA,East Asia & Pacific (IDA & IBRD countries),2024,,,,,,23509.7241651154,,,2.47590303547195
TEC,Europe & Central Asia (IDA & IBRD countries),1996,,,,,,5833.98589602931,5.19160479919504,0.281418628265522,0.733647552776739
TEC,Europe & Central Asia (IDA & IBRD countries),2004,,,,,,9109.21828904168,7.84454180765498,0.295144880095318,0.75888410520604
TEC,Europe & Central Asia (IDA & IBRD countries),2012,,,,,,18510.8666206329,9.61860046039551,0.216515300908,0.84806272471458
TEC,Europe & Central Asia (IDA & IBRD countries),2018,,,,,,23537.7557641473,8.30935445815033,0.201935244394423,0.929454697245154
TEC,Europe & Central Asia (IDA & IBRD countries),2024,,,,,,38139.1215730346,,,0.992713392569438
TGO,Togo,1996,32.4784433,41.6628909,41.2705794,33.1403512,58.9501215,1217.77626455164,11.2517302304362,7.60624815307516,
TGO,Togo,2004,21.1697196,39.0071331,35.5897042,29.1762005,54.3251261,1427.00228439547,6.31025984592111,2.06326412063306,
TGO,Togo,2012,27.5056274,41.2308988,40.9709334,31.2786624,54.7722968,1645.31290397424,20.9936889901917,4.52211105280759,0.15973
TGO,Togo,2018,33.052911,45.0064693,44.0957976,32.5733271,50.9850122,2067.0664295966,4.87362329556752,4.77675656828307,
TGO,Togo,2024,35.7568956,46.0727275,48.4262622,34.4270752,52.0677499,3365.45809007306,,6.26407667950394,0.22229
THA,Thailand,1996,59.2285558,67.4427449,53.9558421,44.1422183,73.7595376,7322.41464672146,0.884654104500189,0.46598647294813,0.11918
THA,Thailand,2004,54.5948805,56.2123497,59.7023091,38.9958608,55.6581401,9545.33813809417,2.39381750940094,0.0313559660249106,0.23828
THA,Thailand,2012,54.8456403,54.9783525,56.1360565,40.3402246,45.0327833,14616.6497925392,2.90571167294829,-0.0346318176482192,0.44163
THA,Thailand,2018,54.7516616,51.8246908,57.1515751,40.3060731,49.1566626,18876.2208766741,1.81670642609227,-0.0869413910259997,1.11375
THA,Thailand,2024,56.27225,53.2556386,56.5410603,37.1805433,54.2220045,24712.0658575135,,0.0168927193799064,0.93628
TJK,Tajikistan,1996,25.9462734,25.6984198,25.8046449,20.3929918,24.8925567,836.429096851095,0.911480712324929,10.6620369690835,
TJK,Tajikistan,2004,28.1021952,41.0767443,38.4640425,20.9374102,46.1348882,1550.072020439,0.670242624415773,11.3401573829087,0.06697
TJK,Tajikistan,2012,31.9722727,35.8343727,39.8474689,21.3272176,47.6082309,2679.0692960897,1.70765801661998,4.04567037031609,0.11432
TJK,Tajikistan,2018,37.9433582,38.0306133,42.7259298,20.5636684,54.4066908,3069.10385079592,5.40040742136206,4.49075789057439,0.09401
TJK,Tajikistan,2024,39.6559136,36.5918157,42.8953543,23.2055692,61.1858126,5405.98011619139,,3.4751537144387,
TKM,Turkmenistan,1996,25.9462734,29.8267529,20.8609448,29.1430773,72.751344,3636.47981794861,58.5978853551026,0.986610699308045,
TKM,Turkmenistan,2004,22.4174073,36.5074901,25.6043967,21.8423606,61.3197135,4798.15317447398,44.100559936972,0.80282058671455,
TKM,Turkmenistan,2012,25.6650331,32.813433,26.486191,17.5302235,69.8590669,11035.451277853,30.8737007585666,0.11829226696331,
TKM,Turkmenistan,2018,33.4162634,31.4367213,27.1248957,18.4703011,63.6450061,14368.4621432532,20.0690091609088,0.0523945372109728,0.08
TKM,Turkmenistan,2024,30.7465703,32.6429799,28.2317608,21.5970433,70.0894499,21213.0862501953,,0.0798672735327719,0.09
TLA,Latin America & the Caribbean (IDA & IBRD countries),1996,,,,,,7794.75688619014,3.12120817870549,0.254966640701431,
TLA,Latin America & the Caribbean (IDA & IBRD countries),2004,,,,,,9830.48213829241,5.04096117646168,0.241393080589583,0.556039719579503
TLA,Latin America & the Caribbean (IDA & IBRD countries),2012,,,,,,14616.8414206646,6.1754436745382,0.131727888729005,0.683821690293271
TLA,Latin America & the Caribbean (IDA & IBRD countries),2018,,,,,,16834.6734570696,3.47412792005921,0.154970218194431,0.640243984922371
TLA,Latin America & the Caribbean (IDA & IBRD countries),2024,,,,,,22984.6879888508,,,0.682501882174588
TLS,Timor-Leste,1996,,,,,,1116.28711838839,,0.012930281088455,
TLS,Timor-Leste,2004,41.9493474,52.0553917,37.2424576,44.544363,57.2096635,1378.85404331124,0.520108397399869,23.6703849461111,
TLS,Timor-Leste,2012,26.8889797,37.9083915,38.4572008,31.5065578,58.7097731,2386.13598109278,,6.56841629367122,
TLS,Timor-Leste,2018,32.3196926,41.048918,40.0786842,35.9244812,70.1429921,3561.2877375981,62.7689541343655,9.28755198118349,
TLS,Timor-Leste,2024,33.8688152,46.1963829,43.2827099,40.213296,74.8794996,4422.77882172399,,11.3345943401069,
TMN,"Middle East, North Africa, Afghanistan & Pakistan (IDA & IBRD)",1996,,,,,,4644.06997997549,13.4034280468418,1.16998483840317,
TMN,"Middle East, North Africa, Afghanistan & Pakistan (IDA & IBRD)",2004,,,,,,6390.75079007121,18.6282167640733,1.25554356626525,0.399556830861665
TMN,"Middle East, North Africa, Afghanistan & Pakistan (IDA & IBRD)",2012,,,,,,8427.11902439612,20.5715410146561,0.513459241611779,
TMN,"Middle East, North Africa, Afghanistan & Pakistan (IDA & IBRD)",2018,,,,,,8763.5289789876,18.3662940740219,1.56030851209765,0.493250414559265
TMN,"Middle East, North Africa, Afghanistan & Pakistan (IDA & IBRD)",2024,,,,,,11271.5643550071,,,
TON,Tonga,1996,,72.5207113,,,,3409.53731725311,0.0635689367095886,12.9098639127195,
TON,Tonga,2004,37.9185184,55.4340214,46.441727,49.8061559,76.1310872,4235.12041303239,0.0314037620833385,8.71606839962638,
TON,Tonga,2012,45.2261411,57.5188296,48.1393737,43.3042411,81.2938455,4996.44460870387,0.0398683612912305,16.1195443283327,
TON,Tonga,2018,55.3405159,59.6433722,50.9058655,46.1344671,80.5202044,6392.60067749647,0.0399575891818241,18.8481239234468,
TON,Tonga,2024,50.6156521,68.9135234,51.7954824,39.7740182,87.3280609,7802.66986206107,,20.3478186153954,
TSA,South Asia (IDA & IBRD),1996,,,,,,1666.88790194005,2.21670542652667,0.984777155307551,0.623488631237301
TSA,South Asia (IDA & IBRD),2004,,,,,,2612.05181393986,2.91077621281472,0.839746370680948,0.740626265197392
TSA,South Asia (IDA & IBRD),2012,,,,,,4712.83282343223,3.69319465147743,0.684113013487262,0.74399
TSA,South Asia (IDA & IBRD),2018,,,,,,6648.98749304948,2.00324012469636,0.386221357602443,0.641760020059033
TSA,South Asia (IDA & IBRD),2024,,,,,,10973.7101715804,,,
TSS,Sub-Saharan Africa (IDA & IBRD countries),1996,,,,,,2100.50104050179,13.1387502085988,3.33223063307768,
TSS,Sub-Saharan Africa (IDA & IBRD countries),2004,,,,,,2769.54306336477,10.1581103049489,3.35656172147252,
TSS,Sub-Saharan Africa (IDA & IBRD countries),2012,,,,,,3822.58839020197,13.637569244717,2.55327150636104,
TSS,Sub-Saharan Africa (IDA & IBRD countries),2018,,,,,,4316.46732978625,8.61236198928908,2.54857239778387,
TSS,Sub-Saharan Africa (IDA & IBRD countries),2024,,,,,,5517.42113558704,,,
TTO,Trinidad and Tobago,1996,51.2867936,69.9624659,59.2458905,65.020841,68.5401316,9882.72571803915,13.9994543672843,0.287862975928922,0.10325
TTO,Trinidad and Tobago,2004,57.162617,59.8817473,64.7826291,51.1452508,64.855545,20673.7458449273,10.8323099394832,-0.0117985017897267,0.11441
TTO,Trinidad and Tobago,2012,57.79999,55.7465144,61.5937582,45.7179105,68.1594716,31883.2297483766,19.0454490519432,0.0205897773805389,0.04155
TTO,Trinidad and Tobago,2018,58.5127067,54.8663573,53.8432531,42.2369778,67.8691049,28673.2413951653,11.2320374302733,,0.08371
TTO,Trinidad and Tobago,2024,53.5044657,50.5703661,51.604828,40.9763694,72.0440017,36328.5130065685,,,0.05039
TUN,Tunisia,1996,61.7456133,52.5972345,52.548768,40.4340765,68.2541515,5039.71098016721,3.08155016721926,0.68389277226035,
TUN,Tunisia,2004,56.7129837,54.2078139,53.4119868,44.7216343,65.2997691,7671.84535965305,3.04495874209081,1.11564394035814,0.73095
TUN,Tunisia,2012,53.9023545,53.9493263,52.182666,47.8881572,54.3872024,10614.531301194,6.61237658820711,2.251052233298,0.64937
TUN,Tunisia,2018,53.3457442,55.9765957,53.0175341,47.8818985,56.3282222,11841.4061980603,2.82187987069052,1.93708049744182,0.71645
TUN,Tunisia,2024,46.6866126,50.6915088,48.7100878,43.3985605,50.0970303,14521.0080937638,,2.61210641637506,
TUR,Turkiye,1996,54.1290757,54.7642049,52.7303933,42.0076979,49.594599,10624.481898266,0.375047056554969,0.0994503142877492,0.45159
TUR,Turkiye,2004,52.9190452,59.3324591,54.3675693,44.5260342,54.3133791,10759.3363431927,0.258039998415792,0.0714072770021877,0.49713
TUR,Turkiye,2012,58.8220358,55.1371299,62.2976509,51.0634993,50.1846692,20739.2725488506,0.748490714870341,0.354162588303747,0.82595
TUR,Turkiye,2018,52.2695935,44.7632614,55.6793272,43.1645279,46.6927681,28640.3401839802,0.52996663633101,0.1538596716039,1.27093
TUR,Turkiye,2024,49.9654888,42.4489468,51.5312748,36.4544855,49.3131044,45639.0192735944,,0.13722599295077,1.42224
TUV,Tuvalu,1996,,72.5207113,,,,1981.50259169479,0.0,42.2160070513452,
TUV,Tuvalu,2004,37.1072789,68.4652638,49.6104735,61.2894861,81.7155014,2764.91389633307,0.0,21.1783347178524,
TUV,Tuvalu,2012,40.0558596,71.0831838,38.1446349,43.1775392,92.2888719,3170.40106063439,0.0,49.896680776837,
TUV,Tuvalu,2018,40.2760767,71.7222173,45.5395418,47.0465547,88.5958436,4431.73186603207,0.0,39.3656156023171,
TUV,Tuvalu,2024,37.9049407,77.985113,48.5193751,59.5688808,90.9832569,6151.01047041608,,81.1484406707923,
TZA,Tanzania,1996,29.7309255,53.4614511,44.1780503,36.4929465,49.1883643,1025.87158203125,11.2990228895592,9.26352265438513,
TZA,Tanzania,2004,37.4620876,48.2387255,46.5618611,35.6095593,54.4393474,1482.162109375,5.35429372711806,10.768081128605,
TZA,Tanzania,2012,39.6484529,49.4698639,47.2154571,35.3366144,63.7660225,2083.48486328125,6.8325198508577,7.22165919270816,0.51456
TZA,Tanzania,2018,42.2802282,47.4631509,44.6664643,40.9805534,54.5493392,2727.88012695313,3.61159728659091,4.35588336393621,
TZA,Tanzania,2024,45.6540613,48.0250787,46.4192385,41.9016869,59.2394684,4220.79638671875,,3.94261128973222,
UGA,Uganda,1996,35.5680728,50.0970219,51.1008933,34.0847828,37.0366334,969.380449356499,18.5824681208781,11.250259775264,
UGA,Uganda,2004,40.6937615,44.7287023,52.0569694,31.0101382,46.1353648,1405.24288438896,15.1925629839147,15.8223537372308,0.26056
UGA,Uganda,2012,41.3771021,48.3645891,48.1716752,30.5132288,51.1971025,2031.94669538814,10.6585708011681,6.14500428197936,0.14265
UGA,Uganda,2018,41.6890095,45.0276402,48.5369397,27.0135747,53.2612482,2312.05752813495,8.38888217833344,6.07970266543343,
UGA,Uganda,2024,44.5324232,44.2541878,46.5941247,25.2618885,48.4331578,3273.2671741364,,4.74668094734475,0.4383
UKR,Ukraine,1996,28.660295,41.3631562,43.3894713,27.1098171,62.2703746,3812.24560546875,3.00659576743048,,1.1923
UKR,Ukraine,2004,36.0692891,43.7755581,47.8330786,25.3391828,56.3679198,6663.46728515625,3.35413577019042,0.474531618403603,1.04392
UKR,Ukraine,2012,37.8091089,45.3646396,43.9565659,23.2567945,61.6957205,9552.314453125,4.70265519474683,0.427491476303355,0.72363
UKR,Ukraine,2018,44.2785291,48.078709,49.3337166,27.821805,41.1917481,12554.8486328125,2.91046955095297,0.925520694973838,0.47113
UKR,Ukraine,2024,39.6965613,44.5695791,50.1179221,34.2448063,58.5097612,18550.462890625,,20.9001522896519,0.36988
URY,Uruguay,1996,65.694688,66.2893799,61.0786289,67.9318429,76.7941403,9524.08700354576,0.381449645677067,0.180907514403698,0.26501
URY,Uruguay,2004,56.7098513,67.1355992,58.9504097,64.0361268,74.6324945,11103.1125898913,0.800895044345689,0.186907603536987,0.46031
URY,Uruguay,2012,60.8927014,69.276146,65.4780777,74.8116773,81.0107538,19495.4223660846,1.17962644777555,0.0344525766639668,0.30808
URY,Uruguay,2018,61.8662013,71.866572,64.324045,75.4388754,84.906645,24386.4948473952,1.97299244228802,0.0677663896408513,0.50484
URY,Uruguay,2024,64.7661835,73.3245819,65.0645101,78.7823863,87.7236127,36417.874162496,,,0.70196
USA,United States,1996,85.2031883,83.3933063,76.2752759,81.8522316,82.0871748,29967.7127181748,0.999135594441053,,2.45013
USA,United States,2004,83.0630278,82.8384746,81.2916254,80.5431103,67.2571446,41724.6411982614,1.25369196394813,,2.48685
USA,United States,2012,81.0674724,80.7890154,77.6095065,73.42193,76.4977694,51708.3940614082,0.776694501385092,,2.67272
USA,United States,2018,83.2803088,77.1374928,78.2710025,73.1653584,70.8565316,62875.6661382728,0.595678810382377,,2.98956
USA,United States,2024,77.7839316,73.5177858,76.1934585,69.8551773,64.2697196,85809.9003846359,,,3.44716
UZB,Uzbekistan,1996,29.5157443,34.1181712,26.0903568,22.8316534,55.5449044,2213.95263919712,10.6468479718971,0.631959380190467,
UZB,Uzbekistan,2004,24.9437553,38.4557917,29.0208523,22.6834085,43.9340692,3321.19654400978,18.7848672272018,2.02944845202254,0.27041
UZB,Uzbekistan,2012,29.0640209,36.275452,32.0329051,20.1481927,56.3074681,6168.13764755172,17.2844522443221,0.374627708188029,0.15512
UZB,Uzbekistan,2018,40.8414796,41.5506875,36.762057,23.339386,62.2739703,8128.75520303523,18.6507971459477,1.75751502434929,0.11164
UZB,Uzbekistan,2024,48.5484689,45.670923,46.555286,32.586308,65.4377423,11878.5528706848,,1.157994937943,0.10416
VCT,St. Vincent and the Grenadines,1996,,72.5207113,,,82.3012517,5439.80998829488,0.0255986941131515,8.1614276728751,
VCT,St. Vincent and the Grenadines,2004,55.6237959,69.4125116,55.672678,52.0894314,81.8603875,8471.96246265832,0.0145943068486417,2.03408748186352,0.1139
VCT,St. Vincent and the Grenadines,2012,70.6377117,75.0340832,63.602277,71.2289318,80.7338303,10988.5026140095,0.0269643348103745,1.14468359782794,
VCT,St. Vincent and the Grenadines,2018,62.0761111,67.5173567,58.6370237,63.09947,79.3888593,14689.8500710886,0.0209304790297473,2.05685952053976,
VCT,St. Vincent and the Grenadines,2024,56.5559402,65.6008313,56.5377262,62.1255222,83.6293392,21272.0800673662,,1.98081784314213,
VEN,"Venezuela, RB",1996,37.1554495,43.4257402,44.0405392,32.0839637,56.427468,13824.4687092075,23.8367720643582,0.0524281429916007,
VEN,"Venezuela, RB",2004,29.2964216,35.4984352,37.4323676,27.6280915,44.1463679,14757.1084670299,23.8297115705399,0.0428280041344901,0.18907
VEN,"Venezuela, RB",2012,33.3372857,25.4336228,31.6750562,22.2641658,45.0855723,21241.4350725543,18.7812359044725,0.0140499051728954,0.2501
VEN,"Venezuela, RB",2018,20.3087248,17.2687585,21.0136831,15.57127,40.8698504,,,0.158513462404584,
VEN,"Venezuela, RB",2024,22.83069,19.0276028,24.8486239,15.7286763,36.1651626,,,0.39205716032986,
VIR,Virgin Islands (U.S.),2004,63.8781907,71.3149724,66.8122153,58.9928229,74.3912511,34609.1947981106,4.55087436911593,,0.03424
VIR,Virgin Islands (U.S.),2012,76.0047104,70.5248239,69.3803199,65.1936875,79.9217625,33878.983108434,1.96183734012522,,
VIR,Virgin Islands (U.S.),2018,66.2771005,75.8958937,68.634521,58.9710329,79.8331773,36746.4868901838,0.372382849153501,,
VIR,Virgin Islands (U.S.),2024,58.62793,66.9350825,72.2449856,46.4002971,82.483526,49793.0324395716,,,
VNM,Viet Nam,1996,40.3533317,45.2718825,42.0664132,33.7228135,73.4560966,2019.18249095772,7.00278823071902,3.72438597361357,
VNM,Viet Nam,2004,38.7043641,44.2222258,45.8064668,31.5614629,65.7869415,3543.09915520461,11.7642910494755,3.7194078561081,0.19273
VNM,Viet Nam,2012,44.8283573,47.0509563,44.8688054,38.4917778,67.6975988,6376.79765706172,7.29867693307343,2.17219868944015,0.29932
VNM,Viet Nam,2018,51.6994735,52.0515382,50.2564141,39.8572899,64.9675576,10009.9714756006,3.26009968480725,0.558921597096612,0.41652
VNM,Viet Nam,2024,49.5458577,51.5616803,50.6548775,42.7600555,65.9913074,16385.5065565458,,0.202041500754586,0.41456
VUT,Vanuatu,1996,,63.309369,,51.212979,81.5314164,1997.88187072613,0.908437357701725,13.3860669564946,
VUT,Vanuatu,2004,45.219676,66.1909313,52.5528733,46.0717527,72.8360619,2157.44517059131,0.675079281587889,11.1480122806299,
VUT,Vanuatu,2012,53.0456607,63.4353892,46.1123093,56.1590061,90.7574415,2834.1263087371,0.801186721952393,14.4656613027988,
VUT,Vanuatu,2018,42.8336439,62.7276025,47.8127934,44.0826394,83.3390972,3232.94825800672,0.60798151676621,13.9102165621058,
VUT,Vanuatu,2024,35.457586,64.2200786,49.7409994,44.8063653,82.2964193,3605.60736691735,,11.8100410900786,
WLD,World,1996,,,,,,6893.75191373001,1.77208318904683,0.198370755025083,1.96221176672834
WLD,World,2004,,,,,,9589.68821590027,2.5203306230919,0.180684032309593,1.96568349983534
WLD,World,2012,,,,,,14187.1265331167,4.07539694074466,0.176845515140185,2.01197512481822
WLD,World,2018,,,,,,17300.0026687715,2.53034279011438,0.192948352466816,2.21527458558344
WLD,World,2024,,,,,,24526.0119989325,,0.243681414634143,2.59056888571504
WSM,Samoa,1996,46.0244582,69.4822373,56.6422371,47.0151357,88.4580105,2681.19318054196,1.85156487059107,14.3128831270717,
WSM,Samoa,2004,46.0309155,66.1579607,53.8049238,44.4472744,80.5101434,3996.7446356324,0.403326023249032,8.00780424619942,
WSM,Samoa,2012,50.5237519,71.3418366,53.2826674,51.4849969,82.3013866,5338.73979322922,0.39649921551572,15.7158815008836,
WSM,Samoa,2018,67.4138621,72.8202911,56.155069,60.3725365,82.8957716,6318.26977293454,0.264678611319933,15.083196438941,
WSM,Samoa,2024,59.7887088,75.0869803,53.2582407,61.7833047,87.0491406,8736.81606772538,,11.3409860690099,
XKX,Kosovo,2004,42.2575487,67.1259389,,49.7208318,68.7212478,,,,
XKX,Kosovo,2012,41.6120598,51.047989,51.3994179,38.6451398,52.8873832,7897.56692777876,0.984751666231743,8.90981998034805,
XKX,Kosovo,2018,44.9839775,52.6543465,49.1326089,40.0081946,58.8296176,10018.7387080811,0.582555742632103,4.30722285992559,
XKX,Kosovo,2024,50.1486573,57.8620111,51.3465962,42.6987358,60.3959884,17864.4160145118,,3.76533715574932,
YEM,"Yemen, Rep.",1996,34.9908265,36.313942,44.4037724,33.7639686,33.9740323,2267.70062252837,36.5843551114901,4.25682329113019,
YEM,"Yemen, Rep.",2004,27.8870374,36.156471,41.6986568,24.2716362,38.0237091,2948.84642049672,34.1535884387229,2.12851356652432,
YEM,"Yemen, Rep.",2012,28.1381472,33.7436457,41.6621112,22.4880939,25.4493383,3004.92091434025,18.8463591940271,2.10398970855669,
YEM,"Yemen, Rep.",2018,13.7018587,27.9602229,31.3976401,12.3707839,19.3591175,,4.87867391772049,38.0320424626616,
YEM,"Yemen, Rep.",2024,14.9257528,24.237016,29.8788444,14.7421343,18.9103565,,,,
ZAF,South Africa,1996,63.3121811,56.7649423,57.6558206,65.3860104,56.3203032,7208.00603160939,4.64270090290704,0.226288783850357,0.52694
ZAF,South Africa,2004,60.482382,59.2475174,64.9081175,52.3227313,65.6265862,9713.65348468834,4.77963979439938,0.251143523831332,0.72681
ZAF,South Africa,2012,57.4905229,57.1425296,64.9902582,47.2643576,63.8091996,12986.7976675307,6.40436399402211,0.251661597696877,0.66934
ZAF,South Africa,2018,54.2202351,55.7886824,55.9437729,46.8965568,60.7804491,13347.3634826038,3.86949148830953,0.233782961836093,0.68586
ZAF,South Africa,2024,46.9478119,57.2693915,53.9146724,43.9726469,55.3527432,15456.1989933658,,0.40046031574028,0.61479
ZMB,Zambia,1996,25.109255,49.0494339,44.9708433,31.1433234,63.8671575,1584.58166347442,7.40724986790176,17.9304151623301,0.01104
ZMB,Zambia,2004,31.4275757,48.8746024,43.7407766,35.5974164,63.2091674,2067.9372845653,13.7756377211636,19.3810241410627,0.02223
ZMB,Zambia,2012,41.6129795,48.5500103,46.8392456,42.4033248,73.698915,3323.63312219856,13.5753487511819,3.81771924367104,
ZMB,Zambia,2018,41.5797263,48.6730341,47.9651579,35.3753648,60.9123088,3442.27307196302,11.7483463033985,3.86152074456547,
ZMB,Zambia,2024,40.9757367,47.3064578,48.2283671,38.6078994,64.1728259,4214.89277804799,,5.48803893185947,
ZWE,Zimbabwe,1996,51.1207747,45.7553363,32.5300518,39.8267515,55.6071293,3372.4697143022,7.99042829291191,5.71784534572423,
ZWE,Zimbabwe,2004,32.5333532,27.0136273,26.4281491,19.3792593,39.5372345,2591.02005431794,8.43730994677101,4.70450667496565,
ZWE,Zimbabwe,2012,24.9430514,28.6530174,28.3833873,20.9558583,44.1004696,3472.48572001016,5.96773281078297,6.15711445194234,
ZWE,Zimbabwe,2018,30.9765172,34.6905975,33.299183,21.3155908,51.8107504,3992.890718675,3.37818944674235,2.37686119647224,
ZWE,Zimbabwe,2024,32.136983,36.1235607,36.2828944,22.5194258,48.5183369,5928.0806252756,,2.22839349187742,
