iso3,country,year,Track,GovEff,RuleLaw,RegQual,CPI,CtrlCorr,GII,RD,ECI,EduIdx,LifeExpIdx,GDPpcPPP,ResRents,ODA,PolStab,FSI,P1,P2,P3,P4,P5,v1_raw,v1_MScore,P1_GPA,P2_GPA,P3_GPA,P4_GPA,P5_GPA,v2_GPA,pillar_spread,config_profile,gap_count,gaps_noted
SWE,Sweden,1996,2,85.5208,86.7243,73.7626,,98.0274,,3.2727,1.6250,0.8161,0.9084,23951.7671,0.3045,,92.4104,,0.8601,0.7200,0.8622,0.8937,0.9241,0.8386,0.9014,3.7938,3.9857,3.8103,3.3591,3.9358,3.7989,0.0783,P5>P4>P3>P1>P2,1,ODA
CHE,Switzerland,1996,2,87.0414,90.7251,74.6972,,90.5103,,2.3765,1.6220,0.7521,0.9084,31509.4795,0.0184,,91.8069,,0.8574,0.6491,0.8302,0.9097,0.9181,0.8164,0.8425,3.8413,3.8451,3.7303,3.5894,3.9144,3.8239,0.1090,P5>P4>P1>P3>P2,1,ODA
FIN,Finland,1996,2,83.7406,90.1637,74.6535,,95.7261,,2.4551,1.5440,0.8113,0.8749,20067.4534,0.4738,,92.4866,,0.8607,0.6483,0.8431,0.8834,0.9249,0.8150,0.8388,3.8188,3.8797,3.6277,3.2240,3.9572,3.7387,0.1072,P5>P4>P1>P3>P2,1,ODA
NLD,Netherlands,1996,2,88.8672,86.6886,79.4886,,93.4110,,1.8373,1.0400,0.8540,0.8855,24564.1192,0.4856,,93.3393,,0.8711,0.5544,0.8698,0.8938,0.9334,0.8024,0.8053,3.8993,3.3767,3.7723,3.3201,4.0000,3.7399,0.1532,P5>P4>P1>P3>P2,1,ODA
DEU,Germany,1996,2,85.9133,86.1730,73.0815,,89.1071,,2.1366,1.5680,0.8279,0.8736,24169.0699,0.0823,,87.7216,,0.8357,0.6253,0.8508,0.8956,0.8772,0.8023,0.8049,3.7192,3.7256,3.6605,3.4488,3.5936,3.6738,0.1096,P4>P5>P3>P1>P2,1,ODA
JPN,Japan,1996,2,73.2135,80.8315,60.7317,,72.2621,,2.6430,1.9750,0.8066,0.9287,24999.4894,0.0191,,88.4939,,0.7176,0.7018,0.8677,0.8978,0.8849,0.7964,0.7894,3.3177,3.9789,3.8195,3.5387,3.7005,3.6358,0.0959,P4>P5>P3>P1>P2,1,ODA
USA,United States,1996,2,85.2032,83.3933,76.2753,,81.8522,,2.4501,1.2440,0.8768,0.8642,29967.7127,0.9991,,82.0872,,0.8168,0.6210,0.8705,0.9006,0.8209,0.7958,0.7876,3.7212,3.7444,3.7097,3.2308,3.2086,3.5800,0.1092,P4>P3>P5>P1>P2,1,ODA
DNK,Denmark,1996,2,85.9359,89.0483,78.7778,,95.5410,,1.8081,1.0970,0.8219,0.8564,23722.7801,0.5370,,90.4751,,0.8733,0.5572,0.8392,0.8916,0.9048,0.7942,0.7836,3.9023,3.3985,3.5754,3.2694,3.8289,3.6751,0.1452,P5>P4>P1>P3>P2,1,ODA
NOR,Norway,1996,2,88.2250,90.1613,76.2672,,93.1109,,1.5935,1.2510,0.8370,0.8959,26826.3013,8.0435,,92.7293,,0.8694,0.5541,0.8664,0.8479,0.9273,0.7915,0.7763,3.8804,3.3872,3.8000,2.7938,3.9786,3.6307,0.1478,P5>P1>P3>P4>P2,1,ODA
AUT,Austria,1996,2,86.1009,88.6506,76.2415,,86.9235,,1.5895,1.4320,0.7739,0.8773,24426.7641,0.1432,,90.1328,,0.8448,0.5700,0.8256,0.8958,0.9013,0.7881,0.7673,3.8048,3.4233,3.6318,3.4265,3.7861,3.6793,0.1367,P5>P4>P1>P3>P2,1,ODA
CAN,Canada,1996,2,85.8946,87.1595,73.5470,,91.9717,,1.6068,1.1820,0.8606,0.8965,24054.9166,3.2030,,87.9695,,0.8464,0.5489,0.8785,0.8746,0.8797,0.7874,0.7655,3.7611,3.3226,3.8369,2.9390,3.6578,3.5641,0.1442,P5>P3>P4>P1>P2,1,ODA
AUS,Australia,1996,2,82.4733,86.0524,69.4978,,91.3809,,1.6622,0.7620,0.8775,0.8976,22133.8443,2.0515,,91.5811,,0.8235,0.5156,0.8875,0.8780,0.9158,0.7795,0.7444,3.6697,3.0932,3.8974,3.0171,3.8930,3.5616,0.1647,P5>P3>P4>P1>P2,1,ODA
GBR,United Kingdom,1996,2,83.6073,85.4431,82.1984,,89.3625,,1.5754,1.3550,0.7583,0.8750,21946.6006,0.8550,,83.8590,,0.8515,0.5620,0.8166,0.8855,0.8386,0.7777,0.7396,3.7967,3.3737,3.5979,3.1571,3.3583,3.5413,0.1304,P4>P1>P5>P3>P2,1,ODA
SGP,Singapore,1996,2,94.7718,81.4286,84.2606,,87.4922,,1.3199,0.9560,0.7569,0.8623,36872.7036,0.0008,,85.8876,,0.8699,0.5060,0.8096,0.9180,0.8589,0.7754,0.7335,3.8539,3.0812,3.5026,3.6736,3.5080,3.6289,0.1647,P4>P1>P5>P3>P2,1,ODA
BEL,Belgium,1996,2,83.9667,81.0445,71.7107,,78.2349,,1.7430,1.2360,0.8309,0.8798,22745.2146,0.0226,,87.5014,,0.7874,0.5645,0.8554,0.8929,0.8750,0.7751,0.7329,3.5915,3.4564,3.7354,3.4766,3.5722,3.6041,0.1349,P4>P5>P3>P1>P2,1,ODA
NZL,New Zealand,1996,2,89.9256,88.4773,81.2242,,95.2611,,1.0565,0.6090,0.8626,0.8740,18392.1664,1.6402,,89.7343,,0.8872,0.4541,0.8683,0.8712,0.8973,0.7730,0.7271,3.9419,2.7398,3.7374,2.9886,3.7647,3.5493,0.1913,P5>P1>P4>P3>P2,1,ODA
FRA,France,1996,2,81.0104,81.3653,66.2149,,76.3572,,2.2322,1.2460,0.7307,0.8932,21268.4888,0.0731,,79.8813,,0.7624,0.6040,0.8119,0.8891,0.7988,0.7617,0.6972,3.5142,3.6955,3.6031,3.3978,3.1016,3.5015,0.1053,P4>P3>P5>P1>P2,1,ODA
IRL,Ireland,1996,2,79.7981,82.9985,75.9953,,86.0091,,1.2716,1.1260,0.7186,0.8589,20481.5734,0.1262,,89.6979,,0.8120,0.5175,0.7888,0.8868,0.8970,0.7572,0.6852,3.6663,3.1602,3.4123,3.3417,3.7433,3.5338,0.1542,P5>P4>P1>P3>P2,1,ODA
CHL,Chile,1996,2,70.8408,77.4607,75.1987,,80.0529,,,0.2220,0.6359,0.8547,7895.1983,4.9587,0.2584,77.3399,,0.7589,0.6731,0.7453,0.8011,0.7734,0.7446,0.6519,3.5387,2.0857,3.0615,2.2305,2.7807,2.8969,0.0479,P4>P5>P1>P3>P2,1,RD
ISR,Israel,1996,2,77.8229,77.2902,65.9521,,81.6081,,2.4753,1.0890,0.7105,0.9011,21671.6202,0.0032,1.9546,49.1880,,0.7567,0.6091,0.8058,0.8580,0.4919,0.7234,0.5956,3.4733,3.6579,3.6113,2.9419,0.8556,3.0327,0.1507,P4>P3>P1>P2>P5,0,
SVN,Slovenia,1996,2,66.3938,75.1451,65.8089,,75.4309,,1.2669,1.2490,0.6630,0.8430,14284.3393,0.1932,0.3818,87.8864,,0.7069,0.5281,0.7530,0.8614,0.8789,0.7195,0.5854,3.3215,3.2677,3.1344,2.8731,3.6150,3.2740,0.1414,P5>P4>P3>P1>P2,0,
HKG,"Hong Kong SAR, China",1996,2,82.3755,74.3670,76.4809,,76.0730,,0.4283,0.9720,0.6361,0.9147,25098.1950,0.0015,0.0083,78.4691,,0.7732,0.4371,0.7754,0.8980,0.7847,0.7157,0.5753,3.5641,2.4008,3.3826,3.4259,2.9519,3.2706,0.1738,P4>P5>P3>P1>P2,0,
KOR,"Korea, Rep.",1996,2,64.8696,70.4775,58.1775,,60.4805,,2.1423,1.1390,0.7450,0.8311,15163.5568,0.0229,-0.0237,77.1224,,0.6350,0.5873,0.7880,0.8724,0.7712,0.7148,0.5728,2.8670,3.5466,3.3631,3.5442,2.7594,3.1952,0.1170,P4>P3>P5>P1>P2,0,
ITA,Italy,1996,2,65.4922,72.9119,63.2248,,61.9341,,0.9442,1.2310,0.6831,0.8990,23100.7867,0.0801,,85.0536,,0.6589,0.5011,0.7911,0.8933,0.8505,0.7119,0.5652,3.0951,3.1053,3.5210,3.4262,3.4652,3.3212,0.1597,P4>P5>P3>P1>P2,1,ODA
ESP,Spain,1996,2,77.9048,79.5395,68.8943,,78.4397,,0.7880,1.0020,0.6776,0.8975,16971.2538,0.0597,,69.1661,,0.7619,0.4682,0.7875,0.8775,0.6917,0.7097,0.5593,3.5105,2.8782,3.4605,3.3638,2.3316,3.2248,0.1544,P4>P3>P1>P5>P2,1,ODA
ISL,Iceland,1996,2,76.5657,84.1154,66.1378,,84.2967,,1.7981,,0.8164,0.9022,24776.2989,0.0000,,91.2341,,0.7778,0.2827,0.8593,0.8975,0.9123,0.7077,0.5540,3.5556,3.3263,3.8082,3.6619,3.8717,3.6690,0.2642,P5>P4>P3>P1>P2,2,ECI; ODA
ARE,United Arab Emirates,1996,2,60.5301,67.7539,62.3286,,52.7410,,,0.2140,0.5361,0.7972,94619.5988,20.7196,,83.8910,,0.6084,0.6717,0.6666,0.8284,0.8389,0.7029,0.5413,2.7913,2.0571,2.3262,2.6376,3.3797,2.6981,0.1043,P5>P4>P2>P3>P1,2,RD; ODA
CZE,Czechia,1996,2,64.1617,70.7022,62.1195,,64.2159,,0.8837,1.2890,0.7119,0.8282,14780.8272,0.7020,,84.7587,,0.6530,0.5015,0.7701,0.8661,0.8476,0.7006,0.5352,2.9809,3.1699,3.2759,3.0946,3.4439,3.1831,0.1517,P4>P5>P3>P1>P2,1,ODA
PRT,Portugal,1996,2,65.3841,78.6012,69.6203,,79.7657,,0.5495,0.6000,0.6529,0.8535,14922.0004,0.1768,,88.7519,,0.7334,0.4133,0.7532,0.8701,0.8875,0.7001,0.5338,3.4001,2.2692,3.0779,3.2515,3.7219,3.2347,0.1906,P5>P4>P3>P1>P2,1,ODA
BRA,Brazil,1996,2,51.6821,51.0984,53.1749,,50.2720,,,0.8160,0.5527,0.7401,8300.6341,1.1489,0.0307,65.3389,,0.5156,0.7797,0.6464,0.8329,0.6534,0.6850,0.4938,2.2088,3.0857,2.0113,2.6350,2.0535,2.3912,0.1245,P4>P2>P5>P3>P1,1,RD
HUN,Hungary,1996,2,67.1599,71.8662,61.8628,,66.2956,,0.6279,0.9190,0.6886,0.7784,9387.5760,0.7553,,83.6608,,0.6680,0.4481,0.7335,0.8424,0.8366,0.6779,0.4748,3.1378,2.6880,2.9005,2.9817,3.3369,3.0644,0.1615,P4>P5>P3>P1>P2,1,ODA
CYP,Cyprus,1996,2,74.2571,71.7586,69.0923,,79.0597,,0.2033,0.4290,0.6331,0.8751,17319.9980,0.0147,0.2370,74.7717,,0.7354,0.3707,0.7541,0.8749,0.7477,0.6771,0.4728,3.3567,1.6293,3.1682,3.1277,2.6310,2.9391,0.1907,P4>P3>P5>P1>P2,0,
POL,Poland,1996,2,64.8620,68.2744,59.7950,,64.9089,,0.6369,0.8900,0.7295,0.8039,8310.2991,0.8367,,78.8341,,0.6446,0.4462,0.7667,0.8355,0.7883,0.6720,0.4592,2.9018,2.6805,3.1795,2.9254,2.9947,2.9616,0.1565,P4>P5>P3>P1>P2,1,ODA
HRV,Croatia,1996,2,44.8229,45.3490,50.0828,,33.1266,,,0.7610,0.5908,0.8150,8805.6367,0.8467,,62.5412,,0.4335,0.7698,0.7029,0.8385,0.6254,0.6716,0.4583,1.5131,3.0000,2.6908,2.9480,1.7968,2.2721,0.1560,P4>P2>P3>P5>P1,2,RD; ODA
OMN,Oman,1996,2,56.5467,65.9140,52.3534,,58.0249,,,-0.1460,,0.8004,34660.6248,37.1448,0.4902,81.0629,,0.5821,0.6071,0.8004,0.6590,0.8106,0.6702,0.4546,2.6163,1.8286,2.8308,2.0757,3.1658,2.5384,0.1075,P5>P3>P4>P2>P1,2,EduIdx; RD
SVK,Slovak Republic,1996,2,61.0084,61.3054,56.1335,,55.3060,,0.8810,1.1270,0.6339,0.8114,9499.5720,0.4899,,84.1231,,0.5844,0.4867,0.7227,0.8447,0.8412,0.6654,0.4417,2.6082,3.0060,2.8636,3.0602,3.4011,2.9521,0.1583,P4>P5>P3>P1>P2,1,ODA
GRC,Greece,1996,2,61.2174,74.0628,60.6372,,62.1131,,0.4427,0.3970,0.6614,0.8929,15778.4020,0.0727,,77.0564,,0.6451,0.3867,0.7772,0.8737,0.7706,0.6652,0.4411,3.0217,2.0218,3.3262,3.3357,2.7380,2.9680,0.1883,P4>P3>P5>P1>P2,1,ODA
LBN,Lebanon,1996,2,46.0269,52.9708,47.7327,,35.0422,,,0.2570,,0.8094,7559.7565,0.0089,1.6698,53.7432,,0.4544,0.6794,0.8094,0.8083,0.5374,0.6608,0.4294,1.7306,2.1143,2.9333,2.6581,1.1765,2.0947,0.1597,P3>P4>P2>P5>P1,2,EduIdx; RD
BHR,Bahrain,1996,2,60.5301,59.1159,59.0917,,50.0345,,,0.3360,0.5346,0.8248,40105.8477,22.4741,2.1775,60.9200,,0.5719,0.6936,0.6797,0.7362,0.6092,0.6605,0.4287,2.5597,2.3143,2.4769,1.9751,1.6471,2.2723,0.0664,P4>P2>P3>P5>P1,1,RD
EST,Estonia,1996,2,58.6672,68.5529,67.9821,,57.6908,,0.5650,0.6990,0.7368,0.7697,6891.8558,3.0026,,78.6261,,0.6322,0.4234,0.7532,0.8114,0.7863,0.6555,0.4154,2.9076,2.4466,2.9087,2.5940,2.9733,2.8155,0.1597,P4>P5>P3>P1>P2,1,ODA
QAT,Qatar,1996,2,55.9085,56.7527,48.9511,,48.8155,,,0.3320,0.5902,0.8394,62331.3683,40.4522,,71.1291,,0.5261,0.6929,0.7148,0.6754,0.7113,0.6539,0.4112,2.2233,2.2857,2.7938,2.4975,2.3957,2.4286,0.0787,P3>P5>P2>P4>P1,2,RD; ODA
URY,Uruguay,1996,2,65.6947,66.2894,61.0786,,67.9318,,0.2650,0.1420,0.6198,0.8279,9524.0870,0.3814,0.1809,76.7941,,0.6525,0.3498,0.7238,0.8426,0.7679,0.6407,0.3761,3.0014,1.5053,2.8656,2.8283,2.6952,2.7017,0.1904,P4>P5>P3>P1>P2,0,
JOR,Jordan,1996,2,55.2475,60.9237,49.2198,,51.2176,,,0.2960,0.5541,0.7862,5054.7484,0.1682,7.6824,61.6333,,0.5415,0.6864,0.6702,0.6863,0.6163,0.6399,0.3741,2.3564,2.2143,2.3528,2.0661,1.6898,2.1934,0.0622,P2>P4>P3>P5>P1,1,RD
TUN,Tunisia,1996,2,61.7456,52.5972,52.5488,,40.4341,,,0.0390,0.4568,0.7884,5039.7110,3.0816,0.6839,68.2542,,0.5183,0.6403,0.6226,0.7834,0.6825,0.6391,0.3719,2.1643,1.9714,2.0031,1.9891,2.2460,2.1093,0.0962,P4>P5>P2>P3>P1,1,RD
SAU,Saudi Arabia,1996,2,45.4496,60.5541,49.1533,,40.1272,,,0.6150,0.4981,0.7890,48569.1633,34.3754,0.0087,60.7628,,0.4882,0.7436,0.6436,0.7029,0.6076,0.6380,0.3690,1.9613,2.7714,2.1067,2.3232,1.6257,2.1444,0.0984,P2>P4>P3>P5>P1,1,RD
LTU,Lithuania,1996,2,50.9406,63.9397,64.5128,,56.9216,,0.4889,0.6650,0.6733,0.7722,6479.1946,1.3957,,75.5965,,0.5908,0.4144,0.7228,0.8190,0.7560,0.6352,0.3617,2.7034,2.3128,2.7159,2.6889,2.6738,2.6662,0.1609,P4>P5>P3>P1>P2,1,ODA
JAM,Jamaica,1996,2,50.7095,54.1062,55.9170,,50.1307,,,-0.3060,0.5378,0.7897,6706.1076,2.7964,0.8705,60.0347,,0.5272,0.5784,0.6637,0.7969,0.6003,0.6286,0.3440,2.2761,1.5429,2.3272,2.1158,1.6043,2.0575,0.1038,P4>P3>P5>P2>P1,1,RD
PHL,Philippines,1996,2,48.0772,56.6222,54.6690,,40.6727,,,0.0170,0.5608,0.7183,3082.3097,0.5663,0.8791,55.4328,,0.5001,0.6363,0.6396,0.7715,0.5543,0.6218,0.3259,2.1076,1.9429,1.9692,2.0855,1.2834,1.9455,0.1028,P4>P3>P2>P5>P1,1,RD
MYS,Malaysia,1996,2,66.3729,65.6450,62.1236,,54.9767,,0.2165,0.6680,0.5548,0.8018,11709.2670,12.7125,-0.4748,72.3303,,0.6228,0.3932,0.6783,0.7820,0.7233,0.6184,0.3169,2.8904,1.8639,2.4790,2.6022,2.4813,2.5764,0.1498,P4>P5>P3>P1>P2,0,
ARG,Argentina,1996,2,55.2187,59.1912,58.5718,,43.3037,,0.4175,0.5570,0.6642,0.8162,10495.8392,1.5960,0.0459,66.3961,,0.5407,0.3991,0.7402,0.8418,0.6640,0.6177,0.3152,2.3821,2.0301,3.0144,2.6471,2.0963,2.4616,0.1726,P4>P3>P5>P1>P2,0,
CRI,Costa Rica,1996,2,50.8789,65.9389,58.0001,,67.2795,,0.3022,-0.2890,0.5455,0.8681,6568.4442,2.5788,-0.0018,78.4200,,0.6052,0.3141,0.7068,0.8118,0.7842,0.6120,0.3000,2.7317,1.3541,2.7436,2.7634,2.9305,2.5924,0.2013,P4>P5>P3>P1>P2,0,
LVA,Latvia,1996,2,43.2140,58.0477,63.8815,,41.8881,,0.4089,0.6030,0.6874,0.7475,5688.3497,2.5358,,75.5239,,0.5176,0.4025,0.7175,0.8047,0.7552,0.6100,0.2946,2.2189,2.0519,2.6892,2.5429,2.6524,2.4254,0.1716,P4>P5>P3>P1>P2,1,ODA
VEN,"Venezuela, RB",1996,2,37.1554,43.4257,44.0405,,32.0840,,,0.4230,0.5211,0.7988,13824.4687,23.8368,0.0524,56.4275,,0.3918,0.7092,0.6600,0.7076,0.5643,0.6052,0.2819,1.1645,2.5143,2.2585,2.0543,1.3904,1.7677,0.1337,P2>P4>P3>P5>P1,1,RD
COL,Colombia,1996,2,50.3130,41.9979,50.1276,,37.4354,,,0.2700,0.5294,0.7724,6638.8397,3.7238,0.2051,31.6625,,0.4497,0.6817,0.6509,0.8013,0.3166,0.6050,0.2813,1.6932,2.1429,2.0728,2.2335,0.2781,1.7199,0.1941,P4>P2>P3>P1>P5,1,RD
MUS,Mauritius,1996,2,60.5413,70.8261,57.3111,,57.1083,,0.2753,-0.5360,0.5031,0.7773,7206.3638,0.0139,0.4581,83.0359,,0.6145,0.2898,0.6402,0.8260,0.8304,0.6023,0.2744,2.7781,1.1835,1.9969,2.8156,3.2727,2.5283,0.2203,P5>P4>P3>P1>P2,0,
ROU,Romania,1996,2,34.3526,56.3348,48.2070,,42.6516,,0.6747,0.8300,0.6170,0.7511,5745.6734,3.3467,,74.2350,,0.4539,0.4438,0.6841,0.7998,0.7423,0.5954,0.2560,1.7299,2.7150,2.3497,2.4701,2.6096,2.2830,0.1658,P4>P5>P3>P1>P2,1,ODA
DOM,Dominican Republic,1996,2,45.4496,46.6427,46.0362,,44.4179,,,-0.6110,0.4887,0.7630,5160.9878,0.7034,0.4722,62.5763,,0.4564,0.5237,0.6259,0.8040,0.6258,0.5936,0.2511,1.7185,1.1429,1.8308,2.3499,1.8182,1.8095,0.1315,P4>P3>P5>P2>P1,1,RD
THA,Thailand,1996,2,59.2286,67.4427,53.9558,,44.1422,,0.1192,0.3800,0.4582,0.7683,7322.4146,0.8847,0.4660,73.7595,,0.5619,0.3597,0.6132,0.8209,0.7376,0.5910,0.2443,2.4942,1.3895,1.8215,2.4799,2.5882,2.2580,0.1771,P4>P5>P3>P1>P2,0,
TTO,Trinidad and Tobago,1996,2,51.2868,69.9625,59.2459,,65.0208,,0.1032,0.1660,0.5792,0.7391,9882.7257,13.9995,0.2879,68.5401,,0.6138,0.3392,0.6592,0.7519,0.6854,0.5890,0.2390,2.7678,1.1827,2.1210,2.0083,2.2674,2.2222,0.1594,P4>P5>P3>P1>P2,0,
BGR,Bulgaria,1996,2,39.6125,53.6064,46.6871,,43.9735,,0.4183,0.7270,0.6329,0.7821,6849.0021,1.0016,,64.0015,,0.4597,0.4144,0.7075,0.8245,0.6400,0.5889,0.2388,1.7853,2.2083,2.6318,2.7676,1.9037,2.2174,0.1712,P4>P3>P5>P1>P2,1,ODA
PAN,Panama,1996,2,44.3374,53.2667,57.6554,,41.2848,,0.3328,0.2960,0.5724,0.8031,6420.5126,0.1748,0.6484,67.5392,,0.4914,0.3690,0.6878,0.8158,0.6754,0.5833,0.2240,1.9962,1.7387,2.5559,2.5440,2.1818,2.2064,0.1767,P4>P3>P5>P1>P2,0,
BIH,Bosnia and Herzegovina,1996,2,24.8610,51.6699,33.9259,,37.2655,,,0.5890,,0.8224,2268.5629,0.0917,33.2213,52.9854,,0.3693,0.7390,0.8224,0.4402,0.5299,0.5826,0.2220,1.0083,2.6571,3.0564,1.5274,1.1123,1.7139,0.1940,P3>P2>P5>P4>P1,2,EduIdx; RD
BLR,Belarus,1996,2,35.9854,48.2312,35.9589,,36.3043,,0.9985,0.8700,0.6782,0.7472,4039.3404,3.3712,,67.5819,,0.3912,0.4730,0.7127,0.7814,0.6758,0.5824,0.2216,1.2180,2.9188,2.6123,2.3346,2.2032,2.0893,0.1665,P4>P3>P5>P2>P1,1,ODA
KWT,Kuwait,1996,2,51.2868,70.5085,53.0306,,61.5822,,0.2054,0.3550,0.5321,0.8554,56912.6961,41.1792,,71.5401,,0.5910,0.3642,0.6938,0.6658,0.7154,0.5823,0.2211,2.6458,1.5647,2.5918,2.4862,2.4171,2.4329,0.1431,P5>P3>P4>P1>P2,1,ODA
CUB,Cuba,1996,2,30.9464,38.2159,33.8754,,47.1676,,0.3474,-0.6400,0.6533,0.8414,,1.4270,0.2333,70.3151,,0.3755,0.2862,0.7473,0.9799,0.7032,0.5812,0.2183,1.1113,1.2098,3.0708,2.4253,2.3743,1.9156,0.2845,P4>P3>P5>P1>P2,1,GDPpcPPP
IDN,Indonesia,1996,2,46.3636,47.9495,53.8127,,30.9801,,,-0.1140,0.4511,0.6995,4807.0927,6.4280,0.4781,43.8598,,0.4478,0.6128,0.5753,0.7621,0.4386,0.5765,0.2058,1.6861,1.8857,1.4810,1.8625,0.6845,1.5751,0.1332,P4>P2>P3>P1>P5,1,RD
MDA,Moldova,1996,2,37.0963,55.6715,51.2186,,44.5685,,0.8730,0.3490,,0.7115,3021.3099,0.2926,3.2761,64.0942,,0.4714,0.4163,0.7115,0.7324,0.6409,0.5748,0.2013,1.9362,2.4135,1.7846,1.9835,1.9251,2.0106,0.1430,P4>P3>P5>P1>P2,1,EduIdx
UKR,Ukraine,1996,2,28.6603,41.3632,43.3895,,27.1098,,1.1923,1.0820,0.6831,0.7246,3812.2456,3.0066,,62.2704,,0.3513,0.5073,0.7039,0.7809,0.6227,0.5739,0.1988,0.8337,3.0752,2.5364,2.3568,1.7326,1.8991,0.1690,P4>P3>P5>P2>P1,1,ODA
ALB,Albania,1996,2,32.4784,50.1734,42.4034,,30.9015,,,-0.2260,0.5364,0.8325,3054.0352,1.3615,6.8551,53.5521,,0.3899,0.5928,0.6845,0.6662,0.5355,0.5693,0.1868,1.1177,1.7143,2.5703,1.6311,1.1551,1.5594,0.1188,P3>P4>P2>P5>P1,1,RD
IRN,"Iran, Islamic Rep.",1996,2,46.0879,40.2832,28.4233,,38.9664,,,-0.5040,0.5644,0.7435,9915.5894,20.9895,0.1373,62.3501,,0.3844,0.5429,0.6540,0.7080,0.6235,0.5666,0.1795,1.1795,1.3714,2.0954,2.0102,1.7540,1.6247,0.1258,P4>P3>P5>P2>P1,1,RD
TUR,Turkiye,1996,2,54.1291,54.7642,52.7304,,42.0077,,0.4516,0.3840,0.4309,0.7730,10624.4819,0.3750,0.0995,49.5946,,0.5091,0.3862,0.6019,0.8496,0.4959,0.5637,0.1720,2.1492,2.0143,1.7964,2.8780,0.9198,2.0431,0.1748,P4>P3>P1>P5>P2,0,
MEX,Mexico,1996,2,43.2984,45.1438,57.5339,,34.5323,,0.2384,0.7900,0.5283,0.7860,9495.7101,4.1147,0.0730,52.2018,,0.4513,0.4058,0.6572,0.8193,0.5220,0.5618,0.1668,1.6456,1.9917,2.1826,2.4125,1.0267,1.8542,0.1682,P4>P3>P5>P1>P2,0,
UZB,Uzbekistan,1996,2,29.5157,34.1182,26.0904,,22.8317,,,-0.0120,,0.6889,2213.9526,10.6468,0.6320,55.5449,,0.2814,0.6311,0.6889,0.6914,0.5554,0.5597,0.1613,0.4211,1.9143,1.6000,1.4087,1.3262,1.1802,0.1704,P4>P3>P2>P5>P1,2,EduIdx; RD
PRY,Paraguay,1996,2,35.3686,48.4396,44.7444,,22.1549,,,-0.7970,0.5107,0.7546,7040.0192,2.2261,0.7731,51.6616,,0.3768,0.4903,0.6327,0.8048,0.5166,0.5559,0.1512,1.0763,1.0286,1.9067,2.2042,1.0053,1.4270,0.1624,P4>P3>P5>P2>P1,1,RD
CHN,China,1996,2,45.2578,47.7650,49.6419,,41.1593,,0.5601,0.6300,0.4269,0.7819,2087.7477,3.0048,0.3102,63.9233,,0.4596,0.4169,0.6044,0.7447,0.6392,0.5528,0.1431,1.7318,2.3827,1.8482,1.7795,1.8824,1.8990,0.1343,P4>P5>P3>P1>P2,0,
VNM,Viet Nam,1996,2,40.3533,45.2719,42.0664,,33.7228,,,-0.8100,0.4309,0.7892,2019.1825,7.0028,3.7244,73.4561,,0.4035,0.4880,0.6100,0.6594,0.7346,0.5502,0.1361,1.2383,1.0000,1.9503,1.1890,2.5455,1.5281,0.1329,P5>P4>P3>P2>P1,1,RD
RUS,Russian Federation,1996,2,37.0586,42.0398,44.7957,,28.2118,,0.9659,1.1430,0.6875,0.6992,5517.8589,10.4927,,41.9769,,0.3803,0.4949,0.6934,0.7500,0.4198,0.5494,0.1340,1.1183,3.0977,2.4974,2.1898,0.5561,1.7714,0.1653,P4>P3>P2>P5>P1,1,ODA
LBY,Libya,1996,2,30.3692,35.1804,27.6395,,33.1281,,,-0.3310,0.5969,0.7806,19392.4870,31.8951,0.0130,51.4564,,0.3158,0.5739,0.6887,0.6720,0.5146,0.5460,0.1250,0.6485,1.5143,2.4677,2.1151,0.9840,1.4229,0.1506,P3>P4>P2>P5>P1,1,RD
MKD,North Macedonia,1996,2,38.7052,49.2852,45.7868,,35.7699,,0.3591,0.5190,0.5032,0.7978,5025.9190,0.3613,2.2957,50.0507,,0.4239,0.3910,0.6505,0.7745,0.5005,0.5388,0.1057,1.4720,1.9594,2.1949,2.1944,0.9412,1.7350,0.1613,P4>P3>P5>P1>P2,0,
GTM,Guatemala,1996,2,32.9659,38.4436,46.6435,,32.1113,,,-0.2830,0.3274,0.6852,4143.1483,1.3893,1.1838,41.5744,,0.3754,0.5825,0.5063,0.7762,0.4157,0.5376,0.1025,1.0940,1.6286,1.1662,1.9995,0.5134,1.2849,0.1588,P4>P2>P3>P5>P1,1,RD
ZWE,Zimbabwe,1996,2,51.1208,45.7553,32.5301,,39.8268,,,-0.2220,0.4741,0.4459,3372.4697,7.9904,5.7178,55.6071,,0.4231,0.5935,0.4600,0.6460,0.5561,0.5310,0.0850,1.4502,1.7714,0.9149,1.3059,1.3476,1.3820,0.0927,P4>P2>P5>P3>P1,1,RD
DZA,Algeria,1996,2,36.7836,40.6858,40.6874,,35.0880,,,-0.2440,0.4475,0.7418,8052.7686,21.1719,0.6915,31.1342,,0.3831,0.5895,0.5947,0.6868,0.3113,0.5306,0.0840,1.0970,1.6857,1.6318,1.7396,0.2353,1.2725,0.1583,P4>P3>P2>P1>P5,1,RD
PER,Peru,1996,2,42.5024,46.1578,60.2606,,39.3305,,0.0836,-0.4170,0.5987,0.7362,4555.7696,2.8047,0.6186,47.6933,,0.4706,0.2854,0.6674,0.7811,0.4769,0.5264,0.0729,1.8281,0.8406,2.2041,1.9988,0.7701,1.6233,0.1923,P4>P3>P5>P1>P2,0,
KEN,Kenya,1996,2,46.0879,41.8844,44.0582,,27.2178,,,-0.1170,0.3922,0.5473,1875.2983,5.4908,5.0445,45.5463,,0.3981,0.6123,0.4698,0.6437,0.4555,0.5208,0.0581,1.2083,1.8571,0.8862,1.1736,0.7273,1.1823,0.1064,P4>P2>P3>P5>P1,1,RD
GAB,Gabon,1996,2,44.8724,45.3626,47.9453,,25.8856,,,-0.8860,0.4948,0.6348,14146.6571,32.9208,2.5656,64.7957,,0.4102,0.4743,0.5648,0.6063,0.6480,0.5201,0.0563,1.3282,0.9286,1.4164,1.6164,1.9893,1.4591,0.0973,P5>P4>P3>P2>P1,1,RD
NPL,Nepal,1996,2,35.9854,57.2245,44.7859,,37.2629,,,-0.5060,0.3178,0.6161,1110.2219,1.3262,7.3153,57.5111,,0.4381,0.5425,0.4669,0.6065,0.5751,0.5174,0.0489,1.6001,1.3429,0.8800,1.2701,1.4118,1.3662,0.0714,P4>P5>P2>P3>P1,1,RD
EGY,"Egypt, Arab Rep.",1996,2,52.7489,57.2364,49.6951,,41.9773,,0.2126,-0.1470,0.4930,0.7036,4434.4649,9.3552,3.2232,52.4281,,0.5041,0.3197,0.5983,0.6926,0.5243,0.5166,0.0469,2.1383,1.3000,1.6185,1.4575,1.0695,1.6436,0.1378,P4>P3>P5>P1>P2,0,
LKA,Sri Lanka,1996,2,45.4496,59.0367,50.4394,,49.6932,,0.1836,-0.9410,0.6567,0.7668,3581.6528,0.3531,2.5374,33.5838,,0.5115,0.2462,0.7117,0.7531,0.3358,0.5160,0.0453,2.1578,0.7233,2.5846,2.0877,0.3209,1.7246,0.2234,P4>P3>P1>P5>P2,0,
IND,India,1996,2,46.5811,60.7250,44.7906,,42.5029,,0.6391,0.3880,0.3452,0.6312,1694.7398,2.4849,0.4892,49.3996,,0.4865,0.4014,0.4882,0.7344,0.4940,0.5159,0.0450,1.9961,2.3444,1.0790,1.6914,0.8984,1.6850,0.1253,P4>P5>P3>P1>P2,0,
MAR,Morocco,1996,2,51.2868,64.4740,49.1394,,45.7286,,0.2458,-0.5530,0.2991,0.6958,3551.2561,0.3800,1.5425,59.1955,,0.5266,0.2860,0.4974,0.7690,0.5920,0.5156,0.0443,2.2714,1.1271,1.1272,2.1396,1.5615,1.7995,0.1743,P4>P5>P1>P3>P2,0,
ZAF,South Africa,1996,2,63.3122,56.7649,57.6558,,65.3860,,0.5269,,0.6302,0.6320,7208.0060,4.6427,0.2263,56.3203,,0.6078,0.0822,0.6311,0.7991,0.5632,0.5148,0.0422,2.6954,1.8105,1.9928,2.2287,1.3690,2.1717,0.2693,P4>P3>P1>P5>P2,1,ECI
KAZ,Kazakhstan,1996,2,24.8610,32.5212,44.3283,,22.7065,,0.2934,0.6230,0.6203,0.6685,5836.0720,10.3992,0.5691,59.8695,,0.3110,0.3952,0.6444,0.7441,0.5987,0.5141,0.0403,0.5618,1.9474,2.0533,1.8312,1.5829,1.4312,0.1798,P4>P3>P5>P2>P1,0,
HND,Honduras,1996,2,28.3934,40.8861,39.2318,,25.5466,,,-0.6060,0.3858,0.7271,1617.3846,1.9680,5.2588,55.4256,,0.3351,0.5246,0.5565,0.6559,0.5543,0.5128,0.0369,0.7253,1.1857,1.4267,1.3249,1.2620,1.1196,0.1173,P4>P3>P5>P2>P1,1,RD
SEN,Senegal,1996,2,45.4496,55.4952,51.1174,,47.0179,,,-0.4280,0.1968,0.5712,1679.1149,3.0276,8.8469,52.3991,,0.4977,0.5565,0.3840,0.5910,0.5240,0.5110,0.0319,2.0608,1.4000,0.5815,1.1460,1.0481,1.4006,0.0790,P4>P2>P5>P1>P3,1,RD
ECU,Ecuador,1996,2,35.1782,49.9915,47.0555,,37.0746,,0.0741,-0.9540,0.5709,0.7972,5559.9782,9.0638,0.9851,50.9445,,0.4232,0.2364,0.6841,0.7435,0.5094,0.5014,0.0065,1.4705,0.5195,2.4728,1.7463,0.9626,1.4768,0.2042,P4>P3>P5>P1>P2,0,
MNG,Mongolia,1996,2,39.9403,61.0462,47.0173,,52.8783,,0.1679,-0.3760,0.5074,0.6308,3310.1609,6.7591,12.4069,76.8822,,0.5022,0.2957,0.5691,0.5418,0.7688,0.4985,-0.0011,2.0713,0.9812,1.4421,1.1363,2.7166,1.7441,0.1690,P5>P3>P4>P1>P2,0,
CIV,Cote d'Ivoire,1996,2,56.5467,43.0869,42.7328,,49.2481,,,-0.9990,0.2521,0.4861,2831.7990,3.1091,8.5961,65.2409,,0.4790,0.4541,0.3691,0.6216,0.6524,0.4967,-0.0060,1.8063,0.7429,0.4964,1.3661,2.0321,1.4034,0.1189,P5>P4>P1>P2>P3,1,RD
IRQ,Iraq,1996,2,15.8659,29.1246,22.9136,,15.0391,,,0.7460,0.3977,0.6864,5034.4763,36.4782,3.3533,40.9565,,0.2074,0.7671,0.5421,0.5162,0.4096,0.4962,-0.0072,0.1229,2.9714,1.3231,1.1789,0.4920,1.0137,0.2040,P2>P3>P4>P5>P1,1,RD
BEN,Benin,1996,2,35.9854,58.4716,50.5655,,32.2878,,,-0.6060,0.2240,0.5484,1443.9677,8.3024,12.4526,79.4210,,0.4433,0.5246,0.3862,0.4880,0.7942,0.4962,-0.0072,1.6665,1.1857,0.5764,0.7586,3.0588,1.4778,0.1579,P5>P2>P4>P1>P3,1,RD
BGD,Bangladesh,1996,2,35.5681,41.1265,36.5773,,30.2024,,,-0.9300,0.3181,0.5991,1260.7549,0.5901,2.0249,53.3909,,0.3587,0.4665,0.4586,0.7062,0.5339,0.4926,-0.0167,0.8974,0.8857,0.8626,1.6623,1.1337,1.0898,0.1288,P4>P5>P2>P3>P1,1,RD
SLV,El Salvador,1996,2,29.7872,42.2915,48.9760,,30.0190,,0.0882,-0.2700,0.4251,0.6997,3879.8427,0.5096,2.8956,58.7574,,0.3777,0.2989,0.5624,0.7502,0.5876,0.4904,-0.0226,1.1161,0.9759,1.4246,2.0443,1.5187,1.4057,0.1791,P4>P5>P3>P1>P2,0,
ARM,Armenia,1996,2,46.0245,52.4348,42.7566,,36.2702,,0.1869,0.8950,0.6145,0.7569,1921.5500,0.3154,17.8033,45.4534,,0.4437,0.4112,0.6857,0.4668,0.4545,0.4897,-0.0246,1.5636,1.9158,2.3436,1.4137,0.7059,1.5897,0.1100,P3>P4>P5>P1>P2,0,
KGZ,Kyrgyz Republic,1996,2,46.0245,42.3941,44.1928,,29.9887,,0.1939,0.2910,0.6155,0.6684,1505.4488,0.7687,11.4212,57.5686,,0.4065,0.3576,0.6420,0.5575,0.5757,0.4885,-0.0277,1.2575,1.4226,1.9979,1.2845,1.4332,1.4468,0.1203,P3>P5>P4>P1>P2,0,
BOL,Bolivia,1996,2,45.5798,51.7211,55.5041,,36.2157,,0.3254,-0.7530,0.5758,0.6198,3644.9002,4.7328,10.5735,61.9936,,0.4726,0.2743,0.5978,0.5908,0.6199,0.4864,-0.0332,1.8427,1.1180,1.6872,1.3247,1.7112,1.6029,0.1443,P5>P3>P4>P1>P2,0,
GEO,Georgia,1996,2,25.9463,36.4553,38.6638,,17.5240,,0.3309,0.5420,,0.7790,2253.0952,0.4623,10.2315,31.5391,,0.2965,0.3909,0.7790,0.6002,0.3154,0.4792,-0.0523,0.5468,1.9105,2.4615,1.5967,0.2567,1.2267,0.2077,P3>P4>P2>P5>P1,1,EduIdx
MRT,Mauritania,1996,2,46.0245,47.3474,44.7859,,36.5683,,,-1.0730,0.2477,0.5987,2435.9465,4.0404,12.6270,66.6114,,0.4368,0.4408,0.4232,0.5404,0.6661,0.4787,-0.0536,1.5474,0.6286,0.7190,1.1642,2.1390,1.3105,0.1032,P5>P4>P2>P1>P3,1,RD
TKM,Turkmenistan,1996,2,25.9463,29.8268,20.8609,,29.1431,,,-0.9830,,0.6698,3636.4798,58.5979,0.9866,72.7513,,0.2644,0.4569,0.6698,0.4487,0.7275,0.4768,-0.0587,0.3871,0.7714,1.5179,1.2158,2.5241,1.1372,0.1869,P5>P3>P2>P4>P1,2,EduIdx; RD
GHA,Ghana,1996,2,50.7095,51.9913,44.7362,,43.5056,,,-1.3660,0.3417,0.5686,2025.8327,13.7777,9.5925,55.4824,,0.4774,0.3882,0.4551,0.5166,0.5548,0.4662,-0.0868,1.8483,0.4571,0.8913,0.8227,1.3048,1.2129,0.0632,P5>P4>P1>P3>P2,1,RD
TJK,Tajikistan,1996,2,25.9463,25.6984,25.8046,,20.3930,,,-0.2880,0.6204,0.6278,836.4291,0.9115,10.6620,24.8926,,0.2446,0.5816,0.6241,0.5389,0.2489,0.4641,-0.0925,0.2753,1.6000,1.9179,1.1472,0.1711,0.8973,0.1858,P3>P2>P4>P5>P1,1,RD
TGO,Togo,1996,2,32.4784,41.6629,41.2706,,33.1404,,,-1.0090,0.3385,0.5203,1217.7763,11.2517,7.6062,58.9501,,0.3714,0.4523,0.4294,0.5403,0.5895,0.4588,-0.1065,0.9989,0.6571,0.7210,0.7841,1.5401,0.9568,0.0876,P5>P4>P2>P3>P1,1,RD
LAO,Lao PDR,1996,2,35.9854,35.9088,32.9296,,33.0690,,,-0.8250,0.3340,0.5665,1434.8087,8.5245,13.3111,66.5080,,0.3447,0.4853,0.4503,0.4718,0.6651,0.4584,-0.1075,0.8537,0.9714,0.8308,0.7208,2.1176,1.0519,0.1156,P5>P2>P4>P3>P1,1,RD
SRB,Serbia,1996,2,40.8280,36.5981,32.3275,,26.9010,,0.6706,,0.5923,0.8141,5433.7198,0.5274,0.3582,43.0879,,0.3416,0.1048,0.7032,0.8097,0.4309,0.4573,-0.1105,0.8153,2.2737,2.7005,2.4439,0.5989,1.6349,0.2832,P4>P3>P5>P1>P2,1,ECI
AZE,Azerbaijan,1996,2,24.8610,35.9861,34.7556,,17.8975,,0.2353,0.3160,0.6552,0.6563,2406.7723,26.0390,3.0423,48.3322,,0.2838,0.3631,0.6558,0.5529,0.4833,0.4518,-0.1251,0.4103,1.5707,2.1200,1.0235,0.7914,1.0457,0.1480,P3>P4>P5>P2>P1,0,
MDG,Madagascar,1996,2,32.4784,51.6765,35.3097,,48.9075,,0.1832,-1.4910,,0.5458,1118.7692,6.1010,7.4372,68.0890,,0.4209,0.1969,0.5458,0.5731,0.6809,0.4463,-0.1396,1.4285,0.4737,0.7179,0.9456,2.2246,1.2167,0.1850,P5>P4>P3>P1>P2,1,EduIdx
PAK,Pakistan,1996,2,40.8280,49.1057,44.8002,,24.4461,,0.1557,-0.5940,0.2220,0.6226,2400.6345,1.3391,1.1202,41.6449,,0.3979,0.2752,0.4223,0.7495,0.4164,0.4443,-0.1450,1.2702,0.8248,0.7374,1.8179,0.5348,1.1227,0.1767,P4>P3>P5>P1>P2,0,
HTI,Haiti,1996,2,25.0166,32.9623,32.2497,,28.3092,,,-1.0080,0.3767,0.5556,2069.6145,0.9428,11.3377,48.7767,,0.2963,0.4525,0.4661,0.5742,0.4878,0.4440,-0.1457,0.4503,0.6857,0.8667,1.3803,0.8128,0.8007,0.1007,P4>P5>P3>P2>P1,1,RD
CMR,Cameroon,1996,2,35.6291,33.2573,31.8678,,23.7211,,,-1.3670,0.2976,0.5108,1849.5065,9.1938,3.9127,47.4497,,0.3112,0.3881,0.4042,0.6371,0.4745,0.4305,-0.1815,0.6088,0.4286,0.5805,1.0657,0.7487,0.6971,0.1231,P4>P5>P3>P2>P1,1,RD
KHM,Cambodia,1996,2,30.9786,35.4659,49.3794,,29.5513,,,-1.0850,0.3140,0.5666,1006.0903,8.2662,11.2371,43.4761,,0.3634,0.4386,0.4403,0.4898,0.4348,0.4300,-0.1829,1.0179,0.6000,0.7744,0.7053,0.6631,0.8071,0.0452,P4>P3>P2>P5>P1,1,RD
YEM,"Yemen, Rep.",1996,2,34.9908,36.3139,44.4038,,33.7640,,,-0.8860,0.2063,0.6290,2267.7006,36.5844,4.2568,33.9740,,0.3737,0.4743,0.4177,0.4593,0.3397,0.4214,-0.2058,1.0464,0.9286,0.7651,0.8483,0.3422,0.8419,0.0567,P2>P4>P3>P1>P5,1,RD
NER,Niger,1996,2,25.9220,45.0829,30.1087,,31.9775,,,-0.6730,0.0983,0.4048,745.8108,9.4091,10.2545,58.4873,,0.3327,0.5126,0.2515,0.4831,0.5849,0.4167,-0.2181,0.7086,1.0857,0.1056,0.6588,1.4759,0.7886,0.1368,P5>P2>P4>P1>P3,1,RD
TZA,Tanzania,1996,2,29.7309,53.4615,44.1781,,36.4929,,,-1.6030,0.2748,0.4790,1025.8716,11.2990,9.2635,49.1884,,0.4097,0.3457,0.3769,0.5035,0.4919,0.4141,-0.2251,1.3395,0.3143,0.5128,0.6689,0.8770,0.8587,0.0698,P4>P5>P1>P3>P2,1,RD
NIC,Nicaragua,1996,2,27.8345,46.5401,42.7820,,37.9479,,0.0651,-0.9680,0.4549,0.6956,2324.7817,1.5510,22.1724,54.3492,,0.3878,0.2345,0.5753,0.4317,0.5435,0.4113,-0.2325,1.1727,0.4842,1.4769,1.1970,1.2193,1.1421,0.1359,P3>P5>P4>P1>P2,0,
NGA,Nigeria,1996,2,30.3692,37.4259,37.9421,,24.3359,,,-1.6230,0.3216,0.3974,2930.7133,21.4145,,43.0952,,0.3252,0.3421,0.3595,0.6446,0.4310,0.4107,-0.2340,0.6852,0.2857,0.4554,1.7564,0.6203,0.7992,0.1316,P4>P5>P3>P2>P1,2,RD; ODA
MWI,Malawi,1996,2,34.3526,51.4064,45.8105,,39.4783,,,-1.5150,0.3779,0.3693,884.4563,10.6406,14.8374,55.2961,,0.4276,0.3615,0.3736,0.4073,0.5530,0.4088,-0.2393,1.4873,0.3714,0.5210,0.5365,1.2406,0.9506,0.0764,P5>P1>P4>P3>P2,1,RD
MLI,Mali,1996,2,25.0166,52.5776,40.9391,,37.5170,,,-1.2220,0.1205,0.4385,1223.5825,6.1799,17.9512,69.9816,,0.3901,0.4141,0.2795,0.4019,0.6998,0.4073,-0.2431,1.1591,0.5429,0.1908,0.7129,2.3529,1.0251,0.1564,P5>P2>P4>P1>P3,1,RD
UGA,Uganda,1996,2,35.5681,50.0970,51.1009,,34.0848,,,-1.2080,0.2929,0.4271,969.3804,18.5825,11.2503,37.0366,,0.4271,0.4166,0.3600,0.4189,0.3704,0.4037,-0.2526,1.5181,0.5714,0.4236,0.4703,0.4492,0.8356,0.0310,P1>P4>P2>P5>P3,1,RD
SDN,Sudan,1996,2,29.7309,28.3977,30.9133,,21.2061,,,-1.5970,0.1941,0.5790,2005.6096,0.2748,2.5182,21.1328,,0.2756,0.3468,0.3865,0.7240,0.2113,0.3988,-0.2656,0.4010,0.3429,0.5785,1.8837,0.0856,0.6708,0.1990,P4>P3>P2>P1>P5,1,RD
BFA,Burkina Faso,1996,2,32.4784,47.1825,44.5682,,52.3517,,0.1583,-1.0070,,0.4568,753.3092,12.8265,16.1653,63.4844,,0.4415,0.2383,0.4568,0.3624,0.6348,0.3973,-0.2698,1.5447,0.5887,0.4308,0.4473,1.8396,1.0662,0.1450,P5>P3>P1>P4>P2,1,EduIdx
PNG,Papua New Guinea,1996,2,46.0879,48.7205,42.5621,,41.2347,,,-2.7350,0.2546,0.6319,2578.1922,20.9580,8.0782,54.1005,,0.4465,0.1426,0.4433,0.5064,0.5410,0.3913,-0.2856,1.6096,0.0286,0.8892,0.9054,1.1979,1.0665,0.1583,P5>P4>P1>P3>P2,1,RD
ZMB,Zambia,1996,2,25.1093,49.0494,44.9708,,31.1433,,0.0110,-0.3680,0.3939,0.3963,1584.5817,7.4072,17.9304,63.8672,,0.3757,0.2840,0.3951,0.4074,0.6387,0.3893,-0.2909,1.0666,0.7639,0.5918,0.7354,1.8610,1.0168,0.1314,P5>P4>P3>P1>P2,0,
TCD,Chad,1996,2,35.9854,38.2805,34.6581,,21.6877,,,-1.2790,,0.4239,1010.0808,12.7277,18.5194,43.2696,,0.3265,0.4038,0.4239,0.3389,0.4327,0.3784,-0.3198,0.7267,0.4857,0.2462,0.4493,0.6417,0.5519,0.0492,P5>P3>P2>P4>P1,2,EduIdx; RD
GIN,Guinea,1996,2,25.9220,36.0263,40.0200,,36.0232,,,-1.9600,0.1535,0.4699,1048.1582,15.2794,5.3682,49.1831,,0.3450,0.2817,0.3117,0.5430,0.4918,0.3768,-0.3241,0.8171,0.1714,0.2892,0.6856,0.8342,0.6204,0.1157,P4>P5>P1>P3>P2,1,RD
MOZ,Mozambique,1996,2,50.0713,44.6677,41.7790,,43.3609,,,-1.6510,0.1780,0.4172,349.7319,14.4719,22.5187,64.7850,,0.4497,0.3371,0.2976,0.2479,0.6478,0.3706,-0.3406,1.5889,0.2286,0.1928,0.2637,1.9679,0.9730,0.1592,P5>P1>P2>P3>P4,1,RD
RWA,Rwanda,1996,2,25.9463,30.7451,29.7427,,31.5932,,,-0.2240,0.2300,0.3459,498.8820,12.5562,34.0043,30.1572,,0.2951,0.5931,0.2879,0.2790,0.3016,0.3656,-0.3538,0.5228,1.7429,0.2338,0.3479,0.1925,0.5770,0.1354,P2>P5>P1>P3>P4,1,RD
ETH,Ethiopia,1996,2,25.1093,42.0783,31.5905,,27.9722,,,-1.8260,,0.4415,453.3684,28.6687,9.3661,42.8450,,0.3169,0.3057,0.4415,0.3439,0.4284,0.3556,-0.3804,0.5946,0.2000,0.3487,0.3941,0.5775,0.4592,0.0635,P3>P5>P4>P1>P2,2,EduIdx; RD
MMR,Myanmar,1996,2,25.1093,31.0736,25.9127,,17.7369,,0.0599,-1.9710,0.3015,0.6026,661.2181,16.9886,0.8072,40.3283,,0.2496,0.1441,0.4521,0.5839,0.4033,0.3459,-0.4060,0.2476,0.1346,0.8328,0.9213,0.4706,0.4972,0.1725,P4>P3>P5>P1>P2,0,
COG,"Congo, Rep.",1996,2,25.9220,41.2668,31.3305,,32.7703,,,-1.6300,0.5045,0.5422,3547.2135,39.2688,29.6402,33.2088,,0.3282,0.3409,0.5233,0.2021,0.3321,0.3456,-0.4070,0.6753,0.2571,1.1621,0.6211,0.2995,0.6262,0.1148,P3>P2>P5>P1>P4,1,RD
AGO,Angola,1996,2,40.2507,29.9402,28.7647,,25.2638,,,-2.4590,,0.4064,3341.9119,41.3617,7.8788,23.5257,,0.3105,0.1921,0.4064,0.3871,0.2353,0.3079,-0.5069,0.6445,0.0571,0.2051,0.8497,0.1497,0.4544,0.0931,P3>P4>P1>P5>P2,2,EduIdx; RD
GNQ,Equatorial Guinea,1996,2,24.8610,31.3602,28.3894,,19.2066,,,-2.4580,,0.4942,1793.1930,68.6683,16.4423,62.4942,,0.2595,0.1923,0.4942,0.1547,0.6249,0.3052,-0.5140,0.2551,0.0857,0.5333,0.3905,1.7754,0.5471,0.2046,P5>P3>P1>P2>P4,2,EduIdx; RD
COD,"Congo, Dem. Rep.",1996,2,19.3656,26.7847,22.4585,,10.8526,,,-2.0230,0.3401,0.4519,526.1650,36.2990,3.0779,20.2456,,0.1987,0.2704,0.3960,0.4055,0.2025,0.2978,-0.5337,0.1158,0.1143,0.6318,0.5949,0.0642,0.2868,0.1011,P4>P3>P2>P5>P1,1,RD
BDI,Burundi,1996,2,15.9072,35.4886,26.5558,,30.2683,,,,0.1853,0.3816,512.7452,28.9247,12.9244,22.9866,,0.2705,,0.2834,0.2892,0.2299,,,0.4034,,0.1446,0.2935,0.1283,,0.0268,P4>P3>P1>P5,2,RD; ECI
BLZ,Belize,1996,2,46.0245,63.5776,59.5320,,47.0151,,,,0.5260,0.7594,6087.1488,0.4099,2.5524,71.9344,,0.5404,,0.6427,0.7798,0.7193,,,2.3708,,1.9538,2.2634,2.4599,,0.1033,P4>P5>P3>P1,2,RD; ECI
BRB,Barbados,1996,2,66.1026,70.3327,76.6008,,77.3866,,,,0.6831,0.8318,13090.2347,0.2307,0.2498,81.0222,,0.7261,,0.7574,0.8588,0.8102,,,3.3352,,3.2133,2.9033,3.1444,,0.0585,P4>P5>P3>P1,2,RD; ECI
BWA,Botswana,1996,2,55.9085,67.1648,61.6761,,67.9253,,,,0.5320,0.5274,7890.3514,1.2490,1.6229,85.4804,,0.6317,,0.5297,0.8031,0.8548,,,2.8822,,1.2246,2.2771,3.4866,,0.1507,P5>P4>P1>P3,2,RD; ECI
CAF,Central African Republic,1996,2,25.9463,36.0229,32.3995,,22.8694,,,,0.2011,0.4262,600.7730,12.0072,17.1408,34.0701,,0.2931,,0.3136,0.3399,0.3407,,,0.5057,,0.2667,0.4478,0.3636,,0.0229,P5>P4>P3>P1,2,RD; ECI
FJI,Fiji,1996,2,56.0636,62.1485,50.5655,,58.9726,,,,0.5871,0.7108,5109.3011,1.4232,2.2273,79.5688,,0.5694,,0.6489,0.7694,0.7957,,,2.5242,,2.0421,1.9870,3.0802,,0.1058,P5>P4>P3>P1,2,RD; ECI
GMB,"Gambia, The",1996,2,39.9403,62.3058,35.9206,,42.2696,,,,0.2061,0.5361,1488.8006,2.6976,4.3334,72.4961,,0.4511,,0.3711,0.6622,0.7250,,,1.6718,,0.4749,1.2672,2.5027,,0.1683,P5>P4>P1>P3,2,RD; ECI
GUY,Guyana,1996,2,46.4967,56.4684,45.4873,,46.0805,,,,0.4530,0.6568,5209.9948,29.7871,13.5930,57.8253,,0.4863,,0.5549,0.3919,0.5783,,,1.9911,,1.3303,0.9217,1.4545,,0.0836,P5>P3>P1>P4,2,RD; ECI
LSO,Lesotho,1996,2,56.0636,58.6725,45.6502,,42.6424,,,,0.4038,0.5406,1103.0020,4.4287,8.1481,64.2182,,0.5076,,0.4722,0.5716,0.6422,,,2.1118,,0.8851,0.9758,1.9465,,0.0749,P5>P4>P1>P3,2,RD; ECI
MLT,Malta,1996,2,70.8024,73.5977,62.0513,,65.8971,,,,0.6077,0.8665,14661.0318,0.0000,1.8579,87.9160,,0.6809,,0.7371,0.8394,0.8792,,,3.1987,,2.9867,2.9236,3.6364,,0.0912,P5>P4>P3>P1,2,RD; ECI
NAM,Namibia,1996,2,68.4200,65.4284,54.8427,,66.4355,,,,0.5477,0.5637,4611.7580,0.6351,4.6279,78.9872,,0.6378,,0.5557,0.7294,0.7899,,,2.9103,,1.4338,1.9493,3.0160,,0.1028,P5>P4>P1>P3,2,RD; ECI
SLE,Sierra Leone,1996,2,19.3656,35.6543,25.5605,,34.7626,,,,0.2289,0.3620,1224.5553,14.6082,20.0747,30.8809,,0.2884,,0.2954,0.3116,0.3088,,,0.5002,,0.2308,0.4107,0.2139,,0.0110,P4>P5>P3>P1,2,RD; ECI
SWZ,Eswatini,1996,2,46.0245,56.8694,47.3786,,48.2858,,,,0.4702,0.5122,3915.8307,4.4466,1.9051,61.4179,,0.4964,,0.4912,0.7409,0.6142,,,2.0569,,1.0041,1.7213,1.6684,,0.1181,P4>P5>P1>P3,2,RD; ECI
WSM,Samoa,1996,2,46.0245,69.4822,56.6422,,47.0151,,,,0.6759,0.7656,2681.1932,1.8516,14.3129,88.4580,,0.5479,,0.7208,0.5319,0.8846,,,2.3865,,2.6677,1.3291,3.6791,,0.1659,P5>P3>P1>P4,2,RD; ECI
FIN,Finland,2004,2,93.3552,90.9423,84.6946,,94.1243,,3.3094,1.6130,0.8799,0.9053,31195.1243,0.3006,,89.2927,,0.9078,0.7219,0.8926,0.9073,0.8929,0.8567,0.9493,3.9697,3.9450,3.6440,3.2404,3.9803,3.8094,0.0801,P1>P4>P5>P3>P2,1,ODA
SWE,Sweden,2004,2,87.2003,89.0382,83.1274,,88.8696,,3.3663,1.5310,0.8510,0.9315,33804.8571,0.2386,,86.2690,,0.8706,0.7190,0.8912,0.9119,0.8627,0.8443,0.9164,3.8793,3.9173,3.7505,3.3114,3.9409,3.7995,0.0763,P4>P3>P1>P5>P2,1,ODA
CHE,Switzerland,2004,2,89.9795,88.5916,84.3963,,85.6496,,2.6082,1.6580,0.7914,0.9393,40171.1806,0.0140,,84.2696,,0.8715,0.6706,0.8654,0.9223,0.8427,0.8273,0.8714,3.8796,3.9177,3.6549,3.5102,3.8424,3.8083,0.0961,P4>P1>P3>P5>P2,1,ODA
DNK,Denmark,2004,2,92.1611,89.8694,85.8814,,92.9911,,2.4133,1.0630,0.8895,0.8890,33015.5516,1.3091,,83.1183,,0.9023,0.6018,0.8892,0.9035,0.8312,0.8177,0.8459,3.9749,3.5732,3.6061,3.0719,3.6847,3.6684,0.1285,P4>P1>P3>P5>P2,1,ODA
SGP,Singapore,2004,2,93.2750,82.8043,84.6636,,88.4177,,2.0786,1.2980,0.8080,0.9178,54383.8062,0.0006,,83.5737,,0.8729,0.5965,0.8629,0.9380,0.8357,0.8111,0.8284,3.8607,3.6291,3.5714,3.6343,3.7241,3.7512,0.1311,P4>P1>P3>P5>P2,1,ODA
DEU,Germany,2004,2,81.3823,85.7202,77.5382,,84.1550,,2.4028,1.5670,0.9169,0.9095,31753.1721,0.1384,,77.9406,,0.8220,0.6462,0.9132,0.9093,0.7794,0.8095,0.8241,3.7093,3.8353,3.7528,3.3312,3.0542,3.5918,0.1099,P3>P4>P1>P5>P2,1,ODA
JPN,Japan,2004,2,76.9455,76.9053,71.1776,,65.8529,,2.9813,2.0390,0.8286,0.9558,30831.5079,0.0134,,82.8497,,0.7272,0.7342,0.8922,0.9086,0.8285,0.8084,0.8211,3.4187,3.9589,3.7761,3.4155,3.6650,3.6299,0.0853,P4>P3>P5>P2>P1,1,ODA
AUT,Austria,2004,2,86.4791,88.1479,80.7169,,86.9146,,2.1824,1.4020,0.8138,0.9133,33518.5160,0.1319,,82.2026,,0.8556,0.6140,0.8636,0.9122,0.8220,0.8048,0.8115,3.8143,3.7254,3.5894,3.3643,3.5862,3.6766,0.1160,P4>P3>P1>P5>P2,1,ODA
NLD,Netherlands,2004,2,87.3497,86.3866,85.2583,,86.4287,,1.7813,1.0300,0.8457,0.9114,35960.7138,0.4452,,80.6627,,0.8636,0.5490,0.8785,0.9137,0.8066,0.7923,0.7784,3.8651,3.3676,3.6038,3.3078,3.2512,3.5777,0.1467,P4>P3>P1>P5>P2,1,ODA
NOR,Norway,2004,2,88.1997,88.7391,79.7203,,85.4850,,1.5398,1.2530,0.8954,0.9225,42667.2192,9.4987,,84.0387,,0.8554,0.5500,0.9089,0.8622,0.8404,0.7896,0.7713,3.8290,3.4507,3.8020,2.7037,3.7833,3.5739,0.1439,P3>P4>P1>P5>P2,1,ODA
USA,United States,2004,2,83.0630,82.8385,81.2916,,80.5431,,2.4869,1.2890,0.8709,0.8852,41724.6412,1.2537,,67.2571,,0.8193,0.6279,0.8780,0.9160,0.6726,0.7879,0.7667,3.7096,3.7523,3.5506,3.1601,2.1872,3.3742,0.1268,P4>P3>P1>P5>P2,1,ODA
CAN,Canada,2004,2,87.7109,86.0946,81.5159,,82.7547,,1.9973,1.0290,0.8641,0.9235,33929.2937,4.4382,,79.1554,,0.8452,0.5660,0.8938,0.8841,0.7916,0.7875,0.7658,3.7846,3.4223,3.7332,2.8602,3.1527,3.4739,0.1348,P3>P4>P1>P5>P2,1,ODA
NZL,New Zealand,2004,2,86.3016,87.5880,84.7748,,92.5652,,1.1204,0.5970,0.9407,0.9132,25123.9162,1.0998,,89.3356,,0.8781,0.4581,0.9269,0.8908,0.8934,0.7869,0.7642,3.8749,2.9548,3.8051,3.0303,4.0000,3.6156,0.1973,P3>P5>P4>P1>P2,1,ODA
AUS,Australia,2004,2,86.1268,86.7016,84.5128,,83.7516,,1.8480,0.5940,0.8837,0.9344,31814.5050,3.1404,,81.3799,,0.8527,0.5152,0.9091,0.8894,0.8138,0.7831,0.7539,3.7996,3.1328,3.8666,2.9065,3.3498,3.4977,0.1612,P3>P4>P1>P5>P2,1,ODA
GBR,United Kingdom,2004,2,82.1534,83.8936,84.8757,,85.0169,,1.5309,1.3620,0.8504,0.9062,32051.1847,0.7357,,71.8462,,0.8398,0.5591,0.8783,0.9058,0.7185,0.7784,0.7416,3.7901,3.5060,3.5751,3.1830,2.5025,3.4236,0.1429,P4>P3>P1>P5>P2,1,ODA
ISL,Iceland,2004,2,89.4625,88.4222,83.1029,,87.4240,,2.6797,,0.9088,0.9342,35612.4400,0.0000,,86.3989,,0.8710,0.4217,0.9215,0.9162,0.8640,0.7771,0.7382,3.8746,3.8904,3.8851,3.6316,3.9606,3.8826,0.2124,P3>P4>P1>P5>P2,2,ECI; ODA
BEL,Belgium,2004,2,83.2374,78.3347,76.6998,,76.2542,,1.8205,1.1240,0.8643,0.9071,32059.6879,0.0159,,77.4790,,0.7863,0.5606,0.8857,0.9106,0.7748,0.7735,0.7285,3.6349,3.4778,3.6419,3.4329,2.9951,3.5060,0.1382,P4>P3>P1>P5>P2,1,ODA
IRL,Ireland,2004,2,77.2149,82.8328,82.3169,,72.8247,,1.1778,1.2760,0.8583,0.9000,38729.2468,0.0549,,83.9945,,0.7880,0.5235,0.8791,0.9201,0.8399,0.7717,0.7239,3.6544,3.4097,3.5680,3.4409,3.7635,3.6152,0.1568,P4>P3>P5>P1>P2,1,ODA
FRA,France,2004,2,81.5506,79.4059,75.5233,,74.2421,,2.1044,1.2430,0.7540,0.9282,28921.2608,0.0406,,72.5578,,0.7768,0.5936,0.8411,0.9052,0.7256,0.7644,0.7045,3.6195,3.5876,3.4917,3.3402,2.5813,3.4085,0.1188,P4>P3>P1>P5>P2,1,ODA
HKG,"Hong Kong SAR, China",2004,2,80.7625,81.6424,87.6335,,81.7689,,0.7218,1.0920,0.7388,0.9455,34532.2492,0.0010,,83.5372,,0.8295,0.4710,0.8421,0.9146,0.8354,0.7600,0.6928,3.7504,2.8747,3.4844,3.5457,3.7044,3.5657,0.1753,P4>P3>P5>P1>P2,1,ODA
ISR,Israel,2004,2,78.1355,72.1334,68.6889,,64.4978,,3.7470,1.0900,0.7665,0.9278,26077.5035,0.0355,,49.7469,,0.7086,0.7095,0.8471,0.8999,0.4975,0.7537,0.6760,3.3638,3.6966,3.4938,3.3232,0.7488,3.0416,0.1561,P4>P3>P2>P1>P5,1,ODA
CHL,Chile,2004,2,73.6220,79.0810,78.3454,,73.5204,,,0.0830,0.7141,0.8966,11612.4369,9.5667,0.0590,76.7446,,0.7614,0.6482,0.8054,0.7936,0.7674,0.7489,0.6634,3.5846,2.0690,3.0842,2.0652,2.9557,2.9085,0.0625,P3>P4>P5>P1>P2,1,RD
KOR,"Korea, Rep.",2004,2,68.1377,72.0321,67.5726,,55.5142,,2.3529,1.4590,0.8196,0.8916,24658.1761,0.0311,,74.8220,,0.6581,0.6326,0.8556,0.8970,0.7482,0.7480,0.6610,3.1829,3.7803,3.4468,3.3061,2.7586,3.3033,0.1169,P4>P3>P5>P1>P2,1,ODA
SVN,Slovenia,2004,2,66.4848,69.5031,67.0758,,65.4620,,1.3806,1.3550,0.8496,0.8759,22587.7820,0.2341,0.2293,82.0538,,0.6713,0.5466,0.8628,0.8873,0.8205,0.7365,0.6305,3.1894,3.4785,3.4510,2.8394,3.4877,3.2842,0.1447,P4>P3>P5>P1>P2,0,
ARE,United Arab Emirates,2004,2,62.6199,59.7940,65.5248,,63.5407,,,0.4810,0.5837,0.9273,98661.4371,22.2210,,75.7775,,0.6287,0.7196,0.7555,0.8206,0.7578,0.7281,0.6080,2.9212,2.5931,2.7152,2.6004,2.7980,2.7844,0.0703,P4>P5>P3>P2>P1,2,RD; ODA
ESP,Spain,2004,2,74.5430,74.9635,76.5805,,72.8854,,1.0401,0.9720,0.7306,0.9281,26159.7865,0.0469,,66.5282,,0.7474,0.4854,0.8294,0.8999,0.6653,0.7206,0.5882,3.5397,3.1070,3.3571,3.3129,2.1281,3.2098,0.1604,P4>P3>P1>P5>P2,1,ODA
CZE,Czechia,2004,2,65.6983,68.6778,71.0325,,56.9843,,1.1362,1.3800,0.8080,0.8606,20988.1205,0.8882,,77.9667,,0.6560,0.5296,0.8343,0.8830,0.7797,0.7178,0.5808,3.1146,3.4513,3.3150,3.0016,3.0739,3.1992,0.1433,P4>P3>P5>P1>P2,1,ODA
LUX,Luxembourg,2004,2,88.5277,85.9065,85.3399,,82.7058,,1.5882,,0.7493,0.9024,64685.7287,0.0097,,84.5951,,0.8562,0.2496,0.8258,0.9469,0.8460,0.7156,0.5749,3.8402,3.3151,3.2834,3.5819,3.8621,3.6626,0.2808,P4>P1>P5>P3>P2,2,ECI; ODA
ITA,Italy,2004,2,58.4035,68.7094,70.6363,,57.3094,,1.0466,1.2100,0.7516,0.9387,29580.8439,0.0777,,72.1440,,0.6376,0.5073,0.8452,0.9061,0.7214,0.7086,0.5564,3.0190,3.2862,3.5204,3.3303,2.5222,3.1522,0.1599,P4>P3>P5>P1>P2,1,ODA
EST,Estonia,2004,2,68.3545,70.5669,76.9923,,66.5223,,0.8457,0.7670,0.8802,0.8058,14538.0273,1.5978,,76.4540,,0.7061,0.4517,0.8430,0.8593,0.7645,0.7064,0.5504,3.3755,2.9284,3.1322,2.8287,2.8768,3.1141,0.1648,P4>P3>P5>P1>P2,1,ODA
HUN,Hungary,2004,2,66.8233,71.4069,74.0331,,60.1875,,0.8608,1.0970,0.7778,0.8139,16250.6524,0.4494,,79.7548,,0.6811,0.4825,0.7958,0.8727,0.7975,0.7044,0.5451,3.2796,3.1351,2.9851,3.0692,3.1724,3.1844,0.1524,P4>P5>P3>P1>P2,1,ODA
PRT,Portugal,2004,2,64.6856,77.4018,73.1272,,72.0044,,0.7293,0.6450,0.6696,0.8989,21475.5711,0.1509,,81.6736,,0.7180,0.4315,0.7843,0.8891,0.8167,0.7037,0.5435,3.4338,2.6675,2.9815,3.1984,3.4089,3.2298,0.1768,P4>P5>P3>P1>P2,1,ODA
CYP,Cyprus,2004,2,74.5813,74.1126,73.4882,,66.3512,,0.3356,0.5490,0.7260,0.9078,25941.9980,0.0088,,71.3261,,0.7213,0.3919,0.8169,0.8998,0.7133,0.6930,0.5149,3.4442,2.0503,3.2002,3.3814,2.4236,3.0547,0.1929,P4>P3>P1>P5>P2,1,ODA
BHR,Bahrain,2004,2,58.6760,64.5999,67.9426,,52.3913,,,0.1430,0.6236,0.8583,46317.0285,19.5475,0.4630,68.4719,,0.6090,0.6590,0.7409,0.7917,0.6847,0.6920,0.5123,2.8351,2.1241,2.6663,2.1346,2.2266,2.4923,0.0711,P4>P3>P5>P2>P1,1,RD
QAT,Qatar,2004,2,56.0397,64.7647,56.9722,,59.0748,,,0.2440,0.6039,0.8690,110957.8282,39.9026,,82.7747,,0.5921,0.6771,0.7365,0.7088,0.8277,0.6891,0.5047,2.7035,2.2897,2.5944,2.5050,3.6453,2.7620,0.0859,P5>P3>P4>P2>P1,2,RD; ODA
GRC,Greece,2004,2,64.3124,72.7364,66.8032,,57.5432,,0.5407,0.4630,0.7534,0.9131,24825.5735,0.1590,,73.9642,,0.6535,0.4003,0.8333,0.8965,0.7396,0.6834,0.4894,3.1575,2.2414,3.3881,3.2320,2.6601,3.0239,0.1935,P4>P3>P5>P1>P2,1,ODA
SVK,Slovak Republic,2004,2,65.4029,62.1432,72.6410,,55.1738,,0.5026,1.1030,0.7616,0.8341,15165.8836,0.3005,,74.9639,,0.6384,0.4548,0.7978,0.8701,0.7496,0.6818,0.4854,2.9867,2.6831,3.0517,3.0846,2.7783,2.9677,0.1619,P4>P3>P5>P1>P2,1,ODA
LTU,Lithuania,2004,2,62.8091,63.1878,71.2523,,58.2512,,0.7476,0.5880,0.8448,0.8000,12605.0202,0.6550,,76.5936,,0.6388,0.4279,0.8224,0.8582,0.7659,0.6794,0.4788,2.9913,2.6532,2.9771,2.9598,2.8966,2.9468,0.1747,P4>P3>P5>P1>P2,1,ODA
LBN,Lebanon,2004,2,48.2848,52.2573,50.9422,,33.6123,,,0.3370,,0.8568,9609.0128,0.0015,1.3107,52.4130,,0.4627,0.6938,0.8568,0.8268,0.5241,0.6782,0.4758,1.8174,2.4000,3.0974,2.5221,0.9458,2.1293,0.1762,P3>P4>P2>P5>P1,2,EduIdx; RD
HRV,Croatia,2004,2,58.5218,59.5851,60.8049,,53.2425,,1.0205,0.7210,0.7349,0.8502,14686.1107,0.6625,0.2911,75.9653,,0.5804,0.4613,0.7925,0.8612,0.7597,0.6671,0.4464,2.6800,2.9830,3.0321,2.6191,2.8177,2.8184,0.1651,P4>P3>P5>P1>P2,0,
POL,Poland,2004,2,56.8833,61.5591,64.9893,,50.1349,,0.5500,1.0010,0.8113,0.8453,13413.0543,1.4443,,69.6264,,0.5839,0.4493,0.8283,0.8562,0.6963,0.6648,0.4402,2.6696,2.6551,3.2601,2.8222,2.3645,2.7703,0.1701,P4>P3>P5>P1>P2,1,ODA
LVA,Latvia,2004,2,59.4994,63.0098,69.4643,,51.3513,,0.4159,0.7120,0.8518,0.7837,11319.1463,1.5895,,75.9773,,0.6083,0.4128,0.8177,0.8465,0.7598,0.6641,0.4383,2.8154,2.3665,2.9003,2.7451,2.8374,2.7793,0.1797,P4>P3>P5>P1>P2,1,ODA
OMN,Oman,2004,2,54.9702,65.6444,65.8563,,59.8467,,,-0.3020,0.5357,0.8434,42141.6369,39.6933,0.3585,81.3681,,0.6158,0.5791,0.6895,0.6543,0.8137,0.6489,0.3978,2.8445,1.6552,2.1898,2.0320,3.3300,2.5050,0.0901,P5>P3>P4>P1>P2,1,RD
URY,Uruguay,2004,2,56.7099,67.1356,58.9504,,64.0361,,0.4603,0.1540,0.7180,0.8511,11103.1126,0.8009,0.1869,74.6325,,0.6171,0.3663,0.7845,0.8476,0.7463,0.6469,0.3927,2.8634,1.9663,2.9519,2.5593,2.7192,2.6878,0.1907,P4>P3>P5>P1>P2,0,
CRI,Costa Rica,2004,2,56.5156,66.4836,64.0031,,55.5281,,0.3729,0.1000,0.6004,0.9002,9365.3278,1.0011,0.1446,77.7265,,0.6063,0.3545,0.7503,0.8382,0.7773,0.6356,0.3628,2.8037,1.8291,2.6856,2.4274,3.0345,2.6283,0.1935,P4>P5>P3>P1>P2,0,
MYS,Malaysia,2004,2,67.7049,63.3521,63.9360,,50.9430,,0.5999,0.8180,0.6116,0.8312,15415.8063,11.9873,0.2529,68.5476,,0.6148,0.4369,0.7214,0.7889,0.6855,0.6335,0.3571,2.8198,2.6408,2.4714,2.0034,2.2463,2.5104,0.1344,P4>P3>P5>P1>P2,0,
MUS,Mauritius,2004,2,62.4553,71.8591,62.3680,,52.2330,,0.3633,-0.0520,0.5983,0.8084,11215.7003,0.0068,0.4930,79.0444,,0.6223,0.3402,0.7034,0.8483,0.7904,0.6300,0.3478,2.9419,1.6914,2.2230,2.7123,3.1330,2.6534,0.1988,P4>P5>P3>P1>P2,0,
BGR,Bulgaria,2004,2,51.0484,55.3447,63.4121,,50.5708,,0.4709,0.5290,0.7276,0.8088,9200.4824,1.1372,,66.7838,,0.5509,0.4008,0.7682,0.8388,0.6678,0.6261,0.3375,2.4504,2.2145,2.7305,2.6919,2.1675,2.4874,0.1745,P4>P3>P5>P1>P2,1,ODA
SLV,El Salvador,2004,2,42.0934,48.9116,61.4385,,40.0908,,,-0.1070,0.5205,0.7584,4997.5939,0.4524,1.7890,63.3849,,0.4813,0.6141,0.6394,0.7821,0.6338,0.6215,0.3254,1.9507,1.7931,1.5938,1.9856,1.8325,1.8775,0.1067,P4>P3>P5>P2>P1,1,RD
MLT,Malta,2004,2,64.6752,78.6903,72.4841,,64.9948,,0.4892,,0.7255,0.9102,21565.7733,0.0000,0.2437,81.1579,,0.7021,0.0762,0.8178,0.8862,0.8116,0.6166,0.3121,3.3481,1.8356,3.2094,3.0995,3.3103,3.0768,0.3323,P4>P3>P5>P1>P2,1,ECI
NAM,Namibia,2004,2,53.3799,57.2797,57.4965,,47.6352,,,-0.2280,0.5265,0.4950,6479.7637,0.7945,2.6206,73.7954,,0.5395,0.5924,0.5108,0.7793,0.7380,0.6148,0.3074,2.3941,1.6828,0.8216,1.9489,2.6404,2.0101,0.1202,P4>P5>P2>P1>P3,1,RD
ALB,Albania,2004,2,42.5915,48.1099,50.3228,,32.5637,,,-0.1220,0.6186,0.8608,5594.7916,0.8688,3.9723,55.5005,,0.4340,0.6114,0.7397,0.7487,0.5550,0.6145,0.3067,1.5931,1.7655,2.6529,1.8367,1.1232,1.7780,0.1321,P4>P3>P2>P5>P1,1,RD
BRA,Brazil,2004,2,47.1185,51.9366,55.4374,,45.7463,,0.9634,0.7410,0.6104,0.7902,10525.7114,2.5350,0.0274,62.1395,,0.5006,0.4586,0.7003,0.8359,0.6214,0.6092,0.2926,2.1297,2.9694,2.1370,2.3966,1.7340,2.2682,0.1527,P4>P3>P5>P1>P2,0,
CUB,Cuba,2004,2,40.0541,37.4246,28.7858,,43.6397,,0.6023,-0.1800,0.7475,0.8819,,2.7060,0.2649,71.0059,,0.3748,0.3475,0.8147,0.9663,0.7101,0.6078,0.2888,1.0779,1.9511,3.1901,2.1196,2.4039,1.9781,0.2728,P4>P3>P5>P1>P2,1,GDPpcPPP
MEX,Mexico,2004,2,46.6086,53.8342,60.9370,,38.6213,,0.3705,0.9340,0.5948,0.8220,12658.1647,4.1950,0.0167,63.2659,,0.5000,0.4292,0.7084,0.8346,0.6327,0.6042,0.2792,2.0991,2.3533,2.3246,2.3846,1.7931,2.2024,0.1619,P4>P3>P5>P1>P2,0,
ROU,Romania,2004,2,45.0780,54.3819,53.0443,,41.2117,,0.3894,0.6610,0.6982,0.7861,8989.3178,2.4271,,66.4062,,0.4843,0.4062,0.7422,0.8290,0.6641,0.6032,0.2768,2.0127,2.2704,2.4277,2.5533,2.1084,2.2613,0.1765,P4>P3>P5>P1>P2,1,ODA
PAN,Panama,2004,2,48.7060,56.7476,58.6831,,39.6845,,0.2252,0.3260,0.6403,0.8438,9591.6029,0.1601,0.2199,67.6050,,0.5096,0.3632,0.7420,0.8438,0.6761,0.6030,0.2760,2.1933,1.6383,2.6521,2.6152,2.2069,2.2919,0.1911,P4>P3>P5>P1>P2,0,
ARG,Argentina,2004,2,50.8770,45.5973,44.2793,,39.6472,,0.4038,0.5380,0.7864,0.8442,12117.6797,4.2952,0.0665,60.2837,,0.4510,0.3963,0.8153,0.8308,0.6028,0.6013,0.2717,1.5932,2.1735,3.1708,2.3157,1.5369,2.0841,0.2009,P4>P3>P5>P1>P2,0,
ZAF,South Africa,2004,2,60.4824,59.2475,64.9081,,52.3227,,0.7268,0.6580,0.6232,0.5225,9713.6535,4.7796,0.2511,65.6266,,0.5924,0.4325,0.5728,0.8131,0.6563,0.5990,0.2657,2.7206,2.6538,1.3525,2.0911,2.0099,2.2793,0.1383,P4>P5>P1>P3>P2,0,
TTO,Trinidad and Tobago,2004,2,57.1626,59.8817,64.7826,,51.1453,,0.1144,0.0540,0.6491,0.7674,20673.7458,10.8323,-0.0118,64.8555,,0.5824,0.3300,0.7083,0.8161,0.6486,0.5978,0.2625,2.6748,1.2809,2.1957,2.6268,1.9507,2.2903,0.1820,P4>P3>P5>P1>P2,0,
BWA,Botswana,2004,2,61.2415,68.5613,66.2332,,66.9709,,0.5329,-0.7390,0.5938,0.5165,10818.1587,3.2240,0.5827,81.3841,,0.6575,0.2919,0.5552,0.8235,0.8138,0.5945,0.2535,3.0994,1.5518,1.1522,2.1070,3.3695,2.4314,0.2190,P4>P5>P1>P3>P2,0,
DOM,Dominican Republic,2004,2,35.8335,46.0779,48.2186,,33.3098,,,-0.4900,0.5584,0.7805,7374.8123,1.2141,0.5077,58.1534,,0.4086,0.5454,0.6694,0.8184,0.5815,0.5942,0.2529,1.3022,1.3517,1.8346,2.1353,1.3596,1.5837,0.1520,P4>P3>P5>P2>P1,1,RD
TUN,Tunisia,2004,2,56.7130,54.2078,53.4120,,44.7216,,0.7309,0.1800,0.5584,0.8234,7671.8454,3.0450,1.1156,65.2998,,0.5226,0.3900,0.6909,0.7981,0.6530,0.5912,0.2450,2.2893,2.3363,2.2038,1.8736,1.9704,2.1714,0.1580,P4>P3>P5>P1>P2,0,
TUR,Turkiye,2004,2,52.9190,59.3325,54.3676,,44.5260,,0.4971,0.4740,0.5316,0.8188,10759.3363,0.2580,0.0714,54.3134,,0.5279,0.3979,0.6752,0.8515,0.5431,0.5911,0.2446,2.3228,2.2005,2.0442,2.6746,1.0049,2.1426,0.1719,P4>P3>P5>P1>P2,0,
THA,Thailand,2004,2,54.5949,56.2123,59.7023,,38.9959,,0.2383,0.6290,0.5768,0.8015,9545.3381,2.3938,0.0314,55.6581,,0.5238,0.3914,0.6891,0.8318,0.5566,0.5886,0.2380,2.2437,1.9276,2.0372,2.3572,1.1626,2.0354,0.1680,P4>P3>P5>P1>P2,0,
BLR,Belarus,2004,2,26.8415,43.9873,35.6916,,40.8238,,0.6276,0.9380,0.7676,0.7490,8482.9202,1.7915,0.1917,66.1808,,0.3684,0.4498,0.7583,0.8270,0.6618,0.5878,0.2358,0.9203,2.7370,2.5410,2.2559,2.0887,1.9154,0.1974,P4>P3>P5>P2>P1,0,
JOR,Jordan,2004,2,52.3082,58.8274,60.5835,,49.2234,,0.3369,0.3090,0.6286,0.8121,7073.8458,0.1276,5.1742,60.0976,,0.5524,0.3705,0.7204,0.7457,0.6010,0.5840,0.2258,2.4542,1.8984,2.4223,2.0434,1.5172,2.1582,0.1505,P4>P3>P5>P1>P2,0,
UKR,Ukraine,2004,2,36.0693,43.7756,47.8331,,25.3392,,1.0439,0.9480,0.7704,0.7303,6663.4673,3.3541,0.4745,56.3679,,0.3825,0.4835,0.7503,0.7995,0.5637,0.5828,0.2227,1.0877,3.1069,2.4600,1.9159,1.1823,1.8018,0.1764,P4>P3>P5>P2>P1,0,
CHN,China,2004,2,44.4416,44.5441,49.8162,,34.9186,,1.1973,0.9310,0.5276,0.8266,4504.9294,4.7249,0.0864,58.2173,,0.4343,0.4941,0.6771,0.7766,0.5822,0.5811,0.2179,1.5746,3.1752,2.0841,1.8404,1.3990,1.9370,0.1377,P4>P3>P5>P2>P1,0,
IDN,Indonesia,2004,2,36.5108,43.7128,46.9476,,24.2889,,,0.1860,0.5494,0.7003,5700.0495,9.1208,0.0398,37.5933,,0.3787,0.6667,0.6249,0.7602,0.3759,0.5759,0.2043,1.0424,2.2345,1.4966,1.8020,0.2365,1.3273,0.1749,P4>P2>P3>P1>P5,1,RD
KWT,Kuwait,2004,2,53.8217,65.6079,59.7493,,56.1067,,0.1301,0.1690,0.5853,0.8675,77226.6368,46.8825,,69.1020,,0.5882,0.3416,0.7264,0.6435,0.6910,0.5755,0.2033,2.6885,1.3773,2.4711,2.4671,2.3251,2.3815,0.1525,P3>P5>P4>P1>P2,1,ODA
SWZ,Eswatini,2004,2,29.3731,44.4114,43.0773,,41.7152,,,0.3980,0.4363,0.3678,5309.6051,2.3699,0.8079,60.9371,,0.3964,0.7047,0.4021,0.7887,0.6094,0.5744,0.2002,1.1614,2.4276,0.5074,1.8831,1.5961,1.4722,0.1770,P4>P2>P5>P3>P1,1,RD
RUS,Russian Federation,2004,2,38.1293,43.3395,52.4371,,29.8077,,1.1513,1.1680,0.8028,0.6946,10226.7666,16.4102,,45.2370,,0.4093,0.5117,0.7487,0.7424,0.4524,0.5737,0.1984,1.3397,3.3409,2.4262,2.1588,0.5320,1.8617,0.1618,P3>P4>P2>P5>P1,1,ODA
MNE,Montenegro,2004,2,53.7517,59.6104,49.1557,,42.5022,,1.0187,,0.7013,0.8366,7841.4438,0.2552,0.9233,78.3527,,0.5125,0.1597,0.7690,0.8210,0.7835,0.5644,0.1738,2.1963,2.9041,2.8360,2.2663,3.0936,2.5844,0.2794,P4>P5>P3>P1>P2,1,ECI
ARM,Armenia,2004,2,47.5367,52.7126,57.7716,,34.2492,,0.2566,0.4780,0.6519,0.7989,4377.2276,0.0217,6.8758,62.1107,,0.4807,0.3793,0.7254,0.6933,0.6211,0.5608,0.1643,1.9587,1.8307,2.4030,1.8606,1.7143,1.9715,0.1465,P3>P4>P5>P1>P2,0,
SRB,Serbia,2004,2,45.8533,44.1405,44.4559,,35.5098,,0.2819,0.6090,0.6537,0.8133,8715.1102,1.7538,4.3550,55.4956,,0.4249,0.3930,0.7335,0.7593,0.5550,0.5585,0.1582,1.3883,2.0645,2.5681,1.8227,1.1034,1.7337,0.1696,P4>P3>P5>P1>P2,0,
SYC,Seychelles,2004,2,56.7421,64.8374,48.3600,,52.3003,,0.3257,,,0.7955,14160.4072,0.0656,1.1776,74.0420,,0.5556,0.0504,0.7955,0.8485,0.7404,0.5544,0.1471,2.4462,1.3699,2.2769,2.5708,2.6798,2.3444,0.3255,P4>P3>P5>P1>P2,2,EduIdx; ECI
JAM,Jamaica,2004,2,50.0391,53.1958,57.8961,,41.1902,,0.0610,-0.5640,0.5845,0.7930,7853.8642,1.8869,0.9044,60.0841,,0.5058,0.2704,0.6887,0.8106,0.6008,0.5540,0.1461,2.1645,0.8399,1.9983,2.0060,1.4975,1.8224,0.2041,P4>P3>P5>P1>P2,0,
GEO,Georgia,2004,2,37.1210,47.7428,46.8845,,46.8677,,0.2442,0.4730,0.7764,0.7848,4634.7776,0.8095,6.0434,50.4009,,0.4465,0.3779,0.7806,0.7049,0.5040,0.5536,0.1451,1.6181,1.7620,2.7072,1.6590,0.8473,1.7150,0.1723,P3>P4>P5>P1>P2,0,
MKD,North Macedonia,2004,2,47.3549,51.5544,52.8824,,37.9046,,0.2324,0.0170,0.5900,0.8223,7229.4143,0.5299,4.6747,52.4028,,0.4742,0.3360,0.7062,0.7525,0.5240,0.5467,0.1267,1.8935,1.4313,2.2896,1.9265,0.9261,1.7583,0.1712,P4>P3>P5>P1>P2,0,
GAB,Gabon,2004,2,29.9744,49.1197,45.0053,,29.7156,,,-0.6720,0.5501,0.6568,13637.6668,27.4568,0.6089,65.7081,,0.3845,0.5127,0.6035,0.6735,0.6571,0.5454,0.1233,1.0740,1.1586,1.3130,1.6967,2.0493,1.4163,0.1194,P4>P5>P3>P2>P1,1,RD
LKA,Sri Lanka,2004,2,42.3733,59.6002,54.0492,,46.7314,,0.1821,-0.4790,0.7027,0.7388,5215.8802,0.1475,1.9961,46.0752,,0.5069,0.2876,0.7208,0.7828,0.4608,0.5454,0.1233,2.1969,1.0595,2.2524,2.0825,0.5911,1.7774,0.2013,P4>P3>P1>P5>P2,0,
BIH,Bosnia and Herzegovina,2004,2,36.1002,48.9828,48.6634,,38.9768,,0.0159,0.5930,0.5538,0.8691,5407.4278,1.7062,6.4355,61.0817,,0.4318,0.3706,0.7114,0.7003,0.6108,0.5440,0.1197,1.5021,1.3930,2.4012,1.6001,1.6355,1.6855,0.1560,P3>P4>P5>P1>P2,0,
MDA,Moldova,2004,2,35.2711,52.9450,46.0097,,24.2446,,0.3490,-0.0200,,0.7387,4378.1748,0.2113,4.0593,60.8082,,0.3962,0.3419,0.7387,0.7390,0.6081,0.5409,0.1113,1.1933,1.6915,1.6821,1.8580,1.5764,1.5524,0.1875,P4>P3>P5>P1>P2,1,EduIdx
IND,India,2004,2,47.5436,57.9546,51.6335,,40.0015,,0.7569,0.5550,0.4194,0.6844,2681.8612,3.1693,0.1105,48.2325,,0.4928,0.4256,0.5519,0.7598,0.4823,0.5402,0.1095,2.0567,2.6531,1.0607,1.7592,0.7291,1.7355,0.1295,P4>P3>P1>P5>P2,0,
COL,Colombia,2004,2,46.5020,47.8046,54.3524,,46.3594,,0.1696,0.2380,0.5872,0.8117,7909.3464,5.9281,0.4742,31.9398,,0.4875,0.3509,0.6995,0.7911,0.3194,0.5397,0.1081,2.0260,1.4735,2.1747,1.8602,0.1576,1.6551,0.2092,P4>P3>P1>P2>P5,0,
VCT,St. Vincent and the Grenadines,2004,2,55.6238,69.4125,55.6727,,52.0894,,0.1139,,0.6763,0.7761,8471.9625,0.0146,2.0341,81.8604,,0.5820,0.0170,0.7262,0.8081,0.8186,0.5385,0.1049,2.6685,0.5205,2.3169,2.3289,3.4483,2.3736,0.3342,P5>P4>P3>P1>P2,1,ECI
BRN,Brunei Darussalam,2004,2,59.2609,67.6539,67.3510,,52.0713,,0.0338,,0.6316,0.8400,80403.7579,30.6737,,84.6730,,0.6158,0.0044,0.7358,0.7537,0.8467,0.5376,0.1027,2.8788,0.0822,2.5977,2.5205,3.8818,2.5319,0.3382,P5>P4>P3>P1>P2,2,ECI; ODA
SAU,Saudi Arabia,2004,2,41.1105,55.5422,53.3879,,38.1761,,0.0532,0.6780,0.6056,0.8312,51225.3258,43.6225,0.0078,51.2380,,0.4705,0.3812,0.7184,0.6440,0.5124,0.5366,0.1001,1.8865,1.6403,2.4375,2.2244,0.8867,1.8642,0.1354,P3>P4>P5>P1>P2,0,
PHL,Philippines,2004,2,46.2802,48.0126,53.7636,,34.5330,,0.1069,0.2720,0.6137,0.7431,4037.1719,0.8759,0.4477,38.9138,,0.4565,0.3490,0.6784,0.7906,0.3891,0.5341,0.0933,1.7544,1.4052,1.9545,1.9966,0.2759,1.5634,0.1923,P4>P3>P1>P5>P2,0,
KEN,Kenya,2004,2,37.3109,44.4094,48.5824,,29.7440,,,-0.3140,0.4568,0.5838,2066.3154,4.1237,4.1115,49.8096,,0.4001,0.5770,0.5203,0.6733,0.4981,0.5328,0.0899,1.2580,1.5724,0.9116,1.1513,0.7685,1.1627,0.1008,P4>P2>P3>P5>P1,1,RD
PER,Peru,2004,2,36.4495,50.4393,55.9541,,39.5523,,0.1558,-0.4970,0.6362,0.7915,6037.5203,6.2346,0.7557,49.9134,,0.4560,0.2839,0.7138,0.7705,0.4991,0.5317,0.0871,1.7182,0.9771,2.2602,1.6714,0.8079,1.5560,0.1985,P4>P3>P5>P1>P2,0,
MAR,Morocco,2004,2,44.0066,53.3177,49.9128,,39.9939,,0.5659,-0.3620,0.3976,0.7426,5024.6943,0.5702,1.1910,59.3806,,0.4681,0.3283,0.5701,0.7915,0.5938,0.5308,0.0846,1.8772,1.7995,1.2662,2.0009,1.4581,1.7442,0.1707,P4>P5>P3>P1>P2,0,
LBY,Libya,2004,2,27.4925,37.5222,33.0822,,25.2597,,,-0.6340,0.6435,0.7878,23813.4012,55.8477,0.0509,65.6984,,0.3084,0.5196,0.7156,0.5612,0.6570,0.5281,0.0773,0.4952,1.2138,2.2849,1.9451,2.0296,1.4298,0.1568,P3>P5>P4>P2>P1,1,RD
SEN,Senegal,2004,2,39.1926,54.6071,48.7958,,44.7385,,,-0.3030,0.2315,0.6201,2236.2940,1.9716,10.6778,62.5118,,0.4683,0.5789,0.4258,0.5823,0.6251,0.5260,0.0717,1.8965,1.6276,0.5396,1.1210,1.7537,1.4801,0.0846,P5>P4>P2>P1>P3,1,RD
IRN,"Iran, Islamic Rep.",2004,2,38.3298,40.4753,35.3940,,34.7800,,0.5045,0.0470,0.6460,0.8006,14425.4170,27.2444,0.1006,54.5771,,0.3724,0.3602,0.7233,0.6863,0.5458,0.5196,0.0550,0.9716,1.9520,2.3885,1.9095,1.0640,1.5575,0.1699,P3>P4>P5>P1>P2,0,
EGY,"Egypt, Arab Rep.",2004,2,40.2182,54.8128,45.4684,,35.1085,,0.2699,0.0410,0.5129,0.7417,6207.1249,11.3771,1.9126,50.8491,,0.4390,0.3411,0.6273,0.7183,0.5085,0.5150,0.0427,1.5792,1.5821,1.4943,1.3778,0.8670,1.4276,0.1494,P4>P3>P5>P1>P2,0,
VNM,Viet Nam,2004,2,38.7044,44.2222,45.8065,,31.5615,,0.1927,-0.1780,0.5325,0.8163,3543.0992,11.7643,3.7194,65.7869,,0.4007,0.3154,0.6744,0.6567,0.6579,0.5110,0.0322,1.2377,1.2799,2.0452,1.0744,2.0690,1.4859,0.1699,P3>P5>P4>P1>P2,0,
KAZ,Kazakhstan,2004,2,33.3415,40.3586,41.6348,,24.3525,,0.2484,-0.0550,0.7438,0.6929,11777.1120,28.2541,0.6738,64.3799,,0.3492,0.3308,0.7184,0.6595,0.6438,0.5100,0.0293,0.7512,1.4447,2.2239,1.6257,1.9310,1.4620,0.1851,P3>P4>P5>P1>P2,0,
NPL,Nepal,2004,2,37.3913,42.3775,45.3143,,29.1610,,,-0.3070,0.3574,0.6884,1542.4495,0.9017,5.9255,29.8238,,0.3856,0.5782,0.5229,0.6495,0.2982,0.5053,0.0168,1.0727,1.6000,0.9286,1.2712,0.1379,1.0296,0.1431,P4>P2>P3>P1>P5,1,RD
PRY,Paraguay,2004,2,29.9103,43.0109,43.0487,,19.9724,,0.0607,-1.0350,0.5947,0.7854,7685.6581,1.6492,0.4142,59.0742,,0.3399,0.2281,0.6901,0.8192,0.5907,0.5029,0.0106,0.6700,0.5917,2.0056,2.1351,1.4384,1.2946,0.2450,P4>P3>P5>P1>P2,0,
ECU,Ecuador,2004,2,33.6160,45.3019,42.2847,,32.1469,,0.0601,-0.8020,0.6216,0.8287,6980.0913,12.5726,0.5524,50.2157,,0.3834,0.2490,0.7251,0.7391,0.5022,0.5011,0.0059,1.0303,0.6883,2.4899,1.5505,0.8276,1.2945,0.2136,P4>P3>P5>P1>P2,0,
VEN,"Venezuela, RB",2004,2,29.2964,35.4984,37.4324,,27.6281,,0.1891,0.4450,0.5879,0.8116,14757.1085,23.8297,0.0428,44.1464,,0.3246,0.3710,0.6997,0.7112,0.4415,0.5002,0.0035,0.5819,1.6111,2.1757,1.9836,0.4532,1.2569,0.1836,P4>P3>P5>P2>P1,0,
GTM,Guatemala,2004,2,34.0418,41.5842,49.1243,,35.8246,,0.0356,-0.0710,0.3881,0.7422,5263.4465,1.4563,1.0079,49.8931,,0.4014,0.3126,0.5652,0.7911,0.4989,0.4996,0.0019,1.2495,0.9925,1.2334,1.9050,0.7882,1.2782,0.1822,P4>P3>P5>P1>P2,0,
MNG,Mongolia,2004,2,43.1962,59.2428,49.2799,,41.5183,,0.2678,-1.0570,0.6423,0.6822,4941.8266,14.9665,11.0795,74.6715,,0.4831,0.2425,0.6623,0.5299,0.7467,0.4945,-0.0118,1.9908,0.9408,1.8018,0.8945,2.7389,1.7234,0.1932,P5>P3>P4>P1>P2,0,
BGD,Bangladesh,2004,2,33.7231,39.1175,37.2412,,17.1749,,,-0.8780,0.3874,0.6910,1861.5126,1.2503,2.0924,43.1999,,0.3181,0.4758,0.5392,0.7207,0.4320,0.4937,-0.0140,0.5555,0.9379,1.0159,1.4402,0.3941,0.8432,0.1488,P4>P3>P2>P5>P1,1,RD
BEN,Benin,2004,2,42.6625,50.3164,45.2739,,37.5437,,,-1.3780,0.3155,0.5746,1915.3464,3.1254,6.3672,68.9151,,0.4395,0.3861,0.4451,0.6385,0.6892,0.4920,-0.0184,1.5662,0.4966,0.5860,1.1209,2.2857,1.2906,0.1348,P5>P4>P3>P1>P2,1,RD
KGZ,Kyrgyz Republic,2004,2,40.5249,46.0945,50.2289,,25.1692,,0.1993,0.0670,0.6853,0.7023,2343.4304,3.4153,9.7995,46.7435,,0.4050,0.3379,0.6938,0.5897,0.4674,0.4892,-0.0259,1.3678,1.4453,2.0831,1.0470,0.6897,1.3349,0.1431,P3>P4>P5>P1>P2,0,
DZA,Algeria,2004,2,38.1033,46.1178,45.2559,,30.8715,,0.1519,-0.5090,0.5434,0.8082,11431.6857,26.1573,0.3586,43.5847,,0.4009,0.2825,0.6758,0.6772,0.4358,0.4850,-0.0369,1.2362,0.9496,1.9868,1.7182,0.4138,1.2905,0.1756,P4>P3>P5>P1>P2,0,
MLI,Mali,2004,2,31.8922,50.7029,47.1379,,36.9535,,,-0.9270,0.1994,0.5116,1730.0923,3.8956,8.4607,71.4788,,0.4167,0.4670,0.3555,0.5932,0.7148,0.4821,-0.0445,1.3955,0.9103,0.2390,0.9730,2.4631,1.2380,0.1443,P5>P4>P2>P1>P3,1,RD
BOL,Bolivia,2004,2,40.5573,47.4023,52.3559,,35.2056,,0.2766,-1.1310,0.6500,0.6741,4662.9708,7.4300,8.4239,55.6214,,0.4388,0.2365,0.6621,0.6214,0.5562,0.4811,-0.0472,1.6038,0.9612,1.8173,1.1246,1.1429,1.3880,0.1712,P3>P4>P5>P1>P2,0,
TGO,Togo,2004,2,21.1697,39.0071,35.5897,,29.1762,,,-0.8770,0.3878,0.5476,1427.0023,6.3103,2.0633,54.3251,,0.3124,0.4760,0.4677,0.6738,0.5433,0.4797,-0.0510,0.5202,0.9655,0.6580,1.0006,1.0246,0.7910,0.1311,P4>P5>P2>P3>P1,1,RD
AZE,Azerbaijan,2004,2,30.5541,44.1217,45.0564,,22.6420,,0.2983,-0.3260,0.6709,0.7306,5247.5383,28.7444,2.1529,46.6803,,0.3559,0.3105,0.7007,0.5899,0.4668,0.4714,-0.0730,0.8206,1.4162,2.1312,1.1062,0.6700,1.1609,0.1620,P3>P4>P5>P1>P2,0,
HND,Honduras,2004,2,36.8496,42.8684,45.9841,,27.8175,,0.0415,-0.6500,0.4299,0.7546,3001.2967,1.1707,6.4127,55.3012,,0.3838,0.2611,0.5923,0.6739,0.5530,0.4698,-0.0774,1.0576,0.7164,1.4090,1.4627,1.0837,1.1584,0.1672,P4>P3>P5>P1>P2,0,
CMR,Cameroon,2004,2,30.9469,39.9461,42.1338,,24.4523,,,-1.2560,0.3488,0.5320,2532.6474,4.7318,4.2379,56.3882,,0.3437,0.4080,0.4404,0.6777,0.5639,0.4679,-0.0823,0.7312,0.5793,0.5481,1.1596,1.2020,0.8475,0.1334,P4>P5>P3>P2>P1,1,RD
TZA,Tanzania,2004,2,37.4621,48.2387,46.5619,,35.6096,,,-1.1360,0.3601,0.5667,1482.1621,5.3543,10.7681,54.4393,,0.4197,0.4295,0.4634,0.5370,0.5444,0.4668,-0.0852,1.4166,0.6345,0.6322,0.7647,1.0443,0.9980,0.0589,P5>P4>P3>P2>P1,1,RD
ZWE,Zimbabwe,2004,2,32.5334,27.0136,26.4281,,19.3793,,,-0.4220,0.5229,0.4007,2591.0201,8.4373,4.7045,39.5372,,0.2634,0.5576,0.4618,0.6464,0.3954,0.4664,-0.0863,0.3011,1.4345,0.6974,0.9807,0.3153,0.6757,0.1475,P4>P2>P3>P5>P1,1,RD
MRT,Mauritania,2004,2,40.0786,41.6443,48.5750,,36.2976,,,-1.5900,0.3028,0.6672,2570.2940,8.8601,8.0218,60.5457,,0.4165,0.3480,0.4850,0.5878,0.6055,0.4662,-0.0867,1.3950,0.2483,0.7675,0.8815,1.5567,1.0597,0.1101,P5>P4>P3>P1>P2,1,RD
TKM,Turkmenistan,2004,2,22.4174,36.5075,25.6044,,21.8424,,,-1.4690,,0.7085,4798.1532,44.1006,0.8028,61.3197,,0.2659,0.3698,0.7085,0.5054,0.6132,0.4630,-0.0953,0.2891,0.3862,1.5385,1.1523,1.6749,0.9008,0.1787,P3>P5>P4>P2>P1,2,EduIdx; RD
GHA,Ghana,2004,2,43.6353,53.7090,47.0763,,40.9916,,,-1.4020,0.3906,0.6049,2729.3445,12.3974,16.3420,63.8830,,0.4635,0.3818,0.4978,0.4287,0.6388,0.4605,-0.1020,1.8113,0.4690,0.7934,0.6644,1.8916,1.2487,0.0976,P5>P3>P1>P4>P2,1,RD
UZB,Uzbekistan,2004,2,24.9438,38.4558,29.0209,,22.6834,,0.2704,-0.5520,0.6615,0.7262,3321.1965,18.7849,2.0294,43.9341,,0.2878,0.2880,0.6938,0.6348,0.4393,0.4536,-0.1203,0.3692,1.2509,2.0881,1.0504,0.4335,0.9267,0.1901,P3>P4>P5>P2>P1,0,
PAK,Pakistan,2004,2,38.5568,39.7311,38.8519,,25.8337,,0.3295,-0.4400,0.2876,0.6630,3048.3571,2.4490,1.0211,39.3182,,0.3574,0.3027,0.4753,0.7560,0.3932,0.4506,-0.1282,0.8870,1.4021,0.7018,1.6258,0.2956,0.9966,0.1786,P4>P3>P5>P1>P2,0,
MWI,Malawi,2004,2,32.3202,52.0063,43.6591,,31.8909,,,-1.4420,0.4115,0.4780,1032.8021,6.3921,10.1223,63.5077,,0.3997,0.3746,0.4447,0.5223,0.6351,0.4505,-0.1286,1.1984,0.4138,0.5206,0.6773,1.8719,0.9878,0.1055,P5>P4>P3>P1>P2,1,RD
CIV,Cote d'Ivoire,2004,2,19.9017,32.0231,36.2464,,24.2136,,,-1.0310,0.3117,0.4914,2794.1733,2.4932,1.0867,28.2039,,0.2810,0.4483,0.4015,0.7502,0.2820,0.4409,-0.1541,0.3363,0.8000,0.3480,1.5768,0.0985,0.6211,0.1922,P4>P2>P3>P5>P1,1,RD
NIC,Nicaragua,2004,2,30.5668,47.3846,51.0172,,36.6116,,0.0349,-1.0490,0.5397,0.7617,3255.4852,1.2919,19.7273,58.1918,,0.4140,0.2248,0.6507,0.4554,0.5819,0.4391,-0.1588,1.3727,0.4409,1.6883,1.2420,1.3793,1.2721,0.1647,P3>P5>P4>P1>P2,0,
TJK,Tajikistan,2004,2,28.1022,41.0767,38.4640,,20.9374,,0.0670,-0.7910,0.6544,0.7170,1550.0720,0.6702,11.3402,46.1349,,0.3215,0.2505,0.6857,0.5610,0.4613,0.4385,-0.1604,0.5447,0.7432,2.0666,1.1806,0.6305,0.9643,0.1762,P3>P4>P5>P1>P2,0,
HTI,Haiti,2004,2,14.4282,28.3810,30.8462,,19.5698,,,-1.3560,0.4194,0.5926,2322.1979,0.4151,4.6101,34.0065,,0.2331,0.3900,0.5060,0.6958,0.3401,0.4301,-0.1826,0.1504,0.5241,0.8350,1.5632,0.1773,0.6044,0.1767,P4>P3>P2>P5>P1,1,RD
BFA,Burkina Faso,2004,2,36.1048,47.9302,44.8921,,41.9445,,0.2151,-1.1010,,0.5015,1079.0001,5.4373,11.9747,63.3329,,0.4272,0.2344,0.5015,0.5000,0.6333,0.4290,-0.1855,1.4316,0.7832,0.3487,0.6840,1.8128,1.0869,0.1461,P5>P3>P4>P1>P2,1,EduIdx
PNG,Papua New Guinea,2004,2,41.0247,49.3900,43.6301,,25.5475,,,-1.5360,0.3122,0.6430,2186.5401,28.7908,7.3659,52.7085,,0.3990,0.3577,0.4776,0.4576,0.5271,0.4289,-0.1858,1.2596,0.2759,0.7388,0.5922,0.9655,0.8608,0.0665,P5>P3>P4>P1>P2,1,RD
NER,Niger,2004,2,35.0959,45.3102,40.4787,,30.0008,,,-0.7730,0.1361,0.4985,832.1252,7.5076,13.7459,57.6061,,0.3772,0.4946,0.3173,0.4433,0.5761,0.4277,-0.1891,0.9999,1.1034,0.1754,0.5563,1.3202,0.8560,0.1006,P5>P2>P4>P1>P3,1,RD
KHM,Cambodia,2004,2,30.6119,35.7429,48.4279,,27.5042,,0.0474,-1.5110,0.4221,0.6655,1769.7624,3.2041,7.1795,53.1828,,0.3557,0.1844,0.5438,0.6203,0.5318,0.4210,-0.2067,0.8946,0.3025,1.0058,1.0624,0.9852,0.8806,0.1760,P4>P3>P5>P1>P2,0,
AGO,Angola,2004,2,21.5584,31.9420,32.3238,,23.1021,,,-0.7880,0.3009,0.4788,4770.6880,33.7707,4.6699,46.0945,,0.2723,0.4919,0.3899,0.5095,0.4609,0.4170,-0.2173,0.2909,1.0483,0.2993,0.9100,0.6108,0.5838,0.0968,P4>P2>P5>P3>P1,1,RD
YEM,"Yemen, Rep.",2004,2,27.8870,36.1565,41.6987,,24.2716,,,-1.4930,0.2885,0.6905,2948.8464,34.1536,2.1285,38.0237,,0.3250,0.3654,0.4895,0.5245,0.3802,0.4134,-0.2268,0.5717,0.3586,0.8259,0.8684,0.2562,0.5950,0.0856,P4>P3>P5>P2>P1,1,RD
MDG,Madagascar,2004,2,38.2021,51.0813,46.2601,,41.5653,,0.1926,-1.2410,0.3845,0.6180,1279.5461,6.1605,25.0976,65.5057,,0.4428,0.2200,0.5012,0.3702,0.6551,0.4055,-0.2479,1.6314,0.7007,0.7892,0.5628,1.9901,1.2170,0.1607,P5>P3>P1>P4>P2,0,
AFG,Afghanistan,2004,2,28.8607,26.9098,29.5369,,17.3444,,,-0.3220,0.2601,0.5817,971.6335,0.4589,42.8700,28.4642,,0.2566,0.5755,0.4209,0.3940,0.2846,0.3995,-0.2639,0.2209,1.5448,0.4720,1.0292,0.1182,0.6071,0.1267,P2>P3>P4>P5>P1,1,RD
LAO,Lao PDR,2004,2,31.6482,32.7017,34.1123,,25.3455,,0.0371,-1.3410,0.3979,0.6166,2315.4338,6.1377,10.1779,57.1151,,0.3095,0.1988,0.5072,0.5647,0.5712,0.3986,-0.2663,0.5169,0.3718,0.8468,0.8929,1.2611,0.7473,0.1673,P5>P4>P3>P1>P2,0,
RWA,Rwanda,2004,2,37.7135,41.9913,43.2524,,40.6014,,,-1.4300,0.3455,0.5465,832.2797,7.0204,20.9618,44.3986,,0.4089,0.3767,0.4460,0.3423,0.4440,0.3985,-0.2666,1.2432,0.4414,0.5573,0.4978,0.4729,0.7533,0.0445,P3>P5>P1>P2>P4,1,RD
LSO,Lesotho,2004,2,43.4494,52.8363,43.3045,,41.4870,,0.0553,,0.4900,0.3698,1560.7488,3.8550,4.5979,66.7785,,0.4527,0.0078,0.4299,0.6525,0.6678,0.3984,-0.2668,1.6703,0.3562,0.6194,1.0692,2.1478,1.2779,0.2665,P5>P4>P1>P3>P2,1,ECI
IRQ,Iraq,2004,2,20.4961,26.7331,29.9496,,24.4278,,,-0.3570,0.4595,0.6867,9289.7422,64.7758,12.6774,17.3429,,0.2540,0.5693,0.5731,0.3022,0.1734,0.3982,-0.2672,0.2513,1.4897,1.1896,0.9113,0.0197,0.6846,0.1854,P3>P2>P4>P1>P5,1,RD
GNQ,Equatorial Guinea,2004,2,24.6216,34.1522,29.8653,,19.4188,,,-2.0500,0.4287,0.5432,19354.2121,56.2891,1.9677,57.7122,,0.2701,0.2655,0.4859,0.5186,0.5771,0.3925,-0.2823,0.2401,0.1655,0.7618,1.5234,1.3399,0.7474,0.1458,P5>P4>P3>P1>P2,1,RD
GIN,Guinea,2004,2,34.6425,35.1359,37.3759,,29.9940,,,-1.9020,0.2339,0.5227,1366.0316,14.1599,5.4614,45.3911,,0.3429,0.2921,0.3783,0.5626,0.4539,0.3923,-0.2829,0.7178,0.1931,0.3458,0.6215,0.5517,0.5409,0.1055,P4>P5>P3>P1>P2,1,RD
COG,"Congo, Rep.",2004,2,29.0716,39.2446,39.5970,,28.3794,,,-2.3200,0.4929,0.5840,3991.5112,40.0820,3.6563,45.4403,,0.3407,0.2171,0.5384,0.4751,0.4544,0.3876,-0.2954,0.6812,0.0552,1.0010,0.8780,0.5714,0.6671,0.1271,P3>P4>P5>P1>P2,1,RD
UGA,Uganda,2004,2,40.6938,44.7287,52.0570,,31.0101,,0.2606,-1.0040,0.4439,0.5184,1405.2429,15.1926,15.8224,46.1354,,0.4212,0.2467,0.4811,0.3845,0.4614,0.3862,-0.2991,1.4792,0.9754,0.7444,0.4205,0.6502,0.9565,0.0929,P3>P5>P1>P4>P2,0,
ZMB,Zambia,2004,2,31.4276,48.8746,43.7408,,35.5974,,0.0222,-0.9630,0.4600,0.4698,2067.9373,13.7756,19.3810,63.2092,,0.3991,0.2315,0.4649,0.3545,0.6321,0.3848,-0.3030,1.1848,0.4688,0.6470,0.5278,1.7734,0.9660,0.1476,P5>P3>P1>P4>P2,0,
MOZ,Mozambique,2004,2,35.8015,45.8093,46.5650,,33.4812,,0.3977,-0.9710,0.2844,0.4901,673.3457,7.9953,16.0227,60.9438,,0.4041,0.2604,0.3872,0.3912,0.6094,0.3828,-0.3082,1.2518,1.2358,0.2700,0.5135,1.6158,1.0154,0.1255,P5>P1>P4>P3>P2,0,
LBR,Liberia,2004,2,19.0425,30.9826,26.6065,,22.6184,,,-0.7860,0.4078,0.5531,745.3979,19.7881,29.2041,40.8666,,0.2481,0.4923,0.4805,0.2515,0.4087,0.3724,-0.3359,0.1852,1.0759,0.7247,0.2370,0.3744,0.4476,0.1197,P2>P3>P5>P4>P1,1,RD
NGA,Nigeria,2004,2,30.1132,35.6412,35.3359,,19.6028,,,-2.9010,0.4231,0.4484,4381.1368,16.7755,,36.4365,,0.3017,0.1128,0.4357,0.6963,0.3644,0.3665,-0.3515,0.4056,0.0276,0.5351,1.7924,0.1970,0.6177,0.2126,P4>P3>P5>P1>P2,2,RD; ODA
SDN,Sudan,2004,2,26.3068,30.5296,36.2362,,21.4190,,0.2382,-2.1790,0.2655,0.5657,3215.2363,10.1433,3.8952,37.1628,,0.2862,0.1395,0.4156,0.6596,0.3716,0.3586,-0.3723,0.3366,0.5346,0.4525,1.0787,0.2167,0.5174,0.1910,P4>P3>P5>P1>P2,0,
MMR,Myanmar,2004,2,19.4228,25.6894,16.9776,,15.6156,,0.1622,-1.7850,0.3363,0.6376,1600.8411,18.8645,1.1690,47.4270,,0.1943,0.1688,0.4869,0.6109,0.4743,0.3578,-0.3746,0.0601,0.4391,0.7512,0.8785,0.7094,0.4957,0.1953,P4>P3>P5>P1>P2,0,
TCD,Chad,2004,2,26.6026,36.3922,39.1352,,21.3998,,,-2.0660,0.2078,0.4413,1808.2120,34.9264,8.9099,40.2012,,0.3088,0.2626,0.3246,0.3811,0.4020,0.3242,-0.4636,0.4659,0.1379,0.1067,0.4587,0.3547,0.3446,0.0562,P5>P4>P3>P1>P2,1,RD
ETH,Ethiopia,2004,2,31.6626,39.7462,40.2433,,32.6063,,0.1792,-1.5260,0.2124,0.5190,557.8256,27.8110,18.1800,44.8066,,0.3606,0.1934,0.3657,0.2134,0.4481,0.2991,-0.5301,0.8619,0.5079,0.3027,0.2158,0.4926,0.5396,0.1089,P5>P3>P1>P4>P2,0,
COD,"Congo, Dem. Rep.",2004,2,16.0889,28.1761,29.8673,,16.8974,,0.2678,-2.3010,0.3805,0.5159,455.8666,24.0864,19.2119,28.0440,,0.2276,0.1309,0.4482,0.2106,0.2804,0.2494,-0.6621,0.1203,0.6236,0.5318,0.2209,0.0788,0.2763,0.1183,P3>P5>P1>P4>P2,0,
BDI,Burundi,2004,2,21.6256,35.2560,35.6301,,28.4592,,,,0.2402,0.4956,551.5622,30.4545,40.4102,24.6988,,0.3024,,0.3679,0.1649,0.2470,,,0.4662,,0.2442,0.1242,0.0591,,0.0861,P3>P1>P5>P4,2,RD; ECI
BLZ,Belize,2004,2,43.7152,58.1646,53.5487,,45.8167,,,,0.6267,0.7716,9244.9117,0.1853,0.5216,70.8619,,0.5031,,0.6991,0.8367,0.7086,,,2.1624,,2.0930,2.4421,2.3842,,0.1376,P4>P5>P3>P1,2,RD; ECI
BRB,Barbados,2004,2,63.0359,80.7071,68.7854,,71.3066,,,,0.7272,0.8485,17298.8923,0.2393,0.9106,82.2273,,0.7096,,0.7878,0.8622,0.8223,,,3.3677,,2.9653,2.5879,3.6059,,0.0648,P4>P5>P3>P1,2,RD; ECI
CAF,Central African Republic,2004,2,19.1448,34.2104,36.4350,,21.2685,,,,0.2438,0.4261,690.4265,8.1683,8.7449,40.1469,,0.2776,,0.3349,0.5126,0.4015,,,0.3058,,0.1530,0.6273,0.3350,,0.1009,P4>P5>P3>P1,2,RD; ECI
COM,Comoros,2004,2,23.2899,35.7562,30.9672,,32.2108,,,,0.3692,0.6240,2024.8526,1.2326,4.1707,56.9845,,0.3056,,0.4966,0.6906,0.5698,,,0.5258,,0.7871,1.3743,1.2414,,0.1613,P4>P5>P3>P1,2,RD; ECI
CPV,Cabo Verde,2004,2,44.4547,61.0339,47.7006,,52.4006,,,,0.4905,0.7769,3968.6569,25.6540,15.8573,80.8347,,0.5140,,0.6337,0.3677,0.8083,,,2.1957,,1.6153,0.6525,3.2906,,0.1866,P5>P3>P1>P4,2,RD; ECI
DMA,Dominica,2004,2,58.7553,67.6466,61.2289,,59.2020,,,,0.6768,0.7998,8232.1846,0.0220,8.0911,80.5193,,0.6171,,0.7383,0.7056,0.8052,,,2.9061,,2.4923,2.0799,3.2315,,0.0782,P5>P3>P4>P1,2,RD; ECI
FJI,Fiji,2004,2,48.4646,55.5509,42.5673,,53.1833,,,,0.6376,0.7052,6463.4246,0.8776,2.4194,69.0113,,0.4994,,0.6714,0.7820,0.6901,,,2.0281,,1.9228,1.9166,2.3054,,0.1179,P4>P5>P3>P1,2,RD; ECI
FSM,"Micronesia, Fed. Sts.",2004,2,48.4646,71.4529,57.3060,,53.6339,,,,0.5572,0.6907,2573.9730,0.0165,35.2204,78.6282,,0.5771,,0.6240,0.4472,0.7863,,,2.7079,,1.4689,1.4483,3.1133,,0.1400,P5>P3>P1>P4,2,RD; ECI
GMB,"Gambia, The",2004,2,38.2843,44.8183,44.9038,,39.8349,,,,0.2710,0.5961,1978.6326,2.5498,6.5167,64.2704,,0.4196,,0.4335,0.6415,0.6427,,,1.3775,,0.5458,1.1481,1.9113,,0.1246,P5>P4>P3>P1,2,RD; ECI
GRD,Grenada,2004,2,60.6342,62.3488,56.6532,,59.2020,,,,0.7336,0.8069,8605.8240,0.0000,2.9224,76.7645,,0.5971,,0.7702,0.7942,0.7676,,,2.7618,,2.7131,2.4421,2.9754,,0.0909,P4>P3>P5>P1,2,RD; ECI
GUY,Guyana,2004,2,50.9955,49.2314,48.1188,,42.4314,,,,0.5142,0.6802,6672.8230,21.1993,13.4058,56.6074,,0.4769,,0.5972,0.4650,0.5661,,,1.9137,,1.2492,0.9275,1.2217,,0.0653,P3>P5>P1>P4,2,RD; ECI
LCA,St. Lucia,2004,2,54.3712,68.6557,56.6016,,52.0894,,,,0.6070,0.8070,10610.2967,0.0092,-2.1722,84.2117,,0.5793,,0.7070,0.8899,0.8421,,,2.6488,,2.2488,3.3303,3.8227,,0.1402,P4>P5>P3>P1,2,RD; ECI
MDV,Maldives,2004,2,55.0029,44.3066,51.1985,,40.1023,,,,0.4504,0.8155,10769.7743,0.0047,2.2316,72.1659,,0.4765,,0.6330,0.8173,0.7217,,,1.8715,,1.8429,2.4842,2.5419,,0.1448,P4>P5>P3>P1,2,RD; ECI
PSE,West Bank and Gaza,2004,2,42.2724,49.8879,46.2022,,48.3325,,,,0.6045,0.7861,3013.7394,0.0000,24.0275,45.0975,,0.4667,,0.6953,0.4555,0.4510,,,1.8026,,2.0774,1.6801,0.5123,,0.1190,P3>P1>P4>P5,2,RD; ECI
SLB,Solomon Islands,2004,2,30.6174,51.7137,39.1989,,43.9349,,,,0.4825,0.7327,1556.4697,7.4305,25.8530,61.8741,,0.4137,,0.6076,0.3719,0.6187,,,1.3338,,1.4070,0.5652,1.6946,,0.1285,P5>P3>P1>P4,2,RD; ECI
SLE,Sierra Leone,2004,2,24.3187,39.2651,35.7326,,31.0023,,,,0.3009,0.4228,1541.0057,11.1023,18.2964,58.9399,,0.3258,,0.3619,0.3753,0.5894,,,0.6155,,0.2275,0.4804,1.4187,,0.1194,P5>P4>P3>P1,2,RD; ECI
SUR,Suriname,2004,2,51.0696,54.5317,41.3616,,53.0732,,,,0.5679,0.7133,9388.8189,8.9414,1.7456,69.1774,,0.5001,,0.6406,0.7587,0.6918,,,2.0059,,1.6156,1.6290,2.3448,,0.1097,P4>P5>P3>P1,2,RD; ECI
TLS,Timor-Leste,2004,2,41.9493,52.0554,37.2425,,44.5444,,,,0.4527,0.6268,1378.8540,0.5201,23.6704,57.2097,,0.4395,,0.5397,0.4117,0.5721,,,1.5746,,1.0234,1.0573,1.2808,,0.0772,P5>P3>P1>P4,2,RD; ECI
TON,Tonga,2004,2,37.9185,55.4340,46.4417,,49.8062,,,,0.7334,0.7759,4235.1204,0.0314,8.7161,76.1311,,0.4740,,0.7547,0.6609,0.7613,,,1.8405,,2.4761,1.7875,2.8571,,0.1339,P5>P3>P4>P1,2,RD; ECI
TUV,Tuvalu,2004,2,37.1073,68.4653,49.6105,,61.2895,,,,0.5943,0.6768,2764.9139,0.0000,21.1783,81.7155,,0.5412,,0.6356,0.4510,0.8172,,,2.3017,,1.5225,1.6412,3.4286,,0.1566,P5>P3>P1>P4,2,RD; ECI
WSM,Samoa,2004,2,46.0309,66.1580,53.8049,,44.4473,,,,0.6987,0.7924,3996.7446,0.4033,8.0078,80.5101,,0.5261,,0.7455,0.6672,0.8051,,,2.2957,,2.4852,1.6528,3.2118,,0.1206,P5>P3>P4>P1,2,RD; ECI
CHE,Switzerland,2012,1,89.0476,89.1280,84.0284,86.0000,91.6767,68.2000,2.8746,1.7260,0.8867,0.9633,59440.9159,0.0116,,89.4834,23.3000,0.8705,0.8125,0.9250,0.9425,0.8503,0.8793,1.0093,3.8928,3.9862,3.8237,3.5659,3.8687,3.8655,0.0535,P4>P3>P1>P5>P2,1,ODA
FIN,Finland,2012,1,95.5387,91.2349,86.4142,90.0000,90.1406,61.8000,3.4095,1.4240,0.8915,0.9309,40739.1132,0.5775,,89.3428,20.0000,0.9080,0.7534,0.9112,0.9193,0.8634,0.8678,0.9787,3.9844,3.8471,3.6293,3.2596,3.8927,3.7872,0.0693,P4>P3>P1>P5>P2,1,ODA
SGP,Singapore,2012,1,94.9863,83.6966,88.3834,87.0000,90.1228,63.5000,1.9183,1.4520,0.8480,0.9571,82107.7271,0.1433,,87.3627,35.6000,0.8852,0.7644,0.9025,0.9583,0.7885,0.8634,0.9671,3.8990,3.8751,3.6683,3.5047,3.6094,3.7723,0.0812,P4>P3>P1>P5>P2,1,ODA
SWE,Sweden,2012,1,90.2248,90.3309,86.7436,88.0000,91.7617,64.8000,3.2464,1.4570,0.8533,0.9497,45206.9864,1.0663,,85.6209,21.3000,0.8882,0.7713,0.9015,0.9214,0.8394,0.8634,0.9671,3.9583,3.9031,3.6274,3.2142,3.7644,3.7568,0.0602,P4>P3>P1>P5>P2,1,ODA
DNK,Denmark,2012,1,89.5815,90.0552,83.6008,90.0000,93.5657,59.9000,2.9845,1.0540,0.9233,0.9243,44755.1624,1.5221,,83.7172,23.0000,0.8831,0.7107,0.9238,0.9178,0.8228,0.8490,0.9290,3.9255,3.5977,3.6303,3.1567,3.6751,3.6745,0.0884,P3>P4>P1>P5>P2,1,ODA
NLD,Netherlands,2012,1,88.6857,87.4121,82.6381,84.0000,89.5617,60.5000,1.9009,1.0220,0.8990,0.9394,47653.3402,1.1320,,85.1545,28.1000,0.8568,0.7108,0.9192,0.9236,0.8087,0.8414,0.9086,3.8286,3.5980,3.7066,3.2309,3.6535,3.6652,0.0882,P4>P3>P1>P5>P2,1,ODA
DEU,Germany,2012,1,85.5302,84.8113,78.5732,79.0000,81.3965,56.2000,2.8250,1.5060,0.9389,0.9308,44229.3942,0.1649,,82.4089,31.7000,0.8198,0.7327,0.9348,0.9262,0.7800,0.8383,0.9006,3.7251,3.7462,3.6973,3.3805,3.4832,3.6534,0.0894,P3>P4>P1>P5>P2,1,ODA
NZL,New Zealand,2012,1,89.6998,88.4971,86.2923,90.0000,92.0676,56.6000,1.1527,0.5770,0.9460,0.9410,33054.8937,1.6835,,89.9598,25.6000,0.8862,0.6514,0.9435,0.9011,0.8431,0.8376,0.8988,3.9354,3.1539,3.8051,3.0277,3.8448,3.6407,0.1141,P3>P4>P1>P5>P2,1,ODA
NOR,Norway,2012,1,89.2647,91.1407,83.5938,85.0000,90.9321,56.4000,1.6105,1.0040,0.9063,0.9453,65774.3521,9.3417,,88.6579,23.9000,0.8725,0.6887,0.9258,0.8855,0.8437,0.8369,0.8969,3.8939,3.4708,3.7631,2.8062,3.8282,3.6204,0.0913,P3>P4>P1>P5>P2,1,ODA
HKG,"Hong Kong SAR, China",2012,1,87.9289,81.7140,86.3936,77.0000,80.8480,58.7000,0.7273,1.0790,0.8391,0.9756,52149.6813,0.0023,,81.9299,,0.8326,0.7069,0.9073,0.9358,0.8193,0.8354,0.8930,3.7690,3.6040,3.6880,3.5861,3.1415,3.6320,0.0893,P4>P3>P1>P5>P2,2,ODA; FSI
CAN,Canada,2012,1,88.9811,84.5257,82.1230,84.0000,85.1142,56.9000,1.7730,0.9760,0.8900,0.9493,42291.9729,1.4431,,84.5696,26.8000,0.8491,0.6887,0.9197,0.9154,0.8112,0.8326,0.8853,3.7895,3.4716,3.7317,3.1455,3.6565,3.6204,0.0946,P3>P4>P1>P5>P2,1,ODA
GBR,United Kingdom,2012,1,80.6579,82.7553,80.8101,74.0000,77.8666,61.2000,1.5759,1.3230,0.8809,0.9363,38336.5962,0.8661,,73.8957,35.3000,0.7956,0.7413,0.9086,0.9142,0.7224,0.8210,0.8547,3.6652,3.7915,3.6183,3.1967,3.0451,3.5204,0.0908,P4>P3>P1>P2>P5,1,ODA
IRL,Ireland,2012,1,78.0174,83.2564,78.8655,69.0000,76.2653,58.7000,1.5455,1.2430,0.8691,0.9362,46726.2158,0.0586,,82.0434,26.5000,0.7728,0.7216,0.9026,0.9298,0.7998,0.8201,0.8522,3.5948,3.7005,3.5768,3.4703,3.5116,3.6055,0.0881,P4>P3>P5>P1>P2,1,ODA
JPN,Japan,2012,1,76.8993,80.1717,77.4084,74.0000,78.0231,51.7000,3.1737,2.0010,0.8454,0.9718,37605.9743,0.0201,,82.3870,43.5000,0.7712,0.7546,0.9086,0.9188,0.7307,0.8200,0.8520,3.5619,3.6596,3.7194,3.4148,3.3330,3.5713,0.0897,P4>P3>P1>P2>P5,1,ODA
AUT,Austria,2012,1,80.9035,86.2675,78.9805,69.0000,75.6280,53.1000,2.9337,1.3840,0.8446,0.9360,46156.4832,0.2385,,88.1334,27.5000,0.7879,0.7063,0.8903,0.9280,0.8261,0.8198,0.8514,3.6633,3.5780,3.4936,3.3761,3.7428,3.6153,0.0870,P4>P3>P5>P1>P2,1,ODA
USA,United States,2012,1,81.0675,80.7890,77.6095,73.0000,73.4219,57.7000,2.6727,1.2960,0.8966,0.9049,51708.3941,0.7767,,76.4978,34.8000,0.7812,0.7214,0.9007,0.9302,0.7375,0.8156,0.8402,3.6075,3.6997,3.5269,3.3151,3.1441,3.5119,0.0956,P4>P3>P1>P5>P2,1,ODA
BEL,Belgium,2012,1,86.3663,79.5766,72.2229,75.0000,77.9379,54.3000,2.2708,1.1490,0.8833,0.9271,42483.5251,0.0634,,82.0363,33.5000,0.7829,0.6912,0.9052,0.9248,0.7706,0.8116,0.8297,3.5805,3.4822,3.5364,3.4165,3.4232,3.5365,0.0981,P4>P3>P1>P5>P2,1,ODA
AUS,Australia,2012,1,84.4838,85.1024,85.3017,85.0000,87.6006,51.9000,2.1773,0.3500,0.9100,0.9584,43007.2698,5.2981,,82.7642,29.2000,0.8497,0.6075,0.9342,0.8906,0.7922,0.8085,0.8214,3.8205,2.8742,3.8865,2.8698,3.5237,3.4897,0.1272,P3>P4>P1>P5>P2,1,ODA
LUX,Luxembourg,2012,1,88.3510,87.5697,82.4954,80.0000,91.7772,57.7000,1.2066,,0.8217,0.9298,96636.4266,0.1243,,89.1924,25.5000,0.8460,0.5770,0.8758,0.9668,0.8397,0.8082,0.8208,3.8094,3.7305,3.3486,3.5314,3.8267,3.7091,0.1456,P4>P3>P1>P5>P2,2,ECI; ODA
ISL,Iceland,2012,1,79.9802,86.0692,73.5464,82.0000,84.7819,55.7000,1.6924,,0.9367,0.9592,42004.4476,0.0004,,86.9334,29.1000,0.8040,0.5570,0.9480,0.9247,0.8134,0.7961,0.7886,3.6576,3.5177,3.9176,3.5150,3.6813,3.6901,0.1551,P3>P4>P5>P1>P2,2,ECI; ODA
FRA,France,2012,1,80.7575,79.1424,72.7881,71.0000,77.5821,51.8000,2.2276,1.2460,0.7949,0.9498,37671.0239,0.0484,,76.4037,33.6000,0.7592,0.6874,0.8723,0.9187,0.7420,0.7941,0.7832,3.5208,3.4944,3.4293,3.3942,3.1680,3.4557,0.0961,P4>P3>P1>P5>P2,1,ODA
KOR,"Korea, Rep.",2012,1,77.2653,74.5012,69.5122,56.0000,58.4904,53.9000,3.6852,1.6240,0.8599,0.9432,35061.5532,0.1008,,74.4221,37.6000,0.6932,0.7318,0.9016,0.9147,0.7154,0.7910,0.7751,3.2488,3.6887,3.6175,3.3252,3.0518,3.3900,0.1076,P4>P3>P2>P5>P1,1,ODA
SVN,Slovenia,2012,1,68.0873,70.7025,65.0103,61.0000,61.7056,49.9000,2.5834,1.3590,0.8802,0.9195,28786.7106,0.2527,,82.6775,34.0000,0.6620,0.6881,0.8999,0.9035,0.7717,0.7754,0.7335,3.0558,3.5075,3.4848,3.1975,3.4592,3.3156,0.1140,P4>P3>P5>P2>P1,1,ODA
EST,Estonia,2012,1,71.9079,76.8231,77.8688,64.0000,70.4021,55.3000,2.1048,0.9180,0.9096,0.8679,26242.5283,1.9705,,77.9252,47.5000,0.7265,0.6755,0.8887,0.8873,0.6917,0.7749,0.7322,3.4106,3.3447,3.4146,2.9047,2.9936,3.2675,0.1057,P3>P4>P1>P5>P2,1,ODA
CZE,Czechia,2012,1,65.5073,71.2654,69.4632,49.0000,56.1627,49.7000,1.7570,1.4830,0.8716,0.8923,29465.6074,0.6406,,85.0744,39.5000,0.6381,0.6982,0.8820,0.9021,0.7608,0.7670,0.7112,3.0120,3.5622,3.3923,3.1300,3.5089,3.2886,0.1145,P4>P3>P5>P2>P1,1,ODA
ESP,Spain,2012,1,68.8909,75.6138,68.6283,65.0000,70.2357,47.2000,1.2927,0.8650,0.7889,0.9568,31869.7840,0.0731,,68.3668,42.8000,0.6953,0.6302,0.8729,0.9100,0.6635,0.7543,0.6776,3.2517,3.1753,3.4080,3.2923,2.8620,3.2435,0.1279,P4>P3>P1>P5>P2,1,ODA
ISR,Israel,2012,1,76.6177,71.9609,72.3140,60.0000,63.1546,56.0000,4.0603,1.1330,0.8415,0.9536,32483.7422,0.2701,,52.6229,82.2000,0.7022,0.6983,0.8976,0.9096,0.4206,0.7536,0.6758,3.2952,3.4972,3.6165,3.2306,1.1747,3.0577,0.1986,P4>P3>P1>P2>P5,1,ODA
CYP,Cyprus,2012,1,80.2158,73.5049,71.2166,66.0000,68.2021,47.9000,0.4376,0.6410,0.7813,0.9404,31924.0996,0.0727,,79.4456,66.8000,0.7273,0.6136,0.8609,0.9100,0.6189,0.7513,0.6697,3.3740,2.9963,3.2845,3.3083,2.7431,3.2227,0.1361,P4>P3>P1>P5>P2,1,ODA
PRT,Portugal,2012,1,69.0760,72.2494,66.0360,63.0000,64.0155,45.3000,1.3766,0.7520,0.7373,0.9316,26476.2183,0.2598,,80.2635,34.2000,0.6759,0.6106,0.8344,0.8991,0.7588,0.7442,0.6509,3.1563,2.9660,3.0667,3.1706,3.2919,3.1695,0.1164,P4>P3>P5>P1>P2,1,ODA
MLT,Malta,2012,1,72.1816,78.5183,74.3025,57.0000,66.2250,56.1000,0.7920,,0.7841,0.9394,30716.2827,0.0000,,83.1923,43.8000,0.7050,0.5610,0.8618,0.9085,0.7335,0.7439,0.6500,3.3356,3.5745,3.2899,3.4637,3.3747,3.4294,0.1374,P4>P3>P5>P1>P2,2,ECI; ODA
POL,Poland,2012,1,63.0117,71.9473,68.3265,58.0000,64.3218,40.4000,0.8848,1.0760,0.8622,0.8735,23728.1457,3.7989,,84.0639,44.3000,0.6532,0.6152,0.8679,0.8699,0.7357,0.7382,0.6350,3.0622,3.0866,3.2997,2.7737,3.3815,3.1278,0.1183,P4>P3>P5>P1>P2,1,ODA
HUN,Hungary,2012,1,59.7453,66.7080,66.9705,55.0000,55.6152,46.5000,1.2576,1.2390,0.8250,0.8490,23205.3107,0.6184,,78.0597,48.3000,0.6211,0.6603,0.8370,0.8900,0.6890,0.7346,0.6254,2.8769,3.3676,3.0155,3.0593,2.9809,3.0546,0.1173,P4>P3>P5>P2>P1,1,ODA
LTU,Lithuania,2012,1,65.0568,67.0314,70.6803,54.0000,59.1895,44.0000,0.8976,0.7990,0.8895,0.8302,23275.2518,0.5033,,78.1538,44.2000,0.6419,0.6083,0.8599,0.8909,0.7066,0.7334,0.6221,3.0132,2.9786,3.0649,3.0751,3.0805,3.0696,0.1277,P4>P3>P5>P1>P2,1,ODA
ITA,Italy,2012,1,59.2563,66.3648,62.4679,42.0000,51.0646,44.5000,1.2556,1.1950,0.7832,0.9577,36281.1014,0.1696,,73.9548,45.8000,0.5752,0.6463,0.8704,0.9160,0.6789,0.7306,0.6147,2.6369,3.2691,3.4077,3.3050,2.9200,3.0603,0.1480,P4>P3>P5>P2>P1,1,ODA
SVK,Slovak Republic,2012,1,61.4302,62.7295,70.2370,46.0000,51.4442,41.4000,0.7938,1.1430,0.8337,0.8642,27022.7747,0.3252,,83.2361,47.4000,0.6010,0.6262,0.8489,0.8998,0.7187,0.7284,0.6089,2.8351,3.1847,3.1338,3.1658,3.3170,3.1069,0.1324,P4>P3>P5>P2>P1,1,ODA
CHL,Chile,2012,1,76.3044,76.5100,79.2672,72.0000,77.8060,42.7000,0.3621,0.0750,0.7540,0.9111,21366.1771,9.0544,0.0507,76.0214,43.5000,0.7602,0.5369,0.8326,0.8286,0.6989,0.7264,0.6036,3.5305,2.5093,3.0059,2.1948,3.0208,2.9800,0.1219,P3>P4>P1>P5>P2,0,
LVA,Latvia,2012,1,63.1972,66.8159,69.5294,49.0000,55.6749,47.0000,0.6888,0.7910,0.8574,0.8298,19416.5167,1.4313,,74.1098,51.9000,0.6214,0.6226,0.8436,0.8753,0.6543,0.7202,0.5872,2.9240,3.0783,2.9609,2.8580,2.8174,2.9520,0.1254,P4>P3>P5>P2>P1,1,ODA
ARE,United Arab Emirates,2012,1,73.8196,63.2841,68.1985,68.0000,69.9075,44.4000,0.4725,0.6990,0.6333,0.9525,89198.0119,28.2145,,79.6106,48.9000,0.6833,0.6014,0.7929,0.7754,0.6943,0.7042,0.5448,3.1278,2.9101,2.7208,2.5260,3.0282,2.9250,0.0773,P3>P4>P5>P1>P2,1,ODA
URY,Uruguay,2012,1,60.8927,69.2761,65.4781,72.0000,74.8117,35.1000,0.3081,0.1690,0.7132,0.8722,19495.4224,1.1796,0.0345,81.0108,40.5000,0.6691,0.5073,0.7927,0.8767,0.7363,0.7016,0.5378,3.0489,2.1397,2.7373,2.6360,3.2538,2.8434,0.1395,P4>P3>P5>P1>P2,0,
MUS,Mauritius,2012,1,70.5817,74.6719,70.1416,57.0000,56.7814,39.2000,0.1777,0.1450,0.6971,0.8358,17259.4018,0.0968,1.4408,84.1735,44.7000,0.6810,0.5257,0.7665,0.8542,0.7346,0.6992,0.5315,3.2081,2.3741,2.4287,2.4837,3.3800,2.8730,0.1218,P4>P3>P5>P1>P2,0,
HRV,Croatia,2012,1,59.1426,61.5719,58.1188,46.0000,49.7672,40.7000,0.7355,0.8640,0.7919,0.8813,21618.8256,1.2944,0.2643,77.2554,56.3000,0.5621,0.5977,0.8366,0.8774,0.6517,0.6979,0.5280,2.5742,2.9700,3.0699,2.5100,2.8434,2.7688,0.1430,P4>P3>P5>P2>P1,0,
QAT,Qatar,2012,1,70.2943,69.4906,69.8682,68.0000,71.2513,45.5000,0.4786,-0.2480,0.6509,0.9308,180939.4395,35.1062,,85.6500,48.0000,0.6941,0.5219,0.7909,0.7660,0.7282,0.6882,0.5022,3.2010,2.4151,2.6660,2.5110,3.3921,2.9221,0.1062,P3>P4>P5>P1>P2,1,ODA
MYS,Malaysia,2012,1,68.3783,61.0822,66.7690,49.0000,50.9565,45.9000,1.0927,0.9150,0.6882,0.8546,22638.5407,9.2060,0.0061,65.5582,68.5000,0.6131,0.6282,0.7714,0.8313,0.5424,0.6851,0.4940,2.8557,3.1465,2.4786,2.2728,2.2187,2.6490,0.1197,P4>P3>P2>P1>P5,0,
CRI,Costa Rica,2012,1,59.7703,64.6598,65.6806,54.0000,61.4268,36.3000,0.5471,0.2910,0.6729,0.9219,14463.7404,1.2426,0.0622,77.0921,49.7000,0.6103,0.5243,0.7974,0.8604,0.6784,0.6830,0.4885,2.8410,2.3217,2.6929,2.4805,2.9291,2.7098,0.1364,P4>P3>P5>P1>P2,0,
GRC,Greece,2012,1,55.7532,62.9175,57.1437,36.0000,47.3901,35.3000,0.7195,0.3650,0.8259,0.9296,24582.9742,0.2341,,63.1118,50.4000,0.5295,0.5259,0.8778,0.8955,0.6056,0.6791,0.4780,2.3198,2.2780,3.3696,3.1699,2.4203,2.6908,0.1852,P4>P3>P5>P1>P2,1,ODA
CUB,Cuba,2012,1,42.1091,41.8255,33.0608,48.0000,57.1112,,0.4072,-0.1180,0.7893,0.8948,,2.1875,0.1189,69.9916,73.1000,0.4125,0.6121,0.8420,0.9752,0.5454,0.6741,0.4649,1.3618,1.8759,3.1107,2.3017,2.3070,2.0716,0.2278,P4>P3>P2>P5>P1,2,GDPpcPPP; GII
ROU,Romania,2012,1,47.6386,59.4913,59.7154,44.0000,40.5936,37.8000,0.4624,0.8420,0.7734,0.8356,19807.5984,2.1883,,66.7111,59.5000,0.5271,0.5812,0.8045,0.8713,0.5856,0.6708,0.4561,2.3617,2.8076,2.6893,2.7757,2.4416,2.6002,0.1533,P4>P3>P5>P2>P1,1,ODA
BGR,Bulgaria,2012,1,47.4089,53.2211,60.0907,41.0000,40.6233,40.7000,0.6004,0.6640,0.7680,0.8360,16327.3383,1.6046,,72.5755,56.3000,0.5043,0.5797,0.8020,0.8652,0.6283,0.6673,0.4467,2.2049,2.8045,2.7096,2.7888,2.7166,2.5963,0.1522,P4>P3>P5>P2>P1,1,ODA
PAN,Panama,2012,1,55.8431,52.2019,62.3125,38.0000,38.5631,30.9000,0.0732,0.7890,0.6989,0.8750,19473.2515,0.2604,0.1321,64.8456,56.1000,0.5209,0.5419,0.7870,0.8811,0.5905,0.6584,0.4231,2.3239,2.2631,2.7058,2.6945,2.4505,2.4935,0.1605,P4>P3>P5>P2>P1,0,
BHR,Bahrain,2012,1,57.8638,54.5957,67.5312,51.0000,51.2212,41.1000,0.0971,0.5400,0.6722,0.9173,56712.5693,23.5822,,48.2073,62.2000,0.5775,0.5706,0.7948,0.7830,0.4819,0.6507,0.4028,2.6689,2.7430,2.6620,2.5241,1.7865,2.5354,0.1397,P3>P4>P1>P2>P5,1,ODA
ARG,Argentina,2012,1,51.3676,48.0994,41.5985,35.0000,37.3937,34.4000,0.6349,0.4170,0.8384,0.8585,19430.4178,3.6256,0.0333,67.2693,46.5000,0.4402,0.5261,0.8485,0.8602,0.6426,0.6475,0.3943,1.6014,2.2351,3.1237,2.4376,2.7039,2.2997,0.1885,P4>P3>P5>P2>P1,0,
TUR,Turkiye,2012,1,58.8220,55.1371,62.2977,49.0000,51.0635,34.1000,0.8259,0.5800,0.6573,0.8546,20739.2725,0.7485,0.3542,50.1847,76.6000,0.5631,0.5392,0.7560,0.8774,0.4318,0.6454,0.3887,2.5854,2.3163,2.3380,2.5459,1.3622,2.3277,0.1796,P4>P3>P1>P2>P5,0,
BRA,Brazil,2012,1,51.2325,56.1956,57.8501,43.0000,47.6243,36.6000,1.1268,0.6690,0.6633,0.8359,15198.0863,3.8555,0.0536,64.1932,64.1000,0.5207,0.5597,0.7496,0.8457,0.5539,0.6445,0.3863,2.3496,2.5984,2.2410,2.3100,2.3159,2.3798,0.1434,P4>P3>P2>P5>P1,0,
BWA,Botswana,2012,1,62.0835,69.0724,68.6756,65.0000,68.8206,31.4000,0.2676,-0.0670,0.6342,0.6213,12736.5834,2.2586,0.5159,86.8170,66.5000,0.6621,0.4676,0.6278,0.8395,0.6570,0.6416,0.3785,3.0608,1.7740,1.1518,2.0696,3.1210,2.4043,0.1321,P4>P1>P5>P3>P2,0,
CHN,China,2012,1,48.7737,45.0635,50.9372,39.0000,37.5960,45.4000,1.8809,1.2100,0.6106,0.8646,11420.2527,4.0885,-0.0021,55.3419,78.3000,0.4594,0.6522,0.7376,0.8303,0.4505,0.6365,0.3651,1.8510,3.3112,2.2274,2.6257,1.4505,2.2396,0.1684,P4>P3>P2>P1>P5,0,
GEO,Georgia,2012,1,63.2747,60.1735,65.7978,52.0000,58.3834,34.3000,0.0771,0.0650,0.8222,0.8103,10059.9821,1.0843,3.9420,57.3429,84.8000,0.6031,0.4940,0.8163,0.7780,0.4334,0.6365,0.3650,2.8048,2.0416,2.7333,1.7783,1.2672,2.2556,0.1691,P3>P4>P1>P2>P5,0,
SRB,Serbia,2012,1,45.6508,53.2933,50.4953,39.0000,39.9059,40.0000,0.8192,0.7050,0.7504,0.8475,14506.2379,2.7748,2.4899,63.9823,75.0000,0.4711,0.5799,0.7990,0.8099,0.5074,0.6352,0.3617,1.9525,2.7962,2.6877,1.9143,1.9186,2.2031,0.1610,P4>P3>P2>P5>P1,0,
BRN,Brunei Darussalam,2012,1,65.8824,67.8738,70.4741,55.0000,67.4308,37.7000,,,0.7053,0.8437,87256.0422,25.2093,,81.2960,64.1000,0.6481,0.3770,0.7745,0.7943,0.6394,0.6340,0.3583,3.0540,2.5248,2.5008,2.5518,2.9306,2.7965,0.1665,P4>P3>P1>P5>P2,2,ECI; ODA
ZAF,South Africa,2012,1,57.4905,57.1425,64.9903,43.0000,47.2644,37.4000,0.6693,0.5790,0.7072,0.6421,12986.7977,6.4044,0.2517,63.8092,66.8000,0.5566,0.5556,0.6746,0.8173,0.5407,0.6305,0.3491,2.5614,2.5862,1.5934,1.9331,2.2065,2.2534,0.1183,P4>P3>P1>P2>P5,0,
THA,Thailand,2012,1,54.8456,54.9784,56.1361,37.0000,40.3402,36.9000,0.4416,0.8050,0.6351,0.8552,14616.6498,2.9057,-0.0346,45.0328,77.0000,0.5074,0.5734,0.7451,0.8514,0.4043,0.6299,0.3476,2.2278,2.7229,2.2700,2.8119,1.2282,2.2880,0.1806,P4>P3>P2>P1>P5,0,
MEX,Mexico,2012,1,55.1941,46.7264,59.3811,34.0000,38.5851,32.9000,0.4028,0.9660,0.6644,0.8327,18004.7936,6.6476,0.0332,52.2117,73.6000,0.4883,0.5678,0.7486,0.8361,0.4544,0.6264,0.3382,1.9940,2.5145,2.2207,2.2231,1.5709,2.1064,0.1664,P4>P3>P2>P1>P5,0,
ARM,Armenia,2012,1,51.9498,50.8150,61.2997,34.0000,35.3382,34.5000,0.2385,0.5220,0.7332,0.8222,8942.6354,1.4901,2.4502,66.8553,72.2000,0.4952,0.5360,0.7777,0.7941,0.5334,0.6255,0.3358,2.0865,2.3182,2.4511,1.8323,2.1914,2.1664,0.1458,P4>P3>P2>P5>P1,0,
MKD,North Macedonia,2012,1,49.4742,53.6998,58.1657,43.0000,45.2669,36.2000,0.3268,-0.0040,0.7083,0.8468,12725.9773,1.1738,1.5493,59.0696,69.1000,0.5108,0.4973,0.7775,0.8294,0.5074,0.6242,0.3323,2.2616,2.1349,2.5577,2.0817,1.9677,2.2296,0.1645,P4>P3>P1>P5>P2,0,
MNE,Montenegro,2012,1,49.5291,55.6778,55.2208,41.0000,41.0206,40.1000,0.3743,,0.8081,0.8652,13792.5732,0.9351,2.4896,76.3767,55.5000,0.5036,0.4010,0.8367,0.8195,0.6506,0.6224,0.3277,2.2240,2.7518,3.0710,2.0844,2.8324,2.5304,0.1915,P3>P4>P5>P1>P2,1,ECI
JOR,Jordan,2012,1,55.6250,60.0324,57.7324,48.0000,49.7745,37.1000,,0.2610,0.6888,0.8321,9738.5375,2.9085,3.7044,55.6866,74.8000,0.5535,0.5256,0.7604,0.7682,0.4668,0.6222,0.3270,2.5009,2.3371,2.3250,1.6059,1.6273,2.1544,0.1400,P4>P3>P1>P2>P5,0,
OMN,Oman,2012,1,52.3337,62.3841,67.9647,47.0000,47.3428,39.5000,0.1828,-0.3520,0.6930,0.8952,49989.4425,40.4419,0.0115,72.5160,51.7000,0.5742,0.4826,0.7941,0.6639,0.6472,0.6205,0.3226,2.6566,2.1475,2.7460,2.1799,2.7798,2.5455,0.1153,P3>P4>P5>P1>P2,0,
BLR,Belarus,2012,1,30.4553,44.2615,38.6196,31.0000,41.5682,32.9000,0.6460,0.9790,0.8207,0.7969,18114.7509,1.7278,0.1602,65.9563,76.6000,0.3608,0.5690,0.8088,0.8671,0.5106,0.6187,0.3178,0.8854,2.5421,2.6510,2.4334,1.9475,1.9048,0.2112,P4>P3>P2>P5>P1,0,
TTO,Trinidad and Tobago,2012,1,57.8000,55.7465,61.5938,39.0000,45.7179,32.5000,0.0415,-0.1520,0.7178,0.8079,31883.2297,19.0454,0.0206,68.1595,64.4000,0.5354,0.4655,0.7629,0.7832,0.5725,0.6167,0.3124,2.4347,1.7827,2.3377,2.1529,2.4942,2.2989,0.1416,P4>P3>P5>P1>P2,0,
UKR,Ukraine,2012,1,37.8091,45.3646,43.9566,26.0000,23.2568,36.1000,0.7236,0.7840,0.7975,0.7860,9552.3145,4.7027,0.4275,61.6957,67.2000,0.3828,0.5675,0.7917,0.8098,0.5285,0.6107,0.2967,1.0430,2.5826,2.4962,1.8244,2.1255,1.8464,0.1822,P4>P3>P2>P5>P1,0,
TUN,Tunisia,2012,1,53.9024,53.9493,52.1827,41.0000,47.8882,36.5000,0.6494,0.4280,0.6179,0.8400,10614.5313,6.6124,2.2511,54.3872,74.2000,0.5026,0.5375,0.7289,0.7721,0.4628,0.6065,0.2855,2.2243,2.4049,2.0532,1.5646,1.6040,2.0151,0.1401,P4>P3>P2>P1>P5,0,
RUS,Russian Federation,2012,1,35.1716,40.3548,48.0511,28.0000,26.2187,37.9000,1.0277,0.8590,0.8190,0.7710,24273.5176,14.2934,,50.4937,77.1000,0.3789,0.5832,0.7950,0.8011,0.4312,0.6029,0.2758,1.0480,2.8356,2.4764,2.3937,1.3536,1.8732,0.1975,P4>P3>P2>P5>P1,1,ODA
BIH,Bosnia and Herzegovina,2012,1,39.8385,54.6948,51.6262,42.0000,39.6380,34.2000,0.2653,0.4510,0.6344,0.8775,10121.1905,2.2206,3.2717,55.8057,77.9000,0.4704,0.5281,0.7559,0.7820,0.4544,0.6027,0.2752,1.9486,2.2343,2.3827,1.6892,1.5289,1.9614,0.1586,P4>P3>P2>P1>P5,0,
JAM,Jamaica,2012,1,54.3320,50.8375,54.8287,38.0000,42.9847,30.2000,,-0.3200,0.6507,0.8062,8830.6508,1.8312,0.1921,66.7111,65.8000,0.4950,0.4389,0.7285,0.8288,0.5594,0.6009,0.2705,2.1469,1.5372,1.9736,2.0562,2.3727,2.0672,0.1635,P4>P3>P5>P1>P2,0,
MDA,Moldova,2012,1,40.4034,50.7600,50.3367,36.0000,33.2866,39.2000,0.3491,0.1730,0.7775,0.7745,7254.6625,0.1685,4.9950,68.2618,78.7000,0.4438,0.5282,0.7760,0.7497,0.5134,0.5995,0.2668,1.7110,2.4017,2.3304,1.7951,1.9534,1.9864,0.1504,P3>P4>P2>P5>P1,0,
LBN,Lebanon,2012,1,46.2831,48.0220,49.1526,30.0000,28.8559,36.2000,,0.4710,0.6358,0.8914,16121.3352,0.0019,1.6242,38.9185,85.8000,0.4336,0.5399,0.7636,0.8482,0.3371,0.5995,0.2667,1.5690,2.3970,2.4498,2.5506,0.6730,1.9028,0.2166,P4>P3>P2>P1>P5,0,
ALB,Albania,2012,1,44.7420,50.0421,53.5446,33.0000,31.2036,30.4000,,-0.3000,0.7562,0.8936,10608.8448,3.2315,2.8726,59.5782,66.1000,0.4533,0.4417,0.8249,0.7843,0.5225,0.5979,0.2625,1.7294,1.5861,2.9755,1.6956,2.1273,1.9815,0.1850,P3>P4>P5>P1>P2,0,
COL,Colombia,2012,1,49.2992,49.2601,58.3626,36.0000,39.5561,35.5000,0.2212,0.2870,0.6482,0.8556,12093.0755,8.2968,0.2144,43.1514,84.4000,0.4823,0.5199,0.7519,0.8016,0.3641,0.5977,0.2620,2.0020,2.2370,2.3324,1.8490,0.8297,1.8919,0.1860,P4>P3>P2>P1>P5,0,
NAM,Namibia,2012,1,59.0771,61.3830,57.6854,48.0000,57.7976,34.1000,0.3499,0.0060,0.5423,0.5805,9363.7663,1.7306,2.0163,80.3001,71.0000,0.5654,0.4877,0.5614,0.8021,0.6057,0.5965,0.2590,2.5647,1.9714,0.7684,1.8321,2.6949,2.0883,0.1184,P4>P5>P1>P3>P2,0,
SAU,Saudi Arabia,2012,1,51.2044,53.7611,58.6352,44.0000,43.9065,39.3000,0.8582,0.4720,0.6865,0.8629,65033.6162,48.5007,,55.6929,73.4000,0.5190,0.5555,0.7747,0.6239,0.4726,0.5956,0.2565,2.3378,2.6023,2.5090,2.4362,1.7495,2.3538,0.1175,P3>P4>P2>P1>P5,1,ODA
PHL,Philippines,2012,1,55.6853,48.5614,56.9487,34.0000,35.0301,29.0000,0.1321,0.6390,0.6358,0.7575,6094.2684,1.5536,-0.0012,45.8973,83.2000,0.4880,0.5190,0.6966,0.8148,0.3828,0.5923,0.2478,1.9934,2.0322,1.6805,2.5742,0.9429,1.9172,0.1731,P4>P3>P2>P1>P5,0,
LKA,Sri Lanka,2012,1,47.9577,54.4926,54.9762,40.0000,41.6478,29.1000,0.0973,-0.3710,0.7188,0.8490,10249.1671,0.1372,0.7090,49.4846,92.2000,0.4936,0.4289,0.7839,0.8392,0.3633,0.5916,0.2458,2.1509,1.4533,2.6301,2.2697,0.7232,1.9398,0.2157,P4>P3>P1>P2>P5,0,
KWT,Kuwait,2012,1,51.8889,62.5974,57.2397,44.0000,45.1071,37.2000,0.0972,-0.3530,0.6240,0.8958,82089.7261,58.1449,,67.5542,58.8000,0.5393,0.4710,0.7599,0.6259,0.5928,0.5890,0.2390,2.4351,2.0202,2.4125,2.4394,2.5324,2.4100,0.1079,P3>P4>P5>P1>P2,1,ODA
PER,Peru,2012,1,49.2047,48.5667,58.8538,38.0000,40.5577,34.1000,0.0553,-0.4860,0.6916,0.8304,10757.1522,9.9993,0.2136,53.9615,73.5000,0.4866,0.4436,0.7610,0.7842,0.4636,0.5879,0.2361,2.0784,1.6542,2.3252,1.7589,1.6309,1.9395,0.1696,P4>P3>P1>P5>P2,0,
DOM,Dominican Republic,2012,1,41.6010,46.8745,51.9465,32.0000,32.0323,30.9000,,-0.1960,0.6269,0.8126,11776.6228,0.4468,0.4472,66.4307,74.1000,0.4311,0.4536,0.7198,0.8487,0.5234,0.5872,0.2342,1.5588,1.6838,1.9050,2.3240,2.0640,1.8824,0.1816,P4>P3>P5>P2>P1,0,
SLV,El Salvador,2012,1,46.2277,43.0148,58.4976,38.0000,39.4986,29.5000,0.0340,0.0300,0.5540,0.7911,6708.3903,0.7710,1.0719,69.2464,74.4000,0.4644,0.4668,0.6725,0.8071,0.5362,0.5823,0.2213,1.8631,1.7157,1.6306,1.9466,2.1976,1.8927,0.1481,P4>P3>P5>P2>P1,0,
VNM,Viet Nam,2012,1,44.8284,47.0510,44.8688,31.0000,38.4918,33.9000,0.2993,0.2650,0.6269,0.8271,6376.7977,7.2987,2.1722,67.6976,74.0000,0.4194,0.5099,0.7270,0.7426,0.5302,0.5793,0.2131,1.3823,2.0672,1.9871,1.3435,2.1826,1.7159,0.1424,P4>P3>P5>P2>P1,0,
IND,India,2012,1,49.6146,54.7122,48.9628,36.0000,37.6736,35.7000,0.7440,0.5300,0.5067,0.7396,4819.6429,4.0238,0.0931,46.1266,78.0000,0.4732,0.5427,0.6232,0.7846,0.4056,0.5761,0.2048,1.9810,2.4029,1.1978,1.8249,1.1998,1.7826,0.1466,P4>P3>P2>P1>P5,0,
IDN,Indonesia,2012,1,46.3417,50.3346,52.0355,32.0000,32.2196,28.1000,0.0847,0.2140,0.6229,0.7517,9530.2907,5.9456,0.0077,55.6579,80.6000,0.4518,0.4763,0.6873,0.8084,0.4425,0.5754,0.2030,1.7451,1.6992,1.5252,2.0234,1.3198,1.7081,0.1655,P4>P3>P2>P1>P5,0,
KAZ,Kazakhstan,2012,1,39.2858,45.8972,49.5739,28.0000,29.3778,31.9000,0.1653,-0.1100,0.7942,0.7683,21367.2181,21.9827,0.0733,59.1922,70.9000,0.4069,0.4663,0.7812,0.7420,0.5005,0.5730,0.1966,1.3226,1.7886,2.3726,1.9141,1.9703,1.7957,0.1703,P3>P4>P5>P2>P1,0,
BLZ,Belize,2012,1,46.1257,51.2701,49.6909,,46.3307,32.5000,,,0.6882,0.7867,9303.3786,3.9491,1.4585,67.4417,67.2000,0.4903,0.3250,0.7374,0.7963,0.5572,0.5663,0.1787,1.8526,1.7447,2.0325,1.7167,2.3597,1.9377,0.1905,P4>P3>P5>P1>P2,2,CPI; ECI
PRY,Paraguay,2012,1,36.4825,43.9072,47.9075,25.0000,32.5131,31.6000,0.0652,-0.6310,0.6271,0.8170,10954.3252,1.6903,0.3290,56.0806,70.9000,0.3832,0.4180,0.7220,0.8386,0.4850,0.5610,0.1646,1.0495,1.4848,1.9514,2.1610,1.8630,1.6221,0.2003,P4>P3>P5>P2>P1,0,
MAR,Morocco,2012,1,47.4287,51.2554,54.7755,37.0000,37.6747,30.7000,0.6604,-0.3010,0.4796,0.7950,7307.6123,6.4858,1.4017,56.0550,76.1000,0.4761,0.4431,0.6373,0.7679,0.4632,0.5572,0.1546,1.9971,1.5935,1.4740,1.5102,1.6229,1.7156,0.1407,P4>P3>P1>P5>P2,0,
ECU,Ecuador,2012,1,45.6625,38.4199,39.1198,32.0000,35.4332,28.5000,0.3331,-0.7320,0.6754,0.8536,10244.5178,14.5265,0.1712,54.6078,80.1000,0.3880,0.3935,0.7645,0.7522,0.4393,0.5426,0.1160,1.0926,1.2034,2.4059,1.6261,1.3201,1.4734,0.1936,P3>P4>P5>P2>P1,0,
SWZ,Eswatini,2012,1,47.7003,46.4445,48.3263,37.0000,45.5988,32.0000,,0.3040,0.5665,0.4725,7760.3228,4.1807,2.0219,56.9131,83.5000,0.4487,0.5039,0.5195,0.7760,0.4366,0.5409,0.1114,1.7472,2.0235,0.7183,1.5740,1.2926,1.5341,0.1382,P4>P3>P2>P1>P5,0,
GTM,Guatemala,2012,1,37.8801,40.4227,47.5255,33.0000,32.2842,28.4000,0.0454,-0.1320,0.4614,0.7803,7258.3167,2.1811,0.6277,53.6642,79.4000,0.3971,0.4468,0.6209,0.8091,0.4375,0.5407,0.1109,1.2045,1.5341,1.2986,1.8215,1.2953,1.4190,0.1722,P4>P3>P2>P5>P1,0,
MNG,Mongolia,2012,1,40.7114,52.9423,48.8169,36.0000,35.5912,35.0000,0.2391,-1.5350,0.7545,0.7325,10151.7218,22.2730,3.9365,76.2263,58.7000,0.4462,0.3540,0.7435,0.6373,0.6365,0.5399,0.1086,1.7303,1.2427,2.0625,1.0495,2.7777,1.7590,0.1588,P3>P4>P5>P1>P2,0,
EGY,"Egypt, Arab Rep.",2012,1,40.9901,47.6764,46.7867,32.0000,37.3796,27.9000,0.5090,-0.0570,0.5834,0.7610,10342.4317,10.7455,0.6651,38.7439,90.4000,0.4186,0.4510,0.6722,0.7697,0.3171,0.5375,0.1023,1.4059,1.5467,1.4981,1.5614,0.5115,1.3438,0.1881,P4>P3>P2>P1>P5,0,
IRN,"Iran, Islamic Rep.",2012,1,40.9877,40.0292,35.1684,28.0000,27.9647,27.3000,0.2944,-0.7010,0.7567,0.8468,17021.3717,21.1187,0.0234,44.3202,89.6000,0.3605,0.3903,0.8017,0.7369,0.3483,0.5302,0.0831,0.8806,1.1735,2.7244,1.8997,0.6567,1.3963,0.2224,P3>P4>P2>P1>P5,0,
GHA,Ghana,2012,1,51.7716,59.8168,54.6026,45.0000,47.4889,29.6000,0.3765,-1.0070,0.4978,0.6461,4933.6525,15.8227,4.5928,66.4649,67.5000,0.5280,0.3743,0.5719,0.6322,0.5511,0.5215,0.0599,2.3611,1.1644,0.8795,0.9172,2.2648,1.6640,0.0960,P4>P3>P5>P1>P2,0,
FJI,Fiji,2012,1,40.0910,42.4894,42.3598,,49.5911,27.9000,,,0.6941,0.7048,8204.4657,2.0296,2.7546,63.8048,80.5000,0.4165,0.2790,0.6995,0.7810,0.4836,0.5183,0.0514,1.0742,1.1348,1.7615,1.6695,1.6294,1.4119,0.2060,P4>P3>P5>P1>P2,2,CPI; ECI
BOL,Bolivia,2012,1,46.5252,38.0857,41.1563,34.0000,33.7078,25.8000,,-0.9160,0.6871,0.7167,7183.8260,12.3531,2.5995,59.3826,82.1000,0.3994,0.3635,0.7019,0.7079,0.4548,0.5182,0.0511,1.2225,0.9213,1.7296,1.1884,1.4786,1.3049,0.1670,P4>P3>P5>P1>P2,0,
AZE,Azerbaijan,2012,1,35.6234,44.0289,47.1444,27.0000,24.1005,30.4000,0.2143,-0.9860,0.6853,0.7858,15994.1467,29.0120,0.4363,54.2130,79.8000,0.3845,0.3802,0.7356,0.6742,0.4386,0.5170,0.0479,1.0701,1.2274,1.9755,1.5583,1.3021,1.3840,0.1694,P3>P4>P5>P1>P2,0,
HND,Honduras,2012,1,37.9599,36.4163,48.8616,28.0000,25.6796,26.3000,,-0.4150,0.4595,0.7763,4016.3461,1.6306,3.2828,57.1545,78.5000,0.3781,0.4109,0.6179,0.7380,0.4587,0.5143,0.0408,1.0636,1.1916,1.2572,1.5074,1.5271,1.2873,0.1524,P4>P3>P5>P2>P1,0,
KGZ,Kyrgyz Republic,2012,1,33.9831,40.8796,46.9893,24.0000,24.3779,26.4000,0.1661,-0.2940,0.7177,0.7406,3588.6799,3.5809,7.3105,50.9318,87.4000,0.3646,0.4223,0.7291,0.6521,0.3905,0.5120,0.0347,0.9000,1.3374,1.9580,1.1697,0.9166,1.2005,0.1668,P3>P4>P2>P5>P1,0,
GUY,Guyana,2012,1,50.9595,47.0717,45.0078,28.0000,34.1576,33.7000,,,0.5890,0.7145,10626.8257,16.5328,2.8118,57.7432,71.4000,0.4276,0.3370,0.6518,0.6967,0.4912,0.5100,0.0293,1.4651,1.8440,1.3548,1.2635,1.8725,1.5438,0.1512,P4>P3>P5>P1>P2,1,ECI
NIC,Nicaragua,2012,1,36.6818,42.6398,48.4960,29.0000,30.7863,26.7000,0.1045,-1.0880,0.5889,0.8067,4507.9430,4.6255,5.2621,57.9889,79.6000,0.3920,0.3526,0.6978,0.6910,0.4583,0.5097,0.0287,1.1718,0.9524,1.7546,1.1972,1.4890,1.2997,0.1651,P3>P4>P5>P1>P2,0,
VEN,"Venezuela, RB",2012,1,33.3373,25.4336,31.6751,19.0000,22.2642,25.4000,0.2501,-0.7280,0.6929,0.8167,21241.4351,18.7812,0.0140,45.0856,77.3000,0.2736,0.3783,0.7548,0.7641,0.4033,0.5071,0.0217,0.2914,0.9331,2.2433,2.0221,1.2155,1.1969,0.2286,P4>P3>P5>P2>P1,0,
SEN,Senegal,2012,1,46.6747,53.4891,50.9808,36.0000,42.5738,28.8000,0.4343,-0.4180,0.3366,0.6958,2764.2613,4.8640,6.1970,63.2119,79.3000,0.4679,0.4232,0.5162,0.6486,0.4856,0.5043,0.0142,1.9321,1.3693,0.6891,1.0041,1.6773,1.4418,0.0854,P4>P3>P5>P1>P2,0,
ZMB,Zambia,2012,1,41.6130,48.5500,46.8392,37.0000,42.4033,26.4000,,-0.5070,0.5216,0.5954,3323.6331,13.5753,3.8177,73.6989,85.9000,0.4350,0.4032,0.5585,0.6397,0.5106,0.5002,0.0035,1.6284,1.1581,0.7984,0.8800,1.7544,1.3118,0.0952,P4>P3>P5>P1>P2,0,
GAB,Gabon,2012,1,32.7648,48.8907,46.5511,35.0000,33.9938,26.5000,,-0.7140,0.6059,0.6990,14619.7181,40.6293,0.4455,66.9948,74.6000,0.4080,0.3851,0.6524,0.5920,0.5241,0.4996,0.0017,1.3203,1.1313,1.3452,1.4844,2.0888,1.4649,0.1153,P3>P4>P5>P1>P2,0,
DZA,Algeria,2012,1,38.5168,42.8471,37.7035,34.0000,38.6704,24.4000,,-1.2720,0.5964,0.8401,14441.3293,26.2525,0.0655,43.9250,78.1000,0.3827,0.3245,0.7183,0.6935,0.3942,0.4986,-0.0009,1.0441,0.5103,2.0218,1.7200,1.1203,1.2783,0.1876,P3>P4>P5>P1>P2,0,
UZB,Uzbekistan,2012,1,29.0640,36.2755,32.0329,17.0000,20.1482,23.9000,0.1551,-0.7290,0.6944,0.7756,6168.1376,17.2845,0.3746,56.3075,87.5000,0.2859,0.3708,0.7350,0.7043,0.4170,0.4937,-0.0138,0.3070,0.7988,2.0386,1.3189,1.1087,0.9915,0.2039,P3>P4>P5>P2>P1,0,
NPL,Nepal,2012,1,29.7673,46.7278,42.3608,27.0000,28.1466,26.0000,0.3022,-0.1980,0.4661,0.7287,2465.8347,0.9676,3.5218,40.6454,93.0000,0.3646,0.4289,0.5974,0.7133,0.3157,0.4921,-0.0181,0.9265,1.2941,1.0837,1.4129,0.5292,1.0498,0.1666,P4>P3>P2>P1>P5,0,
KEN,Kenya,2012,1,42.2288,43.4294,46.7846,27.0000,28.1204,28.9000,0.6922,-0.3840,0.5088,0.6390,2847.2707,2.9089,5.2875,40.3889,98.4000,0.3986,0.4267,0.5739,0.6784,0.2919,0.4860,-0.0344,1.2130,1.4111,0.8492,1.1555,0.3861,1.0528,0.1523,P4>P3>P2>P1>P5,0,
BGD,Bangladesh,2012,1,35.8086,39.9472,39.4260,26.0000,25.1573,26.1000,,-0.8750,0.4544,0.7537,3434.2782,1.5546,1.4897,40.8009,92.2000,0.3530,0.3687,0.6040,0.7603,0.3198,0.4853,-0.0363,0.7636,0.9635,1.1131,1.6118,0.5671,0.9953,0.1925,P4>P3>P2>P1>P5,0,
RWA,Rwanda,2012,1,49.5913,51.4076,52.4088,53.0000,56.5006,27.9000,,-0.9660,0.4620,0.6798,1454.5251,6.3942,11.6344,61.4812,89.3000,0.5160,0.3695,0.5709,0.5147,0.4353,0.4820,-0.0448,2.2580,1.0639,0.8782,0.6674,1.2338,1.3987,0.0790,P3>P1>P4>P5>P2,0,
PNG,Papua New Guinea,2012,1,38.5513,44.5261,46.9615,25.0000,27.5393,,,-1.0520,0.3794,0.6714,3025.8560,15.8153,3.3186,50.8784,83.7000,0.3876,0.4446,0.5254,0.6283,0.4056,0.4793,-0.0520,1.1033,0.8828,0.6909,0.8211,1.0472,0.9499,0.0992,P4>P3>P2>P5>P1,1,GII
TJK,Tajikistan,2012,1,31.9723,35.8344,39.8475,22.0000,21.3272,26.4000,0.1143,-1.6340,0.6777,0.7558,2679.0693,1.7077,4.0457,47.6082,85.7000,0.3241,0.3021,0.7167,0.7039,0.3810,0.4788,-0.0535,0.5509,0.6478,1.8317,1.2945,0.8696,0.9756,0.2072,P3>P4>P5>P1>P2,0,
TZA,Tanzania,2012,1,39.6485,49.4699,47.2155,35.0000,35.3366,23.9000,0.5146,-0.6900,0.4290,0.6506,2083.4849,6.8325,7.2217,63.7660,80.4000,0.4283,0.3743,0.5398,0.6039,0.4838,0.4778,-0.0562,1.5321,0.8539,0.7021,0.7880,1.6309,1.1799,0.0903,P4>P3>P5>P1>P2,0,
BEN,Benin,2012,1,41.5909,49.6070,46.3197,36.0000,34.1434,24.4000,,-1.3210,0.4082,0.5932,2346.0842,3.9216,4.5860,71.9143,78.6000,0.4338,0.3202,0.5007,0.6733,0.5321,0.4765,-0.0595,1.5684,0.4827,0.4756,1.0795,2.0525,1.2260,0.1299,P4>P5>P3>P1>P2,0,
KHM,Cambodia,2012,1,37.7112,38.3673,46.7162,22.0000,24.8313,23.4000,,-1.1250,0.4327,0.7442,3583.4823,2.3063,4.7103,59.4519,88.7000,0.3620,0.3327,0.5884,0.7039,0.4277,0.4749,-0.0637,0.8460,0.5430,1.0099,1.2881,1.2075,0.9815,0.1583,P4>P3>P5>P1>P2,0,
UGA,Uganda,2012,1,41.3771,48.3646,48.1717,29.0000,30.5132,25.6000,0.1426,-0.4700,0.4755,0.6397,2031.9467,10.6586,6.1450,51.1971,96.5000,0.4173,0.4025,0.5576,0.5950,0.3539,0.4709,-0.0745,1.4315,1.0719,0.7970,0.7141,0.6847,1.0274,0.1049,P4>P3>P1>P2>P5,0,
PAK,Pakistan,2012,1,38.7006,38.6539,42.1119,27.0000,22.6502,23.1000,0.2618,-0.4780,0.3332,0.6905,4046.5985,2.5631,0.8172,20.1034,101.6000,0.3662,0.3893,0.5119,0.7733,0.1772,0.4636,-0.0937,0.8987,0.8382,0.6377,1.6344,0.1768,0.8885,0.2198,P4>P3>P2>P1>P5,0,
MDG,Madagascar,2012,1,33.6672,42.7246,42.9812,32.0000,35.4595,24.2000,0.0907,-1.1220,0.4401,0.6616,1463.6176,6.6913,3.2878,54.1014,82.5000,0.3784,0.3370,0.5508,0.6521,0.4268,0.4621,-0.0976,1.0228,0.6132,0.7434,0.8876,1.1800,0.9250,0.1301,P4>P3>P5>P1>P2,0,
CMR,Cameroon,2012,1,35.1510,37.9380,40.6163,26.0000,22.8753,25.0000,,-1.0980,0.4982,0.5872,3059.6423,8.4058,2.0099,52.2506,93.1000,0.3493,0.3432,0.5427,0.7000,0.3733,0.4590,-0.1060,0.7197,0.6979,0.6950,1.1420,0.7717,0.8125,0.1564,P4>P3>P5>P1>P2,0,
COG,"Congo, Rep.",2012,1,30.9721,36.3703,37.0996,26.0000,23.0858,,,-1.0930,0.5514,0.6563,6058.0645,41.3573,0.8373,54.4772,90.1000,0.3261,0.4372,0.6038,0.5351,0.3970,0.4583,-0.1078,0.5525,0.8276,1.0561,1.0283,0.9284,0.8352,0.1104,P3>P4>P2>P5>P1,1,GII
LAO,Lao PDR,2012,1,35.0534,41.5181,41.4991,21.0000,24.6826,20.2000,,-1.4610,0.4650,0.6942,4780.9473,12.1203,4.2851,64.6507,85.5000,0.3477,0.2866,0.5796,0.6604,0.4670,0.4533,-0.1212,0.7248,0.2774,0.9809,0.9890,1.4969,0.8823,0.1556,P4>P3>P5>P1>P2,0,
TKM,Turkmenistan,2012,1,25.6650,32.8134,26.4862,17.0000,17.5302,,,-2.0720,0.6597,0.7532,11035.4513,30.8737,0.1183,69.8591,77.4000,0.2549,0.2616,0.7065,0.6479,0.5268,0.4527,-0.1227,0.1990,0.1379,1.7332,1.5451,2.0726,1.0063,0.2122,P3>P4>P5>P2>P1,1,GII
LSO,Lesotho,2012,1,42.7257,53.5318,46.7516,45.0000,50.7930,25.7000,0.0126,,0.5336,0.4344,2291.4957,4.7059,9.5503,70.4293,79.0000,0.4700,0.2570,0.4840,0.5841,0.5230,0.4477,-0.1360,1.8989,0.7518,0.6040,0.8469,1.9910,1.3430,0.1237,P4>P5>P3>P1>P2,1,ECI
MMR,Myanmar,2012,1,21.0907,32.2640,27.0559,15.0000,21.1525,,,-1.5800,0.4147,0.6808,3845.1528,5.9562,0.8766,47.7937,96.2000,0.2385,0.3498,0.5477,0.7471,0.3381,0.4399,-0.1567,0.1413,0.3586,0.7322,1.4259,0.5984,0.5999,0.2030,P4>P3>P2>P5>P1,1,GII
MWI,Malawi,2012,1,40.1363,51.8215,43.3886,37.0000,37.8668,25.4000,,-1.1830,0.4583,0.6134,1464.0432,8.9512,13.5545,64.4232,88.8000,0.4309,0.3375,0.5358,0.4660,0.4521,0.4377,-0.1625,1.5930,0.6573,0.6415,0.5588,1.3426,1.0694,0.0716,P3>P4>P5>P1>P2,0,
HTI,Haiti,2012,1,20.2366,33.2762,35.5314,19.0000,20.4519,,,-1.2140,0.4592,0.6504,2830.1908,0.4934,9.2516,46.7528,104.9000,0.2701,0.4155,0.5548,0.6281,0.2967,0.4376,-0.1626,0.2513,0.6069,0.7647,1.3286,0.4118,0.6305,0.1568,P4>P3>P2>P5>P1,1,GII
SYR,Syrian Arab Republic,2012,1,33.2997,34.1415,32.4043,26.0000,23.7641,23.1000,,,0.5512,0.7109,,15.2360,4.0278,23.9516,94.5000,0.3146,0.2310,0.6310,0.7469,0.2260,0.4346,-0.1707,0.4936,0.2695,1.2508,0.8364,0.3143,0.6259,0.2426,P4>P3>P1>P2>P5,2,GDPpcPPP; ECI
ZWE,Zimbabwe,2012,1,24.9431,28.6530,28.3834,20.0000,20.9559,25.7000,,-0.7430,0.5663,0.5444,3472.4857,5.9677,6.1571,44.1005,106.3000,0.2549,0.3785,0.5554,0.6537,0.2776,0.4279,-0.1884,0.1853,0.9414,0.7591,1.0437,0.3211,0.5858,0.1747,P4>P3>P2>P5>P1,0,
TGO,Togo,2012,1,27.5056,41.2309,40.9709,30.0000,31.2787,20.5000,0.1597,-0.9310,0.4597,0.5837,1645.3129,20.9937,4.5221,54.7723,87.5000,0.3493,0.3356,0.5217,0.5423,0.4093,0.4249,-0.1963,0.7874,0.5884,0.5599,0.5350,1.0209,0.7159,0.0960,P4>P3>P5>P1>P2,0,
GNQ,Equatorial Guinea,2012,1,25.6601,35.0641,29.2188,20.0000,22.2854,,,-2.0480,0.5233,0.6046,30011.9274,39.0028,0.0973,64.5671,86.3000,0.2749,0.2659,0.5639,0.6457,0.4633,0.4234,-0.2003,0.2732,0.1655,0.8293,1.9034,1.4310,0.8601,0.1701,P4>P3>P5>P1>P2,1,GII
LBY,Libya,2012,1,24.1596,39.1001,33.6144,21.0000,25.3122,,,-2.2800,0.6593,0.8029,26826.0730,59.1030,0.0961,38.9984,84.9000,0.2947,0.2243,0.7311,0.5666,0.3412,0.4234,-0.2004,0.3902,0.0828,1.9946,1.8476,0.7389,0.9520,0.2109,P3>P4>P5>P1>P2,1,GII
BFA,Burkina Faso,2012,1,39.3019,50.7353,50.9748,38.0000,40.2601,24.6000,0.1972,-1.1240,0.2428,0.5763,1571.8388,12.4016,9.4117,54.8281,87.4000,0.4475,0.3388,0.4096,0.5157,0.4100,0.4226,-0.2025,1.7578,0.6490,0.1748,0.5163,1.0531,0.9948,0.0645,P4>P1>P5>P3>P2,0,
MRT,Mauritania,2012,1,38.6937,39.9386,44.1563,31.0000,32.9851,,,-1.9070,0.3637,0.7047,3464.9766,21.4879,6.2684,47.1206,87.6000,0.3845,0.2912,0.5342,0.5483,0.3706,0.4225,-0.2029,1.0688,0.1931,0.7721,0.6530,0.7699,0.7697,0.1114,P4>P3>P1>P5>P2,1,GII
GMB,"Gambia, The",2012,1,40.1258,44.3452,47.8235,34.0000,32.2659,23.3000,0.0848,,0.3294,0.6446,2064.8144,5.7812,10.0290,62.1123,80.6000,0.4157,0.2330,0.4870,0.5636,0.4747,0.4198,-0.2100,1.4181,0.3262,0.4734,0.7788,1.5735,1.0143,0.1245,P4>P3>P5>P1>P2,1,ECI
MLI,Mali,2012,1,33.6446,44.0613,46.5683,34.0000,34.3709,25.4000,0.4727,-0.9890,0.2673,0.5646,1990.1481,12.1111,6.8984,32.3553,77.9000,0.3957,0.3549,0.4159,0.5717,0.3372,0.4189,-0.2124,1.1769,0.7952,0.1545,0.6415,1.0021,0.8328,0.0930,P4>P3>P1>P2>P5,0,
AGO,Angola,2012,1,31.5231,33.8355,38.5013,22.0000,18.7182,22.2000,,-1.7360,0.4217,0.5987,8246.3608,34.7310,0.1830,58.3536,85.1000,0.3146,0.2719,0.5102,0.6061,0.4372,0.4136,-0.2264,0.5067,0.2510,0.5274,1.3103,1.2740,0.7602,0.1376,P4>P3>P5>P1>P2,0,
MOZ,Mozambique,2012,1,40.4964,45.3357,46.8947,31.0000,36.0252,26.3000,0.3760,-1.5060,0.3644,0.5609,1075.8779,11.9193,12.4706,66.5934,82.4000,0.4093,0.3131,0.4627,0.4484,0.4896,0.4118,-0.2313,1.3236,0.6537,0.2902,0.4475,1.6847,0.9535,0.0688,P5>P3>P4>P1>P2,0,
ETH,Ethiopia,2012,1,43.1496,44.0735,40.3941,33.0000,35.4940,23.3000,0.6047,-1.1320,0.3037,0.6376,1178.9747,14.9282,7.5051,38.3326,97.9000,0.4015,0.3316,0.4707,0.5158,0.2837,0.4090,-0.2388,1.2432,0.5079,0.3910,0.4832,0.3388,0.7123,0.0956,P4>P3>P1>P2>P5,0,
NGA,Nigeria,2012,1,32.4814,38.2827,42.9894,27.0000,24.6444,24.6000,,-2.3110,0.4514,0.4875,6670.8383,15.1485,0.4338,30.2220,101.1000,0.3519,0.2323,0.4695,0.7216,0.2299,0.4072,-0.2433,0.7856,0.3042,0.4053,1.3665,0.2466,0.6903,0.2047,P4>P3>P1>P2>P5,0,
YEM,"Yemen, Rep.",2012,1,28.1381,33.7436,41.6621,23.0000,22.4881,19.2000,,-1.2290,0.3401,0.7318,3004.9209,18.8464,2.1040,25.4493,104.8000,0.3164,0.3024,0.5360,0.6279,0.1906,0.4065,-0.2452,0.5428,0.3184,0.8127,0.8815,0.1499,0.5626,0.1807,P4>P3>P1>P2>P5,0,
CIV,Cote d'Ivoire,2012,1,30.6006,39.0776,42.2789,29.0000,30.9521,22.6000,,-1.2780,0.3689,0.5626,3290.7231,5.3676,11.2175,39.9454,103.6000,0.3524,0.3150,0.4657,0.5706,0.2681,0.4009,-0.2601,0.8129,0.3618,0.3109,0.9093,0.3104,0.6119,0.1226,P4>P3>P1>P2>P5,0,
IRQ,Iraq,2012,1,29.6247,31.9528,38.8695,18.0000,22.1909,,0.0348,-2.1190,0.5274,0.7512,14402.0341,49.8510,0.5938,32.1339,104.3000,0.2961,0.2531,0.6393,0.5272,0.2261,0.3932,-0.2805,0.3851,0.1103,1.2910,1.3952,0.2002,0.6651,0.1840,P3>P4>P1>P2>P5,1,GII
NER,Niger,2012,1,39.8710,45.0852,43.4407,33.0000,39.0483,18.6000,,-1.2150,0.1969,0.5844,1161.7891,10.3335,9.1431,50.8088,96.9000,0.4035,0.3007,0.3906,0.5184,0.3503,0.3929,-0.2814,1.2724,0.3180,0.1848,0.5512,0.6442,0.7232,0.0809,P4>P1>P3>P5>P2,0,
LBR,Liberia,2012,1,34.1994,42.6182,38.1510,41.0000,38.2762,,,-1.1990,0.4212,0.6121,1156.9532,26.7116,22.4026,59.2714,93.3000,0.3899,0.4182,0.5167,0.2280,0.4076,0.3917,-0.2845,1.1434,0.6345,0.5375,0.1622,1.0531,0.7709,0.1041,P3>P2>P5>P1>P4,1,GII
AFG,Afghanistan,2012,1,22.1785,24.5475,35.0839,8.0000,14.7504,,,-0.7710,0.3385,0.6421,1988.4293,0.6847,33.3985,23.1217,106.0000,0.2245,0.4950,0.4903,0.4295,0.1739,0.3812,-0.3123,0.1443,1.1034,0.4997,1.0817,0.1079,0.5281,0.1524,P2>P3>P4>P1>P5,1,GII
SDN,Sudan,2012,1,25.7528,32.4568,32.7934,13.0000,16.0318,16.8000,,-1.7740,0.3200,0.6681,3710.3770,6.6467,3.8449,26.3404,109.4000,0.2600,0.2415,0.4940,0.6911,0.1759,0.3800,-0.3156,0.2389,0.1521,0.5245,1.1057,0.0922,0.4239,0.2149,P4>P3>P1>P2>P5,0,
GIN,Guinea,2012,1,27.5957,32.1064,38.3799,24.0000,24.5053,,,-1.9060,0.2978,0.5710,1789.9747,16.6317,8.4244,40.4893,101.9000,0.3052,0.2914,0.4344,0.5107,0.2779,0.3659,-0.3529,0.4285,0.2207,0.1960,0.4852,0.3509,0.3634,0.1032,P4>P3>P1>P2>P5,1,GII
TCD,Chad,2012,1,25.7022,30.1759,35.6871,19.0000,19.9930,,,-2.4930,0.2741,0.4733,2435.1241,24.7934,2.7008,45.8633,107.6000,0.2764,0.1860,0.3737,0.5675,0.2810,0.3320,-0.4431,0.2715,0.0276,0.0931,0.7083,0.3489,0.3088,0.1450,P4>P3>P5>P1>P2,1,GII
COD,"Congo, Dem. Rep.",2012,1,20.7485,28.1821,32.6459,21.0000,20.0612,,,-1.8520,0.4421,0.5746,647.8017,27.1230,10.0099,28.0280,111.2000,0.2564,0.3010,0.5083,0.3619,0.1768,0.3311,-0.4454,0.1996,0.2483,0.4667,0.2327,0.0908,0.2408,0.1246,P3>P4>P2>P1>P5,1,GII
BDI,Burundi,2012,1,28.2619,37.0747,40.2652,19.0000,19.5572,20.5000,0.1070,,0.3744,0.5923,637.2471,17.5502,22.5848,33.3042,97.5000,0.3115,0.2050,0.4834,0.2583,0.2603,0.3035,-0.5186,0.4874,0.1560,0.4341,0.2393,0.3306,0.3593,0.1073,P3>P1>P5>P4>P2,1,ECI
BRB,Barbados,2012,1,76.4338,77.0755,65.6491,76.0000,77.1088,,,,0.7604,0.8575,19605.0169,0.4550,0.2802,86.9859,52.0000,0.7379,,0.8090,0.8777,0.7183,,,3.3796,,2.8426,2.5869,3.3427,,0.0726,P4>P3>P1>P5,2,GII; ECI
BTN,Bhutan,2012,1,61.3970,60.1888,41.6189,63.0000,64.3226,,,,0.4226,0.7655,8577.4073,4.2528,8.8270,79.1443,82.4000,0.5655,,0.5940,0.6673,0.5524,,,2.3649,,1.0917,1.2994,2.1042,,0.0513,P4>P3>P1>P5,2,GII; ECI
CAF,Central African Republic,2012,1,23.6372,32.3815,36.8734,26.0000,28.6031,,,,0.2878,0.4821,1062.0681,9.1677,9.0437,33.9343,103.8000,0.2972,,0.3850,0.5232,0.2372,,,0.3953,,0.1138,0.5765,0.2504,,0.1242,P4>P3>P1>P5,2,GII; ECI
COM,Comoros,2012,1,20.4194,39.2508,32.3883,28.0000,32.0702,,,,0.4664,0.6687,2678.7026,1.9165,10.0196,59.1461,83.0000,0.3001,,0.5675,0.6030,0.4499,,,0.4817,,0.8889,1.0887,1.3931,,0.1367,P4>P3>P5>P1,2,GII; ECI
CPV,Cabo Verde,2012,1,53.5135,67.4004,54.3283,60.0000,65.7111,,0.0662,,0.5362,0.8202,6318.0611,25.0558,13.3608,80.2570,74.7000,0.5881,,0.6782,0.4373,0.5900,,,2.6310,,1.7221,0.6408,2.5069,,0.1000,P3>P5>P1>P4,2,GII; ECI
DJI,Djibouti,2012,1,36.3887,42.0714,43.9840,36.0000,36.7649,,,,0.2358,0.6418,3762.2820,0.9459,10.7480,67.8993,83.8000,0.3961,,0.4388,0.6148,0.4903,,,1.2107,,0.3593,1.3228,1.7092,,0.0947,P4>P5>P3>P1,2,GII; ECI
ERI,Eritrea,2012,1,25.5503,30.8907,24.9713,25.0000,30.1875,,,,0.3610,0.6876,1742.3236,26.9563,6.5349,50.3067,94.5000,0.2660,,0.5243,0.4719,0.3578,,,0.2635,,0.6796,0.4061,0.6753,,0.1158,P3>P4>P5>P1,2,GII; ECI
GNB,Guinea-Bissau,2012,1,27.7528,30.0252,33.9120,25.0000,20.6608,,,,0.3755,0.5888,1401.8499,17.1199,7.8982,48.1502,99.2000,0.2917,,0.4821,0.5036,0.3274,,,0.3622,,0.4343,0.4418,0.5408,,0.1072,P4>P3>P5>P1,2,GII; ECI
SLE,Sierra Leone,2012,1,29.9020,44.2014,39.9159,31.0000,32.2872,,,,0.3523,0.5101,2317.1914,9.7705,7.3784,61.4746,90.4000,0.3625,,0.4312,0.5871,0.4307,,,0.9003,,0.2385,0.7159,1.1847,,0.0951,P4>P3>P5>P1,2,GII; ECI
STP,Sao Tome and Principe,2012,1,36.0810,47.0119,43.2406,42.0000,44.6322,,,,0.4739,0.6847,2652.8788,3.8174,22.5429,70.8146,73.9000,0.4208,,0.5793,0.4234,0.5462,,,1.4529,,0.9506,0.8609,2.2816,,0.0823,P3>P5>P4>P1,2,GII; ECI
SUR,Suriname,2012,1,51.3129,55.8021,48.7660,37.0000,45.0537,,,,0.5761,0.7686,15184.9255,29.1298,0.8429,67.0132,71.2000,0.4822,,0.6724,0.6640,0.5384,,,2.0601,,1.5287,1.4497,2.2447,,0.0940,P3>P4>P5>P1,2,GII; ECI
SYC,Seychelles,2012,1,65.1538,59.3522,57.7084,52.0000,56.1672,,,,0.7516,0.8076,22263.8222,0.1645,3.1988,78.2911,65.1000,0.5855,,0.7796,0.8375,0.6202,,,2.6572,,2.4212,2.3854,2.7644,,0.1219,P4>P3>P5>P1,2,GII; ECI
CHE,Switzerland,2018,1,92.4115,89.8960,83.3280,85.0000,94.2844,68.4000,3.1498,1.7520,0.9116,0.9779,70688.8187,0.0130,,87.3364,19.2000,0.8766,0.8158,0.9447,0.9514,0.8567,0.8880,1.0324,3.9173,3.9724,3.8446,3.5373,3.8616,3.8682,0.0582,P4>P3>P1>P5>P2,1,ODA
SGP,Singapore,2018,1,94.4482,83.3610,88.5631,85.0000,90.8769,59.8000,1.8084,1.6310,0.8504,0.9750,103963.3633,0.0002,,88.0908,30.4000,0.8784,0.7620,0.9127,0.9714,0.8138,0.8683,0.9801,3.8887,3.8734,3.6155,3.6332,3.7220,3.8038,0.0821,P4>P3>P1>P5>P2,1,ODA
FIN,Finland,2018,1,93.3361,92.2640,84.0796,85.0000,92.0516,59.6000,2.7760,1.3930,0.9268,0.9481,49248.6775,0.5634,,83.6850,17.9000,0.8867,0.7396,0.9375,0.9291,0.8438,0.8643,0.9695,3.9562,3.7806,3.6915,3.1950,3.7488,3.7416,0.0806,P3>P4>P1>P5>P2,1,ODA
SWE,Sweden,2018,1,88.6425,88.6127,82.6108,85.0000,90.6817,63.1000,3.3460,1.3960,0.9183,0.9620,53122.4387,1.0611,,81.7625,20.8000,0.8622,0.7574,0.9402,0.9297,0.8221,0.8611,0.9609,3.8735,3.8579,3.7527,3.1069,3.5445,3.6846,0.0762,P3>P4>P1>P5>P2,1,ODA
DNK,Denmark,2018,1,88.6833,90.0925,83.9271,88.0000,91.5380,58.4000,2.9790,1.0530,0.9287,0.9383,57233.6232,0.5879,,83.0074,19.8000,0.8768,0.7031,0.9335,0.9367,0.8325,0.8523,0.9376,3.9318,3.5716,3.6301,3.2558,3.6958,3.6959,0.0960,P4>P3>P1>P5>P2,1,ODA
NLD,Netherlands,2018,1,90.8033,88.2921,85.4073,82.0000,87.2561,63.3000,2.1027,1.0100,0.9107,0.9505,58819.2609,0.3551,,79.4418,26.2000,0.8663,0.7237,0.9306,0.9397,0.7880,0.8504,0.9325,3.9029,3.6531,3.6495,3.3193,3.3088,3.6521,0.0930,P4>P3>P1>P5>P2,1,ODA
DEU,Germany,2018,1,86.3768,86.4901,81.3517,80.0000,86.6743,58.0000,3.0506,1.5430,0.9427,0.9365,56273.0406,0.0848,,79.9679,25.8000,0.8355,0.7451,0.9396,0.9392,0.7923,0.8501,0.9320,3.7860,3.8041,3.6511,3.3922,3.3740,3.6603,0.0874,P3>P4>P1>P5>P2,1,ODA
JPN,Japan,2018,1,86.8239,82.5591,76.3836,73.0000,76.0099,55.0000,3.2192,2.0440,0.8492,0.9891,42141.9353,0.0368,,85.3309,34.5000,0.7969,0.7750,0.9191,0.9246,0.7829,0.8400,0.9051,3.6473,3.8095,3.6359,3.3246,3.6014,3.6344,0.0754,P4>P3>P1>P5>P2,1,ODA
HKG,"Hong Kong SAR, China",2018,1,89.0713,82.4415,89.7837,76.0000,82.5743,54.6000,0.8633,1.1490,0.8735,0.9998,60900.2753,0.0011,,78.9065,,0.8432,0.6927,0.9366,0.9438,0.7891,0.8390,0.9024,3.7916,3.5040,3.7607,3.5571,2.8019,3.5762,0.1054,P4>P3>P1>P5>P2,2,ODA; FSI
NOR,Norway,2018,1,89.0114,91.8838,83.5177,84.0000,90.0726,52.6000,2.0348,0.9220,0.9325,0.9655,70253.8464,7.3936,,84.8814,18.3000,0.8710,0.6624,0.9490,0.9019,0.8482,0.8383,0.9006,3.8984,3.3005,3.8252,2.6939,3.7665,3.5740,0.1096,P3>P4>P1>P5>P2,1,ODA
IRL,Ireland,2018,1,79.6806,83.2647,80.8635,73.0000,79.2976,57.2000,1.0824,1.2050,0.8834,0.9557,86299.3420,0.1261,,82.7292,20.7000,0.7920,0.7107,0.9195,0.9610,0.8274,0.8345,0.8905,3.6326,3.5951,3.6074,3.4538,3.6346,3.6238,0.1001,P4>P3>P5>P1>P2,1,ODA
GBR,United Kingdom,2018,1,80.9891,82.5312,81.2781,80.0000,84.3781,60.1000,2.7089,1.2910,0.9203,0.9404,47212.2045,0.6262,,70.7215,34.3000,0.8120,0.7330,0.9304,0.9265,0.7107,0.8287,0.8750,3.6841,3.7869,3.6196,3.1469,2.9459,3.5005,0.1038,P3>P4>P1>P2>P5,1,ODA
NZL,New Zealand,2018,1,84.4642,87.9659,85.9426,87.0000,90.2413,51.3000,1.4642,0.4600,0.9378,0.9521,42527.2784,1.5881,,90.5755,20.9000,0.8634,0.6144,0.9449,0.9147,0.8658,0.8280,0.8731,3.8728,2.9574,3.7535,2.9296,3.8699,3.5660,0.1311,P3>P4>P5>P1>P2,1,ODA
CAN,Canada,2018,1,87.0103,86.2717,80.7639,81.0000,84.4384,53.0000,1.7372,0.8930,0.9021,0.9527,49982.5999,1.7982,,81.9024,21.5000,0.8376,0.6618,0.9274,0.9217,0.8199,0.8266,0.8696,3.7826,3.2888,3.6388,2.9688,3.5302,3.5202,0.1076,P3>P4>P1>P5>P2,1,ODA
AUT,Austria,2018,1,82.5356,87.9258,79.0043,76.0000,80.9459,51.3000,3.1083,1.4000,0.8521,0.9490,56636.4953,0.1408,,80.3127,26.2000,0.8137,0.6987,0.9005,0.9392,0.7924,0.8253,0.8660,3.7177,3.5781,3.4413,3.3608,3.3861,3.5653,0.0946,P4>P3>P1>P5>P2,1,ODA
USA,United States,2018,1,83.2803,77.1375,78.2710,71.0000,73.1654,59.8000,2.9896,1.2800,0.9123,0.9046,62875.6661,0.5957,,70.8565,37.7000,0.7742,0.7305,0.9084,0.9415,0.6972,0.8159,0.8410,3.5628,3.7493,3.4652,3.2889,2.8994,3.4499,0.1088,P4>P3>P1>P2>P5,1,ODA
KOR,"Korea, Rep.",2018,1,78.2997,76.0699,69.9548,57.0000,58.8116,56.6000,4.2716,1.7970,0.8690,0.9745,45511.0804,0.0471,,80.7642,35.7000,0.7033,0.7608,0.9218,0.9285,0.7551,0.8116,0.8297,3.2832,3.8116,3.6782,3.3310,3.3084,3.4721,0.1040,P4>P3>P2>P5>P1,1,ODA
BEL,Belgium,2018,1,75.2725,81.4170,74.8669,75.0000,77.2933,50.5000,2.8636,1.1680,0.9103,0.9459,52466.7331,0.0484,,73.1490,29.7000,0.7664,0.6739,0.9281,0.9358,0.7420,0.8071,0.8176,3.5317,3.3511,3.5673,3.3860,3.0682,3.4423,0.1171,P4>P3>P1>P5>P2,1,ODA
LUX,Luxembourg,2018,1,89.1039,89.0014,82.2171,81.0000,92.5896,54.5000,1.1704,,0.8104,0.9464,116638.4142,0.0132,,88.1947,20.8000,0.8533,0.5450,0.8784,0.9773,0.8543,0.8061,0.8152,3.8652,3.5556,3.2232,3.5652,3.8441,3.6913,0.1628,P4>P3>P5>P1>P2,2,ECI; ODA
AUS,Australia,2018,1,84.8772,85.1196,83.6957,77.0000,83.6550,52.0000,1.8283,0.1510,0.9153,0.9732,50371.2338,5.2275,,80.9961,20.8000,0.8267,0.5902,0.9443,0.8992,0.8183,0.8048,0.8115,3.7778,2.8157,3.8244,2.6897,3.4962,3.4160,0.1365,P3>P4>P1>P5>P2,1,ODA
FRA,France,2018,1,80.8697,78.0558,74.8593,72.0000,76.4427,54.4000,2.2041,1.2330,0.8238,0.9626,46381.0591,0.0429,,67.6769,32.2000,0.7645,0.6993,0.8932,0.9295,0.7042,0.8009,0.8013,3.5195,3.5550,3.4088,3.3417,2.8026,3.3921,0.1073,P4>P3>P1>P5>P2,1,ODA
ISL,Iceland,2018,1,82.1326,86.9249,77.5783,76.0000,86.0467,51.2000,2.0008,,0.9547,0.9608,57197.7676,0.0002,,88.0296,20.3000,0.8066,0.5120,0.9577,0.9406,0.8556,0.7949,0.7853,3.6885,3.3016,3.8103,3.5402,3.8584,3.6844,0.1801,P3>P4>P5>P1>P2,2,ECI; ODA
EST,Estonia,2018,1,75.9403,80.4083,77.4345,73.0000,78.1695,50.5000,1.3830,1.0090,0.8929,0.8974,37120.9880,2.0179,,79.5396,43.0000,0.7670,0.6597,0.8952,0.9049,0.7185,0.7885,0.7684,3.5353,3.2822,3.3614,2.8062,3.0882,3.2875,0.1082,P4>P3>P1>P5>P2,1,ODA
SVN,Slovenia,2018,1,76.6205,70.0199,65.1365,60.0000,64.4444,46.9000,1.9636,1.3790,0.9096,0.9363,38620.2045,0.2618,,82.7030,30.3000,0.6794,0.6748,0.9229,0.9186,0.7873,0.7856,0.7607,3.1759,3.4018,3.5159,3.1861,3.5014,3.3500,0.1219,P3>P4>P5>P1>P2,1,ODA
CZE,Czechia,2018,1,71.2863,74.8692,72.9467,59.0000,60.2843,48.7000,1.8765,1.4840,0.8756,0.9071,41638.1831,0.3894,,83.7215,39.0000,0.6953,0.6933,0.8914,0.9216,0.7561,0.7853,0.7600,3.2979,3.4966,3.3609,3.1608,3.4776,3.3721,0.1085,P4>P3>P5>P1>P2,1,ODA
ISR,Israel,2018,1,78.5109,73.0601,73.2135,61.0000,62.8306,56.8000,4.9196,1.2280,0.8542,0.9680,40189.9910,0.2433,,60.0064,78.5000,0.7145,0.7108,0.9111,0.9208,0.4729,0.7700,0.7193,3.3524,3.6206,3.5748,3.2023,1.4388,3.1255,0.1834,P4>P3>P1>P2>P5,1,ODA
PRT,Portugal,2018,1,71.9545,76.4187,69.6062,64.0000,64.1101,45.7000,1.3508,0.7460,0.7625,0.9476,34896.7993,0.2407,,84.5431,27.3000,0.7049,0.6121,0.8550,0.9135,0.8090,0.7639,0.7030,3.3330,2.9976,3.0563,3.1582,3.6108,3.2812,0.1205,P4>P3>P5>P1>P2,1,ODA
ESP,Spain,2018,1,72.1501,74.0378,68.7999,58.0000,62.9451,48.7000,1.2329,0.8440,0.8246,0.9707,41015.1566,0.0630,,71.6108,41.4000,0.6825,0.6359,0.8977,0.9230,0.6856,0.7623,0.6988,3.2346,3.0966,3.4705,3.2765,2.8626,3.2329,0.1345,P4>P3>P5>P1>P2,1,ODA
LTU,Lithuania,2018,1,68.0851,69.8569,71.6370,59.0000,57.0275,41.2000,0.9278,0.9030,0.8965,0.8601,36491.9385,0.3784,,81.3879,39.4000,0.6714,0.6036,0.8783,0.9149,0.7428,0.7517,0.6707,3.1767,2.9534,3.1154,3.1167,3.3117,3.1747,0.1328,P4>P3>P5>P1>P2,1,ODA
CYP,Cyprus,2018,1,68.0767,71.6307,69.7425,59.0000,61.2316,47.8000,0.6103,0.4950,0.8453,0.9470,40262.3086,0.0047,,77.1017,60.3000,0.6711,0.6001,0.8962,0.9225,0.6343,0.7449,0.6528,3.1667,2.8521,3.3793,3.3448,2.6639,3.1404,0.1525,P4>P3>P1>P5>P2,1,ODA
ITA,Italy,2018,1,59.8005,64.1711,63.6990,52.0000,52.8685,46.3000,1.4193,1.2190,0.8047,0.9721,43386.7006,0.0992,,72.2549,43.8000,0.5992,0.6575,0.8884,0.9257,0.6788,0.7449,0.6526,2.7965,3.2893,3.3766,3.2881,2.8241,3.0940,0.1470,P4>P3>P5>P2>P1,1,ODA
POL,Poland,2018,1,64.7982,66.3849,66.8854,60.0000,63.5789,41.7000,1.1943,1.0930,0.8785,0.8865,32345.1066,2.7132,,76.6592,41.5000,0.6452,0.6232,0.8825,0.8931,0.7104,0.7433,0.6483,3.0203,3.0934,3.2790,2.7201,2.9479,3.0312,0.1291,P4>P3>P5>P1>P2,1,ODA
MLT,Malta,2018,1,71.0562,75.1839,74.5172,54.0000,62.8662,50.3000,0.5456,,0.8323,0.9678,48178.2921,0.0000,,84.8914,36.2000,0.6869,0.5030,0.9001,0.9318,0.7736,0.7412,0.6429,3.2409,3.2063,3.4604,3.5374,3.5387,3.4102,0.1737,P4>P3>P5>P1>P2,2,ECI; ODA
LVA,Latvia,2018,1,66.8589,67.5535,70.9122,58.0000,58.8800,43.2000,0.6614,0.7930,0.8994,0.8458,29817.8047,1.0735,,77.2239,44.9000,0.6583,0.6038,0.8726,0.8999,0.6990,0.7399,0.6395,3.0989,2.9796,3.0386,2.8662,2.9192,3.0271,0.1321,P4>P3>P5>P1>P2,1,ODA
ARE,United Arab Emirates,2018,1,78.7849,63.6652,71.8838,70.0000,70.0155,42.6000,1.2639,0.6830,0.7645,0.9608,77446.2270,18.1867,,80.1347,42.8000,0.7108,0.5909,0.8626,0.8350,0.7223,0.7372,0.6322,3.2685,2.8275,3.1436,2.5470,3.1477,3.0514,0.1088,P3>P4>P5>P1>P2,1,ODA
SVK,Slovak Republic,2018,1,61.6389,62.2254,65.6686,50.0000,53.1998,42.9000,0.8318,1.2070,0.8329,0.8810,31509.8187,0.2892,,78.0728,42.5000,0.5988,0.6394,0.8569,0.9079,0.7133,0.7339,0.6234,2.7949,3.1962,3.0401,3.0829,3.0237,3.0165,0.1347,P4>P3>P5>P2>P1,1,ODA
HUN,Hungary,2018,1,63.5106,62.8108,61.8347,46.0000,50.6716,44.9000,1.5020,1.2690,0.8237,0.8647,32258.2578,0.3476,,77.1961,50.2000,0.5854,0.6550,0.8442,0.9087,0.6768,0.7284,0.6088,2.7308,3.2990,2.8753,3.0886,2.8196,2.9522,0.1363,P4>P3>P5>P2>P1,1,ODA
CHL,Chile,2018,1,71.4772,73.4538,73.4003,67.0000,70.3659,37.8000,0.3692,-0.0790,0.8200,0.9317,25305.0903,5.8371,0.0265,77.4110,40.7000,0.7133,0.4986,0.8759,0.8592,0.7175,0.7217,0.5912,3.3598,2.1940,3.1723,2.1770,3.0284,2.8989,0.1516,P3>P4>P5>P1>P2,0,
HRV,Croatia,2018,1,60.9216,61.3604,61.1019,48.0000,48.3592,40.7000,0.9461,0.8710,0.8359,0.8902,29789.1305,0.7731,,79.0288,48.7000,0.5785,0.5983,0.8630,0.9018,0.6922,0.7164,0.5770,2.6614,2.8961,3.1224,2.9290,2.9612,2.8985,0.1491,P4>P3>P5>P2>P1,1,ODA
URY,Uruguay,2018,1,61.8662,71.8666,64.3240,70.0000,75.4389,34.2000,0.5048,-0.0260,0.7489,0.8850,24386.4948,1.9730,0.0678,84.9066,35.4000,0.6701,0.4853,0.8170,0.8824,0.7770,0.7064,0.5506,3.1210,2.0111,2.7271,2.3829,3.5708,2.8470,0.1552,P4>P3>P5>P1>P2,0,
GRC,Greece,2018,1,57.9495,61.7796,59.3860,45.0000,52.7293,38.9000,1.2066,0.3510,0.8610,0.9461,29792.0593,0.1079,,71.8955,55.3000,0.5603,0.5426,0.9036,0.9062,0.6291,0.7006,0.5351,2.5534,2.5768,3.4109,3.1295,2.6419,2.8490,0.1823,P4>P3>P5>P1>P2,1,ODA
MUS,Mauritius,2018,1,69.4936,72.9146,71.2777,51.0000,53.9598,31.3000,0.3339,0.1500,0.7272,0.8383,23415.5238,0.0024,0.4374,81.2539,40.5000,0.6617,0.4866,0.7828,0.8872,0.7375,0.6948,0.5198,3.1354,1.9288,2.3050,2.7232,3.2812,2.7938,0.1497,P4>P3>P5>P1>P2,0,
MYS,Malaysia,2018,1,68.0474,61.8938,66.6588,47.0000,57.8449,43.0000,1.0403,1.0010,0.7171,0.8574,27793.5674,7.3274,-0.0099,68.9172,63.6000,0.6090,0.6214,0.7873,0.8547,0.5796,0.6940,0.5175,2.8452,3.0879,2.3760,2.5722,2.4145,2.7115,0.1225,P4>P3>P2>P1>P5,0,
CRI,Costa Rica,2018,1,58.2017,65.8900,65.1360,56.0000,61.0056,35.7000,0.3714,0.2290,0.7137,0.9245,21498.0351,0.9455,0.1684,76.7355,43.2000,0.6131,0.5157,0.8191,0.8810,0.7037,0.6926,0.5139,2.8366,2.3311,2.7038,2.4460,2.9127,2.7020,0.1486,P4>P3>P5>P1>P2,0,
ROU,Romania,2018,1,49.3551,62.2492,60.9392,47.0000,44.4349,37.6000,0.4970,1.0060,0.7726,0.8477,29382.7567,1.0703,,68.3465,49.4000,0.5489,0.5949,0.8101,0.8991,0.6359,0.6914,0.5107,2.4792,2.8874,2.5955,2.8603,2.5925,2.6782,0.1498,P4>P3>P5>P2>P1,1,ODA
BGR,Bulgaria,2018,1,50.8648,54.5437,62.4589,42.0000,44.0212,42.6000,0.7550,0.7140,0.8105,0.8451,23997.6877,0.6784,,76.0222,51.7000,0.5247,0.5937,0.8278,0.8913,0.6647,0.6899,0.5067,2.3287,2.8827,2.6901,2.8842,2.7697,2.6746,0.1551,P4>P3>P5>P2>P1,1,ODA
QAT,Qatar,2018,1,67.0162,64.9489,65.5414,62.0000,63.0233,36.6000,0.5313,0.0600,0.6961,0.9648,110032.8399,23.9995,,80.7677,48.1000,0.6488,0.5050,0.8305,0.8144,0.7034,0.6878,0.5010,3.0448,2.2684,2.8357,2.4898,3.1383,2.8293,0.1330,P3>P4>P5>P1>P2,1,ODA
CHN,China,2018,1,61.6673,48.0075,53.4346,39.0000,46.4349,53.1000,2.1023,1.3110,0.6691,0.8878,16298.2051,1.4252,-0.0050,61.8460,72.4000,0.5053,0.6997,0.7785,0.8664,0.5076,0.6810,0.4831,2.0917,3.5943,2.3726,2.8019,1.7882,2.4764,0.1618,P4>P3>P2>P5>P1,0,
PAN,Panama,2018,1,57.6756,52.6321,59.8100,37.0000,36.7610,32.4000,0.1336,0.7060,0.7114,0.8964,32463.5404,0.0994,0.0631,72.1174,49.5000,0.5178,0.5420,0.8039,0.9097,0.6543,0.6731,0.4621,2.2558,2.3392,2.5856,2.8984,2.7358,2.5490,0.1688,P4>P3>P5>P2>P1,0,
GEO,Georgia,2018,1,61.1018,61.5494,67.4983,58.0000,64.8915,35.0000,0.2757,0.1680,0.8728,0.8305,15021.9058,0.4512,3.4193,64.2741,74.0000,0.6204,0.5067,0.8517,0.8117,0.5130,0.6657,0.4426,2.8659,2.2242,2.8683,1.9273,1.8464,2.4478,0.1631,P3>P4>P1>P5>P2,0,
ARG,Argentina,2018,1,56.3521,53.4845,51.8641,40.0000,47.7387,30.7000,0.4883,0.0680,0.8661,0.8734,24410.3919,2.0371,0.0145,67.9517,46.1000,0.5043,0.4762,0.8698,0.8829,0.6477,0.6604,0.4285,2.0964,1.8219,3.1035,2.4236,2.6181,2.3862,0.1940,P4>P3>P5>P1>P2,0,
SRB,Serbia,2018,1,54.1095,55.2452,56.2770,39.0000,40.0223,35.5000,0.8815,0.7100,0.7903,0.8621,18469.0226,1.5407,2.1312,67.8822,68.1000,0.5116,0.5578,0.8262,0.8365,0.5557,0.6555,0.4154,2.2312,2.5911,2.7192,1.9874,2.2433,2.3388,0.1598,P4>P3>P2>P5>P1,0,
BHR,Bahrain,2018,1,59.4714,55.9795,62.6920,36.0000,45.0016,31.7000,,0.5130,0.7963,0.9294,51993.1308,14.7514,,51.0725,64.4000,0.5354,0.5212,0.8629,0.8373,0.4870,0.6529,0.4085,2.3923,2.1972,3.0787,2.4636,1.6368,2.3901,0.1849,P3>P4>P1>P2>P5,1,ODA
THA,Thailand,2018,1,54.7517,51.8247,57.1516,36.0000,40.3061,38.0000,1.1138,0.9310,0.7163,0.8798,18876.2209,1.8167,-0.0869,49.1567,75.0000,0.4993,0.5902,0.7981,0.8728,0.4333,0.6499,0.4005,2.0910,2.9313,2.5091,2.8363,1.1550,2.3042,0.1898,P4>P3>P2>P1>P5,0,
TUR,Turkiye,2018,1,52.2696,44.7633,55.6793,41.0000,43.1645,37.4000,1.2709,0.5930,0.7817,0.8839,28640.3402,0.5300,0.1539,46.6928,82.2000,0.4843,0.5568,0.8328,0.8988,0.3910,0.6457,0.3895,1.9430,2.5877,2.8627,2.6543,0.8932,2.1806,0.2220,P4>P3>P2>P1>P5,0,
CUB,Cuba,2018,1,47.2258,42.6292,35.5424,47.0000,47.6293,,0.5369,-0.8940,0.7539,0.8835,,1.1019,0.7606,75.5904,62.9000,0.4310,0.4729,0.8187,0.9700,0.6159,0.6453,0.3884,1.4103,1.0207,2.7378,2.0501,2.6028,1.8971,0.2295,P4>P3>P5>P2>P1,2,GDPpcPPP; GII
BLR,Belarus,2018,1,46.8692,44.3482,42.4298,44.0000,45.2801,29.4000,0.6044,0.8840,0.8090,0.8359,20025.9816,1.9813,0.2060,70.4664,70.5000,0.4441,0.5429,0.8225,0.8698,0.5586,0.6411,0.3772,1.5255,2.1956,2.6385,2.2349,2.2396,2.0755,0.1872,P4>P3>P5>P2>P1,0,
OMN,Oman,2018,1,53.5066,60.1277,63.1899,52.0000,47.4432,32.8000,0.1903,-0.1660,0.7573,0.9210,37780.3308,27.0145,,75.1057,52.6000,0.5721,0.4658,0.8392,0.7391,0.6564,0.6407,0.3763,2.5924,1.7917,2.9021,2.2267,2.7392,2.4981,0.1446,P3>P4>P5>P1>P2,1,ODA
BWA,Botswana,2018,1,58.0832,63.9037,63.6453,61.0000,65.0852,28.2000,,-0.1410,0.6613,0.7134,15785.8196,0.8697,0.5558,82.8874,62.0000,0.6166,0.4450,0.6874,0.8591,0.6561,0.6403,0.3751,2.8708,1.4759,1.3667,2.1956,3.0488,2.3430,0.1486,P4>P3>P5>P1>P2,0,
SAU,Saudi Arabia,2018,1,56.5031,52.9607,56.1327,49.0000,51.0050,34.3000,0.4762,0.6510,0.7932,0.9038,59377.8025,29.2707,,55.6728,70.2000,0.5365,0.5465,0.8485,0.7474,0.4859,0.6385,0.3704,2.3540,2.4269,2.9862,2.3974,1.6534,2.3862,0.1565,P3>P4>P2>P1>P5,1,ODA
MKD,North Macedonia,2018,1,51.9897,53.0622,61.1531,37.0000,40.9554,29.9000,0.3637,0.1230,0.7695,0.8751,18460.4624,0.4247,1.4017,63.8712,64.8000,0.5080,0.4772,0.8223,0.8561,0.5494,0.6369,0.3661,2.1825,1.7722,2.7284,2.2703,2.1280,2.2390,0.1817,P4>P3>P5>P1>P2,0,
BRN,Brunei Darussalam,2018,1,71.1784,62.8251,68.5878,63.0000,72.4680,32.8000,0.2776,,0.6919,0.8460,65148.8264,22.5077,,85.4525,59.8000,0.6640,0.3280,0.7690,0.7973,0.6781,0.6290,0.3453,3.0876,1.8730,2.1790,2.4565,3.2483,2.6904,0.1874,P4>P3>P5>P1>P2,2,ECI; ODA
MEX,Mexico,2018,1,50.8169,43.0883,54.8127,28.0000,28.7721,35.3000,0.2982,0.9250,0.7122,0.8354,20921.4775,2.8911,0.0449,50.0543,71.5000,0.4418,0.5761,0.7738,0.8687,0.4524,0.6282,0.3431,1.5203,2.7270,2.2011,2.2695,1.3847,1.9536,0.1919,P4>P3>P2>P5>P1,0,
ALB,Albania,2018,1,56.5605,53.9640,56.6601,36.0000,35.9708,30.0000,,-0.2570,0.7471,0.9114,15055.2808,1.7111,2.2426,68.4601,60.1000,0.5080,0.4436,0.8293,0.8230,0.5919,0.6275,0.3412,2.1782,1.5260,2.8191,1.8245,2.4433,2.1764,0.1786,P3>P4>P5>P1>P2,0,
MNE,Montenegro,2018,1,55.0439,58.0839,59.4770,45.0000,46.1366,36.5000,0.5037,,0.8380,0.8757,21083.5883,0.8374,2.8411,68.1439,55.3000,0.5440,0.3650,0.8569,0.8362,0.6103,0.6269,0.3395,2.4563,2.3810,3.0303,2.0754,2.4873,2.4902,0.2069,P3>P4>P5>P1>P2,1,ECI
ZAF,South Africa,2018,1,54.2202,55.7887,55.9438,43.0000,46.8966,35.1000,0.6859,0.4290,0.7496,0.7035,13347.3635,3.8695,0.2338,60.7804,72.9000,0.5224,0.5306,0.7266,0.8359,0.5002,0.6258,0.3365,2.2888,2.3642,1.7016,1.8158,1.6700,2.0354,0.1498,P4>P3>P2>P1>P5,0,
ARM,Armenia,2018,1,47.9755,53.2014,59.3616,35.0000,44.5304,32.8000,0.1888,0.0540,0.7585,0.8458,12877.4938,1.0987,1.1203,65.8279,69.5000,0.4888,0.4855,0.8021,0.8377,0.5396,0.6255,0.3359,1.9952,1.9848,2.5074,1.9138,2.1275,2.1004,0.1745,P4>P3>P5>P1>P2,0,
TTO,Trinidad and Tobago,2018,1,58.5127,54.8664,53.8433,41.0000,42.2370,27.0000,0.0837,-0.0670,0.7421,0.8101,28673.2414,11.2320,,67.8691,54.6000,0.5206,0.4456,0.7761,0.8301,0.6118,0.6240,0.3318,2.2820,1.4300,2.1878,2.2698,2.4864,2.1922,0.1639,P4>P3>P5>P1>P2,1,ODA
RUS,Russian Federation,2018,1,48.1709,42.6375,49.2220,28.0000,29.8654,37.9000,0.9900,0.7000,0.8331,0.8144,28628.5625,14.4735,,59.6066,77.2000,0.4201,0.5689,0.8237,0.8084,0.4764,0.6213,0.3248,1.2815,2.7143,2.6095,2.2219,1.4419,1.9355,0.1872,P3>P4>P2>P5>P1,1,ODA
VNM,Viet Nam,2018,1,51.6995,52.0515,50.2564,33.0000,39.8573,37.9000,0.4165,0.3770,0.6826,0.8323,10009.9715,3.2601,0.5589,64.9676,68.4000,0.4675,0.5400,0.7574,0.8197,0.5398,0.6213,0.3246,1.7553,2.5350,2.0346,1.6866,2.1298,1.9807,0.1539,P4>P3>P2>P5>P1,0,
BRA,Brazil,2018,1,47.3268,50.0545,51.0100,35.0000,39.6038,33.4000,1.1502,0.5320,0.6967,0.8559,15463.7426,3.6176,0.0239,54.8735,68.7000,0.4585,0.5314,0.7763,0.8486,0.4881,0.6213,0.3246,1.6935,2.3300,2.2615,2.0999,1.7128,1.9812,0.1789,P4>P3>P2>P5>P1,0,
TUN,Tunisia,2018,1,53.3457,55.9766,53.0175,43.0000,47.8819,32.9000,0.7165,0.4120,0.6572,0.8518,11841.4062,2.8219,1.9371,56.3282,72.1000,0.5133,0.5181,0.7545,0.8083,0.4812,0.6185,0.3174,2.2058,2.2234,2.0329,1.6025,1.5901,1.9836,0.1537,P4>P3>P2>P1>P5,0,
BIH,Bosnia and Herzegovina,2018,1,38.3791,51.4384,49.8822,38.0000,34.8914,31.1000,0.1920,0.5120,0.7042,0.8914,14858.5590,1.0526,1.7483,60.9490,71.3000,0.4442,0.5181,0.7978,0.8349,0.5077,0.6179,0.3157,1.5619,2.1040,2.5598,1.9548,1.8114,1.9370,0.1815,P4>P3>P2>P5>P1,0,
COL,Colombia,2018,1,49.1253,49.7016,56.5796,36.0000,41.4060,33.8000,0.3123,0.1950,0.6897,0.8704,15239.4049,4.9403,0.5464,54.5255,76.6000,0.4785,0.5031,0.7800,0.8303,0.4535,0.6128,0.3023,1.9256,2.1745,2.3122,1.7620,1.2905,1.9097,0.1807,P4>P3>P2>P1>P5,0,
JAM,Jamaica,2018,1,61.0609,54.5386,57.1862,44.0000,44.3169,30.4000,,-0.4580,0.6640,0.7939,10752.7407,1.7296,0.6169,68.7886,63.1000,0.5420,0.4276,0.7289,0.8326,0.5810,0.6128,0.3021,2.4548,1.4474,1.7258,1.8351,2.4273,2.0833,0.1594,P4>P3>P5>P1>P2,0,
MDA,Moldova,2018,1,47.1483,50.0202,51.9300,33.0000,30.2180,37.6000,0.2563,-0.0150,0.7924,0.7729,11868.1955,0.2620,2.2032,61.8237,69.5000,0.4552,0.5033,0.7827,0.8210,0.5195,0.6123,0.3009,1.6631,2.2529,2.1553,2.0090,1.9246,1.9580,0.1715,P4>P3>P5>P2>P1,0,
UKR,Ukraine,2018,1,44.2785,48.0787,49.3337,32.0000,27.8218,38.5000,0.4711,0.5810,0.7504,0.8241,12554.8486,2.9105,0.9255,41.1917,72.6000,0.4342,0.5613,0.7873,0.8276,0.4035,0.6122,0.3005,1.4442,2.6851,2.3377,1.7335,1.1458,1.7978,0.1965,P4>P3>P2>P1>P5,0,
IND,India,2018,1,61.0922,57.3147,52.4094,41.0000,43.6453,35.2000,0.6600,0.6820,0.5362,0.7756,6714.9664,2.2553,0.0921,54.3030,76.3000,0.5295,0.5538,0.6559,0.8136,0.4536,0.6101,0.2950,2.3012,2.5042,1.2593,1.8311,1.2824,1.9309,0.1390,P4>P3>P2>P1>P5,0,
LKA,Sri Lanka,2018,1,49.4434,55.9735,51.8694,38.0000,43.7113,28.7000,0.1195,-0.3390,0.7319,0.8690,14178.0225,0.0648,-0.2686,61.4579,84.9000,0.4882,0.4297,0.8004,0.8727,0.4535,0.6095,0.2933,2.0145,1.4111,2.5208,3.0559,1.3251,2.1231,0.2104,P4>P3>P1>P5>P2,0,
JOR,Jordan,2018,1,53.0880,59.4753,56.2050,49.0000,49.3577,30.8000,0.6955,0.0320,0.7029,0.8691,9042.3978,0.7191,5.8514,60.3867,76.8000,0.5444,0.4735,0.7860,0.7432,0.4819,0.6085,0.2908,2.4114,1.7964,2.3853,1.5319,1.4918,2.0161,0.1483,P3>P4>P1>P5>P2,0,
DOM,Dominican Republic,2018,1,44.4025,47.5276,52.5809,30.0000,30.7634,29.3000,,0.0110,0.7022,0.8239,17994.8383,0.8689,0.1098,65.9469,69.2000,0.4363,0.4641,0.7631,0.8733,0.5414,0.6065,0.2855,1.4946,1.6556,2.0774,2.4106,2.1540,1.9157,0.1929,P4>P3>P5>P2>P1,0,
IDN,Indonesia,2018,1,56.2688,53.1832,56.0213,38.0000,41.0106,29.8000,0.2263,0.2920,0.6550,0.7705,11372.0972,4.2166,0.0952,56.6225,72.3000,0.5087,0.4918,0.7127,0.8276,0.4819,0.6064,0.2851,2.1712,1.8529,1.4992,1.7841,1.5925,1.8676,0.1568,P4>P3>P1>P2>P5,0,
SWZ,Eswatini,2018,1,42.5741,48.9547,46.9603,38.0000,42.3400,,,0.2960,0.6607,0.5955,8535.2559,3.1438,2.8058,56.5540,87.5000,0.4412,0.6864,0.6281,0.7748,0.4182,0.6043,0.2796,1.5284,2.4000,0.8947,1.3847,1.0098,1.4613,0.1554,P4>P2>P3>P1>P5,1,GII
PHL,Philippines,2018,1,55.5875,45.9533,54.7822,36.0000,34.9238,31.6000,0.3222,0.7150,0.6425,0.7656,8357.7436,0.9438,0.1426,47.6721,85.5000,0.4808,0.5388,0.7040,0.8327,0.3821,0.6005,0.2694,1.8971,2.3330,1.4268,2.0494,0.8042,1.7618,0.1800,P4>P3>P2>P1>P5,0,
PER,Peru,2018,1,48.2136,49.0319,59.5597,35.0000,35.9571,31.8000,0.1268,-0.6840,0.7308,0.8618,13078.2324,5.9560,0.2130,63.0086,70.1000,0.4795,0.4143,0.7963,0.8212,0.5230,0.5993,0.2662,1.9134,1.4820,2.4694,1.7045,1.9449,1.9200,0.1885,P4>P3>P5>P1>P2,0,
KAZ,Kazakhstan,2018,1,49.3257,50.5882,55.7346,31.0000,37.6356,31.4000,0.1168,-0.3520,0.8056,0.8211,25096.1286,20.7830,0.0509,64.0387,63.4000,0.4666,0.4421,0.8134,0.7587,0.5560,0.5972,0.2607,1.7795,1.5999,2.5255,1.8510,2.2035,1.9718,0.1696,P3>P4>P5>P1>P2,0,
KWT,Kuwait,2018,1,53.8323,56.6590,55.1557,41.0000,42.2933,34.4000,0.0633,-0.0610,0.6649,0.9215,51370.7321,45.1523,,69.9272,55.9000,0.5166,0.4832,0.7932,0.6340,0.6167,0.5971,0.2604,2.2378,2.0152,2.4644,2.3052,2.5365,2.3243,0.1214,P3>P4>P5>P1>P2,1,ODA
NAM,Namibia,2018,1,57.4383,60.1184,55.8603,53.0000,56.8134,28.0000,,-0.4990,0.5633,0.6551,9853.7353,1.2628,1.2104,77.7534,68.8000,0.5660,0.4119,0.6092,0.8213,0.6021,0.5908,0.2438,2.5157,1.2431,0.8863,1.7729,2.5324,1.9434,0.1463,P4>P3>P5>P1>P2,0,
LBN,Lebanon,2018,1,41.6245,43.6826,47.4430,28.0000,23.1423,28.2000,,0.3480,0.6738,0.8964,21985.4885,0.0011,2.6442,45.1471,86.8000,0.4019,0.4889,0.7851,0.8472,0.3641,0.5856,0.2299,1.1054,1.7932,2.4189,2.4708,0.7069,1.6391,0.2237,P4>P3>P2>P1>P5,0,
MAR,Morocco,2018,1,45.1924,51.3743,53.0365,43.0000,38.2372,31.1000,,-0.3490,0.5663,0.8299,7801.0986,2.4139,0.6524,58.6099,74.0000,0.4815,0.4408,0.6981,0.8109,0.4847,0.5809,0.2174,1.9338,1.5799,1.7122,1.6469,1.5276,1.7422,0.1623,P4>P3>P5>P1>P2,0,
PRY,Paraguay,2018,1,41.6273,49.1500,52.9433,29.0000,30.2255,28.7000,0.1468,-0.6700,0.6592,0.8250,14139.0931,1.5113,0.4239,65.3173,69.8000,0.4318,0.4000,0.7421,0.8514,0.5358,0.5802,0.2157,1.4351,1.2180,1.8792,2.0333,2.0817,1.7110,0.1972,P4>P3>P5>P1>P2,0,
SLV,El Salvador,2018,1,44.2414,42.6502,54.4819,35.0000,36.1217,25.1000,0.1653,0.1560,0.5512,0.7905,9203.7622,0.6636,1.0324,58.7190,71.2000,0.4409,0.4561,0.6708,0.8248,0.4969,0.5731,0.1968,1.5101,1.4961,1.4034,1.9187,1.6777,1.6146,0.1656,P4>P3>P5>P2>P1,0,
MNG,Mongolia,2018,1,45.5578,53.8686,55.2790,37.0000,36.2392,35.9000,0.1016,-1.3160,0.7715,0.7781,12317.4824,19.8676,2.7932,78.6896,54.9000,0.4793,0.3781,0.7748,0.6824,0.6647,0.5723,0.1946,1.9433,1.4505,2.1133,1.0734,2.8520,1.8874,0.1622,P3>P4>P5>P1>P2,0,
ECU,Ecuador,2018,1,47.1982,43.7624,41.8619,34.0000,35.3370,26.8000,,-1.0110,0.6887,0.8807,12186.8846,7.0964,0.3863,64.7457,74.2000,0.4171,0.3600,0.7847,0.8071,0.5146,0.5641,0.1729,1.2470,0.8900,2.3736,1.5823,1.8392,1.5480,0.2078,P4>P3>P5>P1>P2,0,
UZB,Uzbekistan,2018,1,40.8415,41.5507,36.7621,23.0000,23.3394,,0.1116,-0.5040,0.7257,0.8000,8128.7552,18.6508,1.7575,62.2740,79.1000,0.3554,0.5429,0.7629,0.6863,0.4818,0.5626,0.1689,0.6744,1.3793,2.0535,1.0286,1.5226,1.2141,0.1622,P3>P4>P2>P5>P1,1,GII
EGY,"Egypt, Arab Rep.",2018,1,43.4484,44.2330,43.1497,35.0000,38.2406,27.2000,0.6884,-0.0560,0.6557,0.7842,12329.2447,7.5966,0.8119,44.3372,88.7000,0.4146,0.4476,0.7199,0.7973,0.3521,0.5542,0.1467,1.2510,1.4735,1.5814,1.4640,0.6130,1.2903,0.1987,P4>P3>P2>P1>P5,0,
GAB,Gabon,2018,1,36.1833,43.6594,42.9318,31.0000,31.2544,,,-0.7720,0.6535,0.7237,15432.0431,21.1603,0.7426,59.1736,72.5000,0.3844,0.4948,0.6886,0.7196,0.4938,0.5508,0.1377,0.9665,1.1034,1.3452,1.3948,1.6264,1.2486,0.1427,P4>P3>P2>P5>P1,1,GII
KGZ,Kyrgyz Republic,2018,1,40.8045,45.0519,49.3391,29.0000,26.7107,27.6000,0.1011,-0.1610,0.7376,0.7795,4777.9418,4.6705,5.4729,60.3640,78.6000,0.4105,0.4402,0.7586,0.6902,0.4743,0.5499,0.1351,1.2066,1.3928,1.9671,0.9550,1.4372,1.3549,0.1583,P3>P4>P5>P2>P1,0,
AZE,Azerbaijan,2018,1,48.3097,45.7200,51.7005,25.0000,29.5058,30.2000,0.1842,-0.8310,0.7247,0.8156,15282.9995,27.6209,0.1949,59.8006,74.6000,0.4268,0.3931,0.7702,0.6852,0.4882,0.5449,0.1219,1.3763,1.2522,2.1405,1.4963,1.5527,1.5460,0.1661,P3>P4>P5>P1>P2,0,
NIC,Nicaragua,2018,1,36.3552,34.4970,46.1259,25.0000,23.1968,,,-1.0170,0.6298,0.8289,5935.1669,2.0269,2.8599,46.9002,75.3000,0.3549,0.4508,0.7293,0.7626,0.4208,0.5419,0.1140,0.7394,0.8000,1.7853,1.3712,1.1036,1.1078,0.1882,P4>P3>P2>P5>P1,1,GII
IRN,"Iran, Islamic Rep.",2018,1,46.0373,40.2871,34.4704,28.0000,28.7857,33.4000,0.7883,-0.1080,0.7488,0.8711,15324.0675,34.2396,0.0402,49.3491,84.3000,0.3720,0.4740,0.8099,0.6437,0.3955,0.5418,0.1137,0.8868,1.9024,2.6141,1.5887,0.8838,1.4643,0.1851,P3>P4>P2>P5>P1,0,
GTM,Guatemala,2018,1,36.4630,40.0835,48.7004,27.0000,28.1792,25.5000,0.0294,-0.1450,0.4842,0.7922,9946.8025,1.1939,0.5561,54.2171,81.8000,0.3806,0.4311,0.6382,0.8332,0.4303,0.5402,0.1096,0.9197,1.2796,1.2155,1.8970,1.1267,1.2588,0.1903,P4>P3>P2>P5>P1,0,
LAO,Lao PDR,2018,1,38.7184,42.1980,42.3607,29.0000,25.3843,,,-0.9890,0.4874,0.7322,7486.8645,3.8788,3.3921,70.4235,80.7000,0.3807,0.4559,0.6098,0.7533,0.5159,0.5334,0.0913,0.8711,0.9103,0.9800,1.2214,1.8143,1.1241,0.1444,P4>P3>P5>P2>P1,1,GII
GHA,Ghana,2018,1,51.0707,60.4057,52.2003,41.0000,45.0165,24.5000,,-1.1030,0.5150,0.6790,5536.4980,9.7904,1.6621,65.3471,68.1000,0.5117,0.3402,0.5970,0.7272,0.5430,0.5321,0.0880,2.1594,0.6623,0.7654,1.0613,2.1756,1.5163,0.1405,P4>P3>P5>P1>P2,0,
BOL,Bolivia,2018,1,44.2577,34.8524,41.4800,29.0000,31.1809,22.9000,0.0664,-1.4640,0.7432,0.7338,10758.4076,5.3717,1.5364,62.6257,75.2000,0.3740,0.2998,0.7385,0.7930,0.4998,0.5247,0.0685,0.8769,0.3656,1.8546,1.4373,1.6655,1.2037,0.2181,P4>P3>P5>P1>P2,0,
KEN,Kenya,2018,1,44.6332,48.1747,50.1415,27.0000,30.9704,31.1000,,-0.3510,0.5697,0.6588,4411.5610,1.3613,2.7430,46.7693,97.4000,0.4249,0.4407,0.6142,0.7537,0.3280,0.5228,0.0633,1.3422,1.5661,0.9433,1.4088,0.4478,1.1956,0.1698,P4>P3>P2>P1>P5,0,
HND,Honduras,2018,1,41.0906,38.1423,47.3013,29.0000,28.2291,24.9000,0.0639,-0.4290,0.4839,0.8000,5633.3832,1.0718,2.9990,51.1299,77.3000,0.3888,0.4027,0.6420,0.7639,0.4336,0.5224,0.0623,0.9984,1.0940,1.2410,1.4976,1.1409,1.1842,0.1678,P4>P3>P5>P2>P1,0,
DZA,Algeria,2018,1,45.7170,42.2739,38.4568,35.0000,36.9545,23.9000,0.4787,-1.3540,0.6479,0.8547,13727.1266,20.7172,0.0760,55.0131,75.8000,0.4036,0.3147,0.7513,0.7276,0.4592,0.5213,0.0593,1.1395,0.5043,2.0117,1.5397,1.3516,1.3092,0.1971,P3>P4>P5>P1>P2,0,
KHM,Cambodia,2018,1,41.9077,35.9827,45.5449,20.0000,18.9375,26.7000,,-0.3270,0.4603,0.7691,5616.9809,0.8782,2.4619,64.0933,84.0000,0.3586,0.4208,0.6147,0.7740,0.4705,0.5196,0.0550,0.8189,1.2741,1.0098,1.5959,1.4941,1.1893,0.1670,P4>P3>P5>P2>P1,0,
NPL,Nepal,2018,1,33.5609,50.6451,45.5328,31.0000,32.9082,24.2000,,-0.2080,0.4939,0.7544,3956.1246,0.4242,4.3578,57.4256,87.9000,0.4018,0.4190,0.6241,0.7274,0.4209,0.5176,0.0495,1.1843,1.1430,1.0417,1.4469,1.0179,1.1930,0.1482,P4>P3>P5>P2>P1,0,
SEN,Senegal,2018,1,49.6678,54.5951,51.3528,45.0000,48.4036,26.5000,,-0.7580,0.3502,0.7289,3380.2160,2.8866,4.4371,63.4672,79.6000,0.5015,0.3812,0.5395,0.7015,0.4857,0.5175,0.0492,2.1006,0.9941,0.6990,1.0182,1.5275,1.4232,0.1163,P4>P3>P1>P5>P2,0,
BGD,Bangladesh,2018,1,39.2970,41.3094,42.4745,26.0000,25.6604,23.1000,,-0.6180,0.5296,0.8019,5490.1588,0.6492,0.9110,48.3828,90.3000,0.3727,0.3767,0.6657,0.8002,0.3657,0.5171,0.0483,0.7949,0.8329,1.4127,1.8019,0.6397,1.0840,0.2036,P4>P3>P2>P1>P5,0,
TKM,Turkmenistan,2018,1,33.4163,31.4367,27.1249,20.0000,18.4703,,0.0800,-1.2440,0.7021,0.7580,14368.4621,20.0690,0.0524,63.6450,72.6000,0.2799,0.4101,0.7300,0.7347,0.5157,0.5170,0.0480,0.3461,0.5793,1.6978,1.5873,1.8318,1.0868,0.1993,P4>P3>P5>P2>P1,1,GII
TZA,Tanzania,2018,1,42.2802,47.4632,44.6665,36.0000,40.9806,28.1000,,-0.0250,0.4177,0.6998,2727.8801,3.6116,4.3559,54.5493,79.4000,0.4260,0.4549,0.5587,0.6870,0.4419,0.5136,0.0388,1.3847,1.5487,0.6603,0.9161,1.2215,1.1874,0.1099,P4>P3>P2>P5>P1,0,
RWA,Rwanda,2018,1,56.7311,54.4965,56.7957,56.0000,56.6844,26.5000,0.7585,-0.5990,0.4611,0.7131,2125.4952,4.7139,12.0525,68.6248,89.3000,0.5601,0.3954,0.5871,0.5385,0.4710,0.5111,0.0323,2.4920,1.0768,0.8356,0.6275,1.4641,1.5023,0.0773,P3>P1>P4>P5>P2,0,
TJK,Tajikistan,2018,1,37.9434,38.0306,42.7259,25.0000,20.5637,26.5000,0.0940,-1.0290,0.6815,0.7806,3069.1039,5.4004,4.4908,54.4067,79.5000,0.3592,0.3568,0.7310,0.6789,0.4408,0.5051,0.0163,0.7145,0.8010,1.6857,0.8011,1.1910,0.9836,0.1791,P3>P4>P5>P1>P2,0,
BEN,Benin,2018,1,44.2934,49.5306,47.7353,40.0000,41.9414,20.6000,,-0.6370,0.4068,0.6109,2965.3063,2.6083,4.0449,68.7128,75.7000,0.4539,0.3625,0.5089,0.7032,0.5281,0.4993,0.0010,1.6438,0.7080,0.3316,1.0373,1.9232,1.2333,0.1250,P4>P5>P3>P1>P2,0,
MMR,Myanmar,2018,1,25.6753,36.7673,41.9834,29.0000,32.3109,,0.0588,-1.0070,0.5152,0.7113,5581.2770,6.7028,2.5943,43.7246,96.1000,0.3336,0.4526,0.6133,0.7327,0.3182,0.4976,-0.0037,0.6231,0.8552,0.9399,1.0845,0.4404,0.7779,0.1799,P4>P3>P2>P1>P5,1,GII
ZMB,Zambia,2018,1,41.5797,48.6730,47.9652,35.0000,35.3754,20.7000,,-0.5390,0.5402,0.6483,3442.2731,11.7483,3.8615,60.9123,87.2000,0.4330,0.3718,0.5942,0.6530,0.4412,0.4948,-0.0110,1.4111,0.7949,0.7981,0.6909,1.1950,1.0561,0.1190,P4>P3>P5>P1>P2,0,
PAK,Pakistan,2018,1,41.4758,42.5142,44.4173,33.0000,28.3402,24.1000,0.1747,-0.4450,0.3619,0.7151,4979.3735,1.2412,0.3955,31.9741,96.3000,0.4035,0.3972,0.5385,0.7998,0.2586,0.4937,-0.0138,1.1139,1.0167,0.6894,1.7299,0.3020,1.0358,0.2046,P4>P3>P1>P2>P5,0,
CIV,Cote d'Ivoire,2018,1,41.4644,46.2410,50.1745,35.0000,38.0747,20.0000,0.0698,-1.1640,0.4290,0.6122,4945.6252,3.1100,1.6875,50.2089,94.6000,0.4322,0.3122,0.5206,0.7655,0.3569,0.4790,-0.0528,1.4066,0.3669,0.3938,1.3390,0.6343,0.9656,0.1794,P4>P3>P1>P5>P2,0,
UGA,Uganda,2018,1,41.6890,45.0276,48.5369,26.0000,27.0136,25.3000,,-0.7290,0.5175,0.7042,2312.0575,8.3889,6.0797,53.2612,95.1000,0.4031,0.3778,0.6109,0.6179,0.3701,0.4780,-0.0556,1.1352,0.9603,0.8785,0.5424,0.7141,0.8933,0.1270,P4>P3>P1>P2>P5,0,
MRT,Mauritania,2018,1,35.1171,42.7838,42.8482,27.0000,29.7490,,0.0102,-1.5080,0.3877,0.7295,5429.2322,2.8083,6.0310,53.1084,92.2000,0.3694,0.3628,0.5586,0.6999,0.3814,0.4729,-0.0691,0.8215,0.3310,0.8030,1.0996,0.7831,0.8027,0.1501,P4>P3>P5>P1>P2,1,GII
ETH,Ethiopia,2018,1,40.9791,43.3015,41.5148,34.0000,38.6140,,0.2744,-1.0020,0.3248,0.6963,2095.3176,6.3689,5.9555,45.3038,99.6000,0.3995,0.4535,0.5106,0.6283,0.3115,0.4722,-0.0710,1.0326,0.8828,0.4627,0.6098,0.3908,0.7420,0.1190,P4>P3>P2>P1>P5,1,GII
HTI,Haiti,2018,1,17.2801,36.8029,35.2779,20.0000,18.7556,,,-0.9720,0.4857,0.6781,3196.9739,0.4403,6.1815,52.7965,102.0000,0.2734,0.4589,0.5819,0.6859,0.3390,0.4705,-0.0753,0.3260,0.9379,0.6824,1.2724,0.5503,0.7032,0.1696,P4>P3>P2>P5>P1,1,GII
ZWE,Zimbabwe,2018,1,30.9765,34.6906,33.2992,22.0000,21.3156,23.1000,,-1.1160,0.5903,0.6293,3992.8907,3.3782,2.3769,51.8108,102.3000,0.3024,0.3320,0.6098,0.7412,0.3328,0.4621,-0.0978,0.3743,0.5294,0.8513,1.1799,0.4988,0.6587,0.1993,P4>P3>P5>P2>P1,0,
TGO,Togo,2018,1,33.0529,45.0065,44.0958,30.0000,32.5733,18.9000,,-1.0970,0.5225,0.6246,2067.0664,4.8736,4.7768,50.9850,85.2000,0.3804,0.3127,0.5736,0.6573,0.3999,0.4594,-0.1048,0.9781,0.3983,0.6224,0.7345,0.9080,0.7841,0.1443,P4>P3>P5>P1>P2,0,
CMR,Cameroon,2018,1,38.1570,37.3033,42.6462,25.0000,25.2600,23.8000,,-1.3980,0.5349,0.6337,4010.7636,6.1046,2.9716,40.7994,95.3000,0.3578,0.3102,0.5843,0.7133,0.3069,0.4572,-0.1107,0.6952,0.4747,0.7155,0.9551,0.4034,0.6776,0.1842,P4>P3>P1>P2>P5,0,
AGO,Angola,2018,1,32.3153,37.8513,38.1066,19.0000,23.9337,,0.0323,-1.6040,0.5255,0.6557,8278.3689,32.0454,0.1951,58.9625,89.4000,0.3182,0.3455,0.5906,0.6240,0.4223,0.4511,-0.1270,0.4577,0.3034,0.7559,1.2122,0.9988,0.7243,0.1402,P4>P3>P5>P2>P1,1,GII
MDG,Madagascar,2018,1,34.0798,43.3272,40.8234,25.0000,29.2618,24.8000,0.0127,-1.3420,0.4435,0.6691,1546.5956,5.1699,5.6502,52.8686,83.6000,0.3581,0.3203,0.5563,0.6258,0.4160,0.4476,-0.1362,0.7037,0.5816,0.5785,0.6555,1.0319,0.7153,0.1309,P4>P3>P5>P1>P2,0,
MWI,Malawi,2018,1,39.0186,51.9283,44.2673,32.0000,31.3138,23.1000,0.1775,-1.0230,0.4579,0.6841,1363.7945,5.2081,13.3845,59.2381,85.5000,0.4180,0.3404,0.5710,0.4901,0.4399,0.4458,-0.1409,1.2774,0.5846,0.6506,0.5418,1.1811,0.9234,0.0857,P3>P4>P5>P1>P2,0,
COG,"Congo, Rep.",2018,1,32.3427,36.2276,36.3825,19.0000,20.1367,,,-1.4870,0.6044,0.6842,5593.1937,42.6682,1.0505,54.1142,93.1000,0.3099,0.3665,0.6443,0.5187,0.3827,0.4400,-0.1564,0.4238,0.3586,1.0567,0.9179,0.7799,0.6753,0.1355,P3>P4>P5>P2>P1,1,GII
BFA,Burkina Faso,2018,1,41.9627,49.9736,48.1794,41.0000,44.6661,18.9000,0.1744,-1.1270,0.3126,0.6150,2073.3235,8.8762,7.7174,49.4638,86.5000,0.4528,0.3101,0.4638,0.5817,0.3869,0.4385,-0.1603,1.6345,0.3569,0.2059,0.4627,0.8148,0.8651,0.1006,P4>P3>P1>P5>P2,0,
LBY,Libya,2018,1,21.1720,29.9700,22.3305,17.0000,17.1684,,,-1.7620,0.6321,0.8177,18879.3151,31.6169,0.3907,26.8815,94.6000,0.2262,0.3172,0.7249,0.6661,0.2402,0.4381,-0.1615,0.1554,0.2207,1.7444,1.5450,0.3348,0.7276,0.2413,P3>P4>P2>P5>P1,1,GII
GNQ,Equatorial Guinea,2018,1,32.1944,28.9573,31.2711,16.0000,17.1048,,,-2.1810,0.5938,0.6448,18413.1294,27.8024,0.0671,59.3885,83.4000,0.2711,0.2420,0.6193,0.6957,0.4494,0.4362,-0.1664,0.2510,0.0828,0.9232,1.6674,1.2750,0.7829,0.2026,P4>P3>P5>P1>P2,1,GII
PNG,Papua New Guinea,2018,1,37.7947,45.4589,47.4962,28.0000,28.8278,,0.0316,-2.3980,0.4505,0.6941,3909.9157,16.9219,3.4696,52.2818,84.8000,0.3969,0.2031,0.5723,0.6316,0.4081,0.4316,-0.1787,1.0659,0.0276,0.6607,0.6708,0.9788,0.7630,0.1682,P4>P3>P5>P1>P2,1,GII
LBR,Liberia,2018,1,28.0520,42.6621,41.2374,32.0000,27.9025,,,-0.8950,0.4630,0.6308,1799.7275,14.0250,19.8929,65.5774,92.6000,0.3599,0.4727,0.5469,0.3372,0.4421,0.4292,-0.1851,0.7918,0.9931,0.5178,0.2905,1.3033,0.7676,0.0854,P3>P2>P5>P1>P4,1,GII
NGA,Nigeria,2018,1,34.8940,42.9582,41.7722,27.0000,24.6725,22.4000,0.2844,-2.1980,0.5067,0.5026,7158.1711,9.7985,0.8047,33.6874,99.9000,0.3666,0.2315,0.5047,0.7547,0.2522,0.4266,-0.1919,0.7580,0.1704,0.4264,1.2358,0.2636,0.6409,0.2155,P4>P3>P1>P5>P2,0,
IRQ,Iraq,2018,1,30.4485,32.3181,36.5493,18.0000,17.9626,,0.0428,-1.6130,0.5550,0.7864,12034.4011,46.1478,1.0197,28.7944,102.2000,0.2933,0.3439,0.6707,0.5356,0.2181,0.4224,-0.2032,0.3420,0.2759,1.4143,1.1423,0.1816,0.6414,0.1861,P3>P4>P2>P1>P5,1,GII
NER,Niger,2018,1,39.4264,47.0779,44.3918,34.0000,38.8030,20.6000,,-0.5690,0.2379,0.6118,1275.9964,6.7961,9.7606,45.5558,96.2000,0.4122,0.3686,0.4249,0.5365,0.3269,0.4202,-0.2090,1.2171,0.7494,0.1335,0.4825,0.4678,0.7189,0.0787,P4>P3>P1>P2>P5,0,
MLI,Mali,2018,1,32.3050,44.0300,45.1637,32.0000,32.7783,23.3000,0.1331,-0.8660,0.2593,0.5980,2684.4112,7.7427,7.8404,33.8103,93.6000,0.3837,0.3555,0.4286,0.6005,0.2791,0.4185,-0.2133,1.0109,0.7622,0.1029,0.5653,0.4193,0.6547,0.1199,P4>P3>P1>P2>P5,0,
SDN,Sudan,2018,1,22.3317,33.4210,31.1206,16.0000,17.1188,,,-1.9110,0.3554,0.7000,4199.2505,6.1477,3.1701,36.5747,108.7000,0.2572,0.2905,0.5277,0.7121,0.2300,0.4079,-0.2416,0.2116,0.1931,0.5351,0.9351,0.2043,0.4062,0.2091,P4>P3>P2>P1>P5,1,GII
GIN,Guinea,2018,1,35.0463,37.9630,42.2011,28.0000,25.2339,20.7000,,-1.7080,0.3439,0.6007,2844.4643,13.7024,5.6016,49.9997,101.6000,0.3580,0.2669,0.4723,0.6011,0.3267,0.4036,-0.2530,0.7164,0.2432,0.1756,0.5383,0.4649,0.4902,0.1327,P4>P3>P1>P5>P2,0,
MOZ,Mozambique,2018,1,37.9801,40.0831,43.3276,23.0000,30.1921,23.1000,,-1.4770,0.4021,0.6275,1325.5870,16.3976,12.3795,52.2626,88.7000,0.3610,0.2997,0.5148,0.4308,0.3917,0.3935,-0.2799,0.7332,0.3915,0.3827,0.2885,0.8062,0.5560,0.0803,P3>P4>P5>P1>P2,0,
COD,"Congo, Dem. Rep.",2018,1,21.8032,28.4473,34.4347,20.0000,16.8537,,,-2.0670,0.5186,0.6142,1048.8650,18.4168,5.5919,33.4955,110.7000,0.2617,0.2625,0.5664,0.5184,0.2062,0.3686,-0.3458,0.2633,0.1655,0.5915,0.3540,0.1544,0.3045,0.1662,P3>P4>P2>P1>P5,1,GII
AFG,Afghanistan,2018,1,19.6224,28.2766,34.3129,16.0000,16.6860,,,-1.3250,0.3780,0.6530,2432.2767,0.8553,20.7302,21.7828,106.6000,0.2455,0.3956,0.5155,0.4387,0.1647,0.3676,-0.3485,0.1730,0.5241,0.4438,0.9703,0.1204,0.4218,0.1437,P3>P4>P2>P1>P5,1,GII
TCD,Chad,2018,1,28.4343,33.6020,37.1357,19.0000,18.2937,,0.2329,-2.1180,0.2915,0.4992,2227.8134,20.9399,5.7726,42.6578,108.3000,0.2954,0.2533,0.3953,0.5374,0.2620,0.3499,-0.3953,0.3703,0.1103,0.0724,0.3675,0.2735,0.2713,0.1196,P4>P3>P1>P5>P2,1,GII
YEM,"Yemen, Rep.",2018,1,13.7019,27.9602,31.3976,14.0000,12.3708,15.0000,,-2.1020,0.3566,0.7064,,4.8787,38.0320,19.3591,112.7000,0.2176,0.2031,0.5315,0.4512,0.1272,0.3144,-0.4895,0.1223,0.0848,0.6071,0.6828,0.0434,0.2949,0.1749,P3>P4>P1>P2>P5,1,GDPpcPPP
BDI,Burundi,2018,1,31.3256,33.1410,39.4725,17.0000,18.2082,,0.2131,,0.3831,0.6432,823.0131,13.4318,15.4647,38.1594,97.4000,0.3023,,0.5131,0.3746,0.2850,,,0.3698,,0.4234,0.2726,0.3319,,0.1038,P3>P4>P1>P5,2,GII; ECI
BTN,Bhutan,2018,1,61.8106,68.4520,54.1178,68.0000,77.2441,,,,0.5107,0.7956,11969.5615,1.9885,4.5668,84.9434,74.3000,0.6310,,0.6532,0.7706,0.6151,,,2.8518,,1.2986,1.4710,2.7265,,0.0705,P4>P3>P1>P5,2,GII; ECI
CAF,Central African Republic,2018,1,21.5152,30.2298,33.2912,26.0000,23.1421,,,,0.3245,0.4969,905.8178,11.1787,26.8587,33.5481,111.1000,0.2776,,0.4107,0.3189,0.2048,,,0.3278,,0.0830,0.2554,0.1528,,0.0859,P3>P4>P1>P5,2,GII; ECI
COM,Comoros,2018,1,25.8019,41.2317,35.2889,27.0000,27.1369,,,,0.5298,0.6985,3276.0094,1.5519,7.6746,58.9315,82.6000,0.3233,,0.6141,0.6549,0.4505,,,0.5342,,0.9000,1.0519,1.2588,,0.1530,P4>P3>P5>P1,2,GII; ECI
CPV,Cabo Verde,2018,1,58.0568,69.7019,51.5976,57.0000,65.5147,,,,0.5291,0.8437,7916.4212,14.3437,3.9047,80.2221,68.0000,0.5909,,0.6864,0.6779,0.6178,,,2.5866,,1.6381,0.9009,2.7529,,0.0464,P3>P4>P5>P1,2,GII; ECI
DJI,Djibouti,2018,1,36.3295,39.9848,43.1940,31.0000,31.2253,,,,0.2885,0.6785,5083.1108,0.2790,6.4669,60.8260,87.1000,0.3763,,0.4835,0.7061,0.4412,,,0.8797,,0.3697,1.4681,1.2022,,0.1432,P4>P3>P5>P1,2,GII; ECI
GMB,"Gambia, The",2018,1,41.5730,49.0648,43.6367,37.0000,39.3950,,0.0693,,0.3772,0.6774,2277.4424,2.7225,14.2633,63.9222,87.1000,0.4282,,0.5273,0.5185,0.4567,,,1.3932,,0.4846,0.7657,1.3568,,0.0480,P3>P4>P5>P1,2,GII; ECI
GNB,Guinea-Bissau,2018,1,27.3204,37.4490,35.1107,16.0000,15.5452,,,,0.4079,0.6408,2057.9697,9.8889,10.2196,54.8022,98.1000,0.2897,,0.5243,0.5329,0.3653,,,0.3282,,0.4548,0.4050,0.6919,,0.1202,P4>P3>P5>P1,2,GII; ECI
GRD,Grenada,2018,1,48.3348,64.2218,52.5309,52.0000,56.2891,,,,0.7730,0.8455,15974.8592,0.0000,3.0136,81.5431,59.9000,0.5427,,0.8093,0.8246,0.6581,,,2.3477,,2.5649,2.3504,2.9955,,0.1337,P4>P3>P5>P1,2,GII; ECI
GUY,Guyana,2018,1,49.6879,49.9039,47.5345,37.0000,40.4082,,,,0.6359,0.7512,12442.5087,6.6086,2.2220,65.1929,70.4000,0.4603,,0.6935,0.7808,0.5326,,,1.7296,,1.3753,1.3727,2.0383,,0.1465,P4>P3>P5>P1,2,GII; ECI
LSO,Lesotho,2018,1,39.0551,51.1611,46.7109,41.0000,48.2722,,,,0.5518,0.5329,2632.2878,3.6096,5.0532,63.5065,80.1000,0.4448,,0.5423,0.6735,0.4838,,,1.5367,,0.6242,0.8579,1.5260,,0.1000,P4>P3>P5>P1,2,GII; ECI
MDV,Maldives,2018,1,45.3455,46.1911,51.2838,31.0000,29.7800,,,,0.5694,0.9144,21899.4293,0.0026,2.6757,63.5713,72.4000,0.4346,,0.7419,0.8465,0.5162,,,1.4634,,2.2252,2.4444,1.8559,,0.1919,P4>P3>P5>P1,2,GII; ECI
SLB,Solomon Islands,2018,1,29.9330,54.1718,40.4844,44.0000,44.8627,,,,0.5089,0.7662,2493.9768,22.3397,12.2618,72.4136,83.1000,0.4215,,0.6376,0.4257,0.5158,,,1.3622,,1.0933,0.2914,1.8563,,0.1014,P3>P5>P4>P1,2,GII; ECI
SLE,Sierra Leone,2018,1,32.3906,44.2858,40.3917,30.0000,37.0949,,,,0.3647,0.6009,2640.4757,8.5553,8.0382,62.3662,89.1000,0.3677,,0.4828,0.5910,0.4406,,,0.8367,,0.2588,0.5229,1.1952,,0.0933,P4>P3>P5>P1,2,GII; ECI
STP,Sao Tome and Principe,2018,1,43.9278,48.4455,41.7972,46.0000,51.0236,,,,0.5386,0.7323,3941.0328,2.3369,13.5337,73.8647,72.1000,0.4504,,0.6354,0.5615,0.5689,,,1.5336,,1.1569,0.9395,2.2857,,0.0767,P3>P5>P4>P1,2,GII; ECI
SUR,Suriname,2018,1,48.8805,52.4780,43.4305,43.0000,42.0124,,,,0.5823,0.7918,17855.4787,8.4439,0.3933,68.4515,64.0000,0.4695,,0.6870,0.8177,0.5756,,,1.7823,,1.5178,1.7168,2.3437,,0.1494,P4>P3>P5>P1,2,GII; ECI
SYC,Seychelles,2018,1,63.9890,64.4455,58.8493,66.0000,64.3795,,0.2017,,0.8717,0.8027,32091.2989,0.1215,1.0369,79.2192,56.8000,0.6332,,0.8372,0.8927,0.6594,,,2.9214,,2.7040,2.5929,2.8248,,0.1287,P4>P3>P5>P1,2,GII; ECI
SYR,Syrian Arab Republic,2018,1,22.7528,26.3838,30.4498,13.0000,15.6454,,,,0.4096,0.7288,3455.8923,3.3504,48.2449,24.4910,111.4000,0.2315,,0.5692,0.4402,0.1583,,,0.1308,,0.8242,0.7634,0.0739,,0.1888,P3>P4>P1>P5,2,GII; ECI
TLS,Timor-Leste,2018,1,32.3197,41.0489,40.0787,35.0000,35.9245,,,,0.5548,0.7108,3561.2877,62.7690,9.2876,70.1430,88.3000,0.3711,,0.6328,0.3093,0.4828,,,0.8325,,1.0859,0.3528,1.5574,,0.1420,P3>P5>P1>P4,2,GII; ECI
CHE,Switzerland,2024,1,87.1232,87.3184,82.7949,81.0000,88.4840,67.4700,3.2218,1.5840,0.9280,0.9839,96497.6948,,,82.6458,17.8000,0.8456,0.7961,0.9560,0.9514,0.8391,0.8758,1.0000,3.8992,3.9586,3.8556,3.5027,3.5978,3.8126,0.0720,P3>P4>P1>P5>P2,2,ResRents; ODA
SGP,Singapore,2024,1,95.6656,81.5962,88.4893,84.0000,87.6926,61.1800,1.8082,1.5200,0.8647,0.9806,150689.3016,,,86.9368,25.5000,0.8744,0.7589,0.9226,0.9858,0.8284,0.8729,0.9922,3.9019,3.8997,3.6071,3.5521,3.6600,3.7848,0.0869,P4>P3>P1>P5>P2,2,ResRents; ODA
FIN,Finland,2024,1,86.6734,91.7522,85.8303,88.0000,92.2260,59.4400,3.0938,1.1460,0.9327,0.9525,65378.3842,,,80.1160,16.0000,0.8806,0.7166,0.9426,0.9212,0.8339,0.8555,0.9461,3.9554,3.6891,3.6508,3.2969,3.5235,3.7055,0.0898,P3>P4>P1>P5>P2,2,ResRents; ODA
DNK,Denmark,2024,1,88.5349,91.4604,85.3128,90.0000,94.1568,57.1100,3.0484,1.0120,0.9342,0.9528,81878.2350,,,79.0280,17.9000,0.8883,0.6930,0.9435,0.9387,0.8206,0.8538,0.9416,3.9708,3.5750,3.6714,3.4369,3.4224,3.7087,0.1041,P3>P4>P1>P5>P2,2,ResRents; ODA
SWE,Sweden,2024,1,85.8477,86.6825,81.2294,80.0000,87.6822,64.5200,3.5998,1.2360,0.9247,0.9733,71844.9130,,,76.2033,20.6000,0.8344,0.7501,0.9490,0.9285,0.7952,0.8512,0.9346,3.8394,3.8194,3.7529,3.3463,3.2714,3.6715,0.0854,P3>P4>P1>P5>P2,2,ResRents; ODA
NOR,Norway,2024,1,87.1769,90.5162,81.2082,81.0000,87.5486,49.0600,1.8514,0.7260,0.9373,0.9740,102037.5268,,,81.3236,14.5000,0.8498,0.6271,0.9556,0.9557,0.8462,0.8361,0.8947,3.8845,3.1613,3.8356,3.5109,3.5556,3.6797,0.1342,P4>P3>P1>P5>P2,2,ResRents; ODA
NLD,Netherlands,2024,1,85.4064,86.3420,82.0185,78.0000,86.5164,58.8300,2.2672,0.9480,0.9223,0.9563,86173.6291,,,73.2074,21.0000,0.8294,0.6958,0.9393,0.9426,0.7785,0.8355,0.8932,3.8242,3.5499,3.6399,3.4780,3.1153,3.6091,0.1061,P4>P3>P1>P5>P2,2,ResRents; ODA
IRL,Ireland,2024,1,82.6756,84.3525,83.1636,77.0000,79.6864,49.9600,1.5883,1.1930,0.8908,0.9602,133437.4701,,,78.0218,19.5000,0.8180,0.6735,0.9255,0.9764,0.8089,0.8341,0.8895,3.7840,3.5500,3.5979,3.5439,3.3655,3.6420,0.1174,P4>P3>P1>P5>P2,2,ResRents; ODA
JPN,Japan,2024,1,91.9378,82.9800,75.8330,71.0000,75.3229,54.1200,3.4413,1.7290,0.8537,0.9956,52039.1717,,,85.2704,30.5000,0.8044,0.7423,0.9246,0.9036,0.7993,0.8323,0.8845,3.7118,3.8195,3.5651,3.1488,3.5573,3.6043,0.0767,P3>P4>P1>P5>P2,2,ResRents; ODA
DEU,Germany,2024,1,81.4068,84.9456,78.4893,75.0000,83.7516,58.0800,3.1539,1.3560,0.9574,0.9443,73551.9348,,,68.0171,24.6000,0.7996,0.7287,0.9508,0.9304,0.7376,0.8321,0.8840,3.7102,3.8107,3.6512,3.3710,2.9079,3.5567,0.1054,P3>P4>P1>P5>P2,2,ResRents; ODA
KOR,"Korea, Rep.",2024,1,80.2484,76.1969,70.8499,64.0000,65.0512,60.9300,4.9435,1.6000,0.8857,0.9897,61051.3493,,,76.8155,31.5000,0.7282,0.7648,0.9377,0.9160,0.7528,0.8193,0.8500,3.4375,3.8972,3.7310,3.2311,3.1968,3.5080,0.0988,P3>P4>P2>P5>P1,2,ResRents; ODA
NZL,New Zealand,2024,1,87.2961,85.6628,83.9531,83.0000,86.8915,45.8600,1.5485,0.5230,0.9294,0.9552,55551.1437,,,85.5494,16.7000,0.8498,0.5929,0.9423,0.9086,0.8582,0.8167,0.8431,3.9057,2.9770,3.6712,3.1899,3.7346,3.5974,0.1380,P3>P4>P5>P1>P2,2,ResRents; ODA
CAN,Canada,2024,1,85.5449,82.1066,76.3468,75.0000,80.8872,52.9100,1.7908,0.7780,0.9037,0.9635,64610.3795,,,76.1173,18.9000,0.7975,0.6510,0.9336,0.9203,0.8018,0.8131,0.8336,3.7007,3.3355,3.6496,3.2887,3.2953,3.5275,0.1144,P3>P4>P5>P1>P2,2,ResRents; ODA
GBR,United Kingdom,2024,1,74.3799,78.8208,78.6972,71.0000,78.4146,61.0500,2.6761,1.2460,0.9444,0.9431,62009.4908,,,70.2965,41.9000,0.7572,0.7337,0.9438,0.9172,0.6769,0.8126,0.8323,3.5757,3.7881,3.6306,3.2476,2.7744,3.4583,0.1179,P3>P4>P1>P2>P5,2,ResRents; ODA
AUT,Austria,2024,1,80.7887,85.8398,76.1710,67.0000,74.0564,50.2800,3.2552,1.2490,0.8644,0.9532,73911.4397,,,74.2917,24.4000,0.7745,0.6801,0.9088,0.9307,0.7698,0.8085,0.8215,3.6371,3.6215,3.4018,3.3792,3.1509,3.5041,0.1049,P4>P3>P1>P5>P2,2,ResRents; ODA
AUS,Australia,2024,1,86.5156,82.2714,82.0262,77.0000,85.3425,48.1000,,0.1310,0.9290,0.9834,72111.1845,,,79.4447,22.0000,0.8195,0.5689,0.9562,0.9288,0.8056,0.8047,0.8113,3.7891,2.6761,3.8557,3.3545,3.4037,3.5221,0.1529,P3>P4>P1>P5>P2,2,ResRents; ODA
USA,United States,2024,1,77.7839,73.5178,76.1935,65.0000,69.8552,62.3800,3.4472,1.1220,0.9060,0.9124,85809.9004,,,64.2697,45.3000,0.7312,0.7292,0.9092,0.9423,0.6326,0.7987,0.7953,3.4589,3.7354,3.4036,3.4698,2.4740,3.3707,0.1316,P4>P3>P1>P2>P5,2,ResRents; ODA
EST,Estonia,2024,1,76.5592,82.5475,76.9066,76.0000,81.6444,52.3100,1.8388,0.8900,0.8956,0.9100,49968.7108,,,77.8443,38.6000,0.7800,0.6580,0.9028,0.9005,0.7284,0.7930,0.7803,3.6678,3.4020,3.3416,3.0994,3.1491,3.4158,0.1074,P3>P4>P1>P5>P2,2,ResRents; ODA
BEL,Belgium,2024,1,74.5710,79.0426,74.4753,69.0000,77.5852,47.7300,3.2723,0.9710,0.9230,0.9556,73514.4831,,,67.9690,31.4000,0.7427,0.6424,0.9393,0.9303,0.7090,0.7911,0.7753,3.5234,3.3231,3.6400,3.3628,2.8312,3.4044,0.1347,P3>P4>P1>P5>P2,2,ResRents; ODA
FRA,France,2024,1,74.6869,73.8081,72.9392,67.0000,72.5135,55.4100,2.1783,1.0870,0.8393,0.9742,62556.9181,,,61.7715,28.8000,0.7211,0.6912,0.9067,0.9178,0.6889,0.7869,0.7641,3.4190,3.5587,3.4106,3.2640,2.6023,3.3111,0.1168,P4>P3>P1>P2>P5,2,ResRents; ODA
CZE,Czechia,2024,1,74.2325,77.4133,74.2917,56.0000,66.7010,44.0400,1.8337,1.3230,0.8986,0.9205,57285.4237,,,82.4960,40.2000,0.7048,0.6555,0.9095,0.9110,0.7450,0.7787,0.7424,3.3429,3.4674,3.3930,3.2146,3.3200,3.3737,0.1185,P4>P3>P5>P1>P2,2,ResRents; ODA
SVN,Slovenia,2024,1,72.5215,73.8082,67.4510,60.0000,61.5047,40.1700,2.1338,1.2770,0.9172,0.9477,57186.3714,,,78.2088,27.3000,0.6845,0.6320,0.9325,0.9109,0.7773,0.7755,0.7339,3.2435,3.3934,3.5474,3.1982,3.2802,3.3439,0.1333,P3>P4>P5>P1>P2,2,ResRents; ODA
ISR,Israel,2024,1,74.1410,67.2863,72.4302,64.0000,65.1273,52.7300,6.3459,1.3340,0.8660,0.9601,57235.7763,,,48.1722,44.1000,0.6946,0.7000,0.9130,0.9110,0.5571,0.7692,0.7171,3.2584,3.7067,3.4944,3.2064,1.8876,3.1663,0.1542,P3>P4>P2>P1>P5,2,ResRents; ODA
LTU,Lithuania,2024,1,74.7023,80.6163,75.2330,63.0000,67.9504,40.0600,1.0498,0.8280,0.9108,0.8619,55285.8992,,,81.9416,39.4000,0.7339,0.5912,0.8863,0.9083,0.7455,0.7648,0.7054,3.4866,3.0887,3.0961,3.1817,3.2829,3.3057,0.1289,P4>P3>P5>P1>P2,2,ResRents; ODA
ARE,United Arab Emirates,2024,1,75.8393,65.5158,72.6170,68.0000,71.5418,42.8000,,0.3840,0.8664,0.9678,79228.7388,,,79.3661,37.0000,0.7049,0.5651,0.9171,0.9361,0.7427,0.7624,0.6992,3.2783,2.8166,3.5457,3.4204,3.2503,3.3086,0.1550,P4>P3>P5>P1>P2,2,ResRents; ODA
PRT,Portugal,2024,1,69.7634,75.4172,66.5361,57.0000,64.5373,43.6600,1.6949,0.7130,0.8092,0.9594,51679.8884,,,75.0660,25.7000,0.6718,0.5989,0.8843,0.9031,0.7682,0.7520,0.6714,3.2017,2.9971,3.2251,3.1406,3.1464,3.1857,0.1319,P4>P3>P5>P1>P2,2,ResRents; ODA
ITA,Italy,2024,1,66.7458,67.6217,64.9589,54.0000,59.0517,45.3300,1.3794,1.1180,0.8252,0.9802,62014.2675,,,71.1675,42.6000,0.6333,0.6436,0.9027,0.9172,0.6783,0.7510,0.6690,2.9730,3.3689,3.3999,3.2558,2.7810,3.1563,0.1425,P4>P3>P5>P2>P1,2,ResRents; ODA
ESP,Spain,2024,1,72.9391,73.0012,64.6543,56.0000,62.3193,44.9300,1.4936,0.8140,0.8538,0.9795,57965.2948,,,65.8433,43.5000,0.6665,0.6143,0.9166,0.9119,0.6480,0.7507,0.6681,3.0949,3.1664,3.5037,3.2229,2.5848,3.1459,0.1498,P3>P4>P1>P5>P2,2,ResRents; ODA
LVA,Latvia,2024,1,65.7909,75.7482,72.2085,59.0000,64.5568,36.3500,0.8236,0.7320,0.9048,0.8645,43394.2733,,,76.4874,43.3000,0.6819,0.5641,0.8847,0.8895,0.7020,0.7365,0.6305,3.2461,2.8593,3.1061,3.0253,3.0018,3.1149,0.1405,P4>P3>P5>P1>P2,2,ResRents; ODA
CYP,Cyprus,2024,1,68.2497,68.8262,66.5270,56.0000,58.6330,45.0700,0.6815,0.4770,0.8690,0.9484,63006.6133,,,72.4855,57.0000,0.6490,0.5848,0.9087,0.9184,0.6249,0.7364,0.6300,3.0564,2.9194,3.4023,3.2722,2.5485,3.0837,0.1627,P4>P3>P1>P5>P2,2,ResRents; ODA
POL,Poland,2024,1,64.4341,66.8938,65.6794,53.0000,63.9281,37.0000,1.5553,0.9820,0.9036,0.9020,51262.5106,,,74.4122,45.2000,0.6250,0.5897,0.9028,0.9024,0.6837,0.7331,0.6214,2.8989,3.0963,3.3418,3.1323,2.8813,3.0722,0.1515,P3>P4>P5>P1>P2,2,ResRents; ODA
QAT,Qatar,2024,1,73.3953,67.1120,70.1033,59.0000,63.1337,32.8900,,0.0830,0.7240,0.9595,126046.3549,,,82.1420,40.5000,0.6740,0.4885,0.8417,0.9720,0.7420,0.7276,0.6068,3.1451,2.2437,2.8520,3.5274,3.2590,3.0891,0.1815,P4>P3>P5>P1>P2,2,ResRents; ODA
SVK,Slovak Republic,2024,1,64.1265,66.6189,61.2456,49.0000,50.0980,34.3100,1.0336,1.1180,0.8520,0.8976,48132.3564,,,76.7305,37.8000,0.6025,0.5885,0.8748,0.8976,0.7262,0.7248,0.5994,2.7799,3.0681,3.0829,3.0583,3.1425,3.0131,0.1458,P4>P3>P5>P1>P2,2,ResRents; ODA
URY,Uruguay,2024,1,64.7662,73.3246,65.0645,76.0000,78.7824,29.1300,0.7020,0.1220,0.8370,0.8944,36417.8742,,,87.7236,34.4000,0.6979,0.4732,0.8657,0.8760,0.7953,0.7206,0.5883,3.2252,2.0758,3.0105,2.9430,3.6769,3.0665,0.1660,P4>P3>P5>P1>P2,2,ResRents; ODA
HRV,Croatia,2024,1,65.1411,63.4615,59.3715,47.0000,50.8644,36.3400,1.3862,0.8230,0.8573,0.9012,49550.7922,,,75.8258,48.7000,0.5874,0.5722,0.8792,0.8998,0.6762,0.7133,0.5689,2.6954,2.9546,3.1346,3.0829,2.8737,2.9376,0.1573,P4>P3>P5>P1>P2,2,ResRents; ODA
HUN,Hungary,2024,1,61.0996,60.2750,60.1469,41.0000,48.6531,39.5700,1.3775,1.1500,0.8408,0.8773,48552.4708,,,73.3476,48.8000,0.5563,0.6177,0.8590,0.8982,0.6634,0.7113,0.5635,2.4670,3.2668,2.8671,3.0665,2.7451,2.8401,0.1513,P4>P3>P5>P2>P1,2,ResRents; ODA
SAU,Saudi Arabia,2024,1,66.5710,60.5851,66.0646,59.0000,63.0932,33.9300,0.6352,0.5380,0.8577,0.9036,71375.3728,,,65.0716,65.3000,0.6306,0.5346,0.8806,0.9280,0.5533,0.7083,0.5557,2.9267,2.6600,3.1759,3.3381,2.0545,2.8986,0.1859,P4>P3>P1>P5>P2,2,ResRents; ODA
CHL,Chile,2024,1,70.0935,68.8583,67.1756,63.0000,70.2379,32.6200,0.3921,-0.0450,0.8462,0.9410,36181.1566,,,67.9674,42.2000,0.6728,0.4757,0.8936,0.8755,0.6640,0.7073,0.5530,3.1759,2.1102,3.2059,2.9266,2.6763,2.9228,0.1727,P3>P4>P1>P5>P2,2,ResRents; ODA
MYS,Malaysia,2024,1,69.1273,62.9047,65.5949,50.0000,57.9432,40.4800,1.0121,0.8600,0.7218,0.8716,38779.2830,,0.0017,72.4670,55.0000,0.6191,0.5962,0.7967,0.8808,0.6332,0.7026,0.5405,2.8800,3.1326,2.3388,2.5363,2.5835,2.7439,0.1262,P4>P3>P5>P1>P2,1,ResRents
GRC,Greece,2024,1,55.0596,62.0987,62.4276,49.0000,53.9208,36.1500,1.4943,0.5200,0.8851,0.9516,44327.2098,,,68.2759,55.1000,0.5715,0.5440,0.9183,0.8912,0.6118,0.7020,0.5388,2.5660,2.6625,3.4540,3.0336,2.4468,2.8226,0.1821,P3>P4>P5>P1>P2,2,ResRents; ODA
CHN,China,2024,1,68.7581,46.9942,53.7384,43.0000,49.6499,56.3200,2.5773,1.2710,0.6978,0.8916,27104.8703,,-0.0015,63.2752,65.1000,0.5312,0.7123,0.7947,0.8532,0.5451,0.6950,0.5202,2.2157,3.7255,2.3993,3.2099,1.9996,2.6580,0.1451,P4>P3>P2>P5>P1,1,ResRents
CRI,Costa Rica,2024,1,56.9189,67.5793,64.0390,58.0000,61.6036,28.3300,0.3374,0.3340,0.7490,0.9354,31106.7644,,0.1797,85.9765,40.4000,0.6163,0.4883,0.8422,0.8593,0.7615,0.6926,0.5139,2.8481,2.1348,2.8227,2.2494,3.4538,2.7427,0.1584,P4>P3>P5>P1>P2,1,ResRents
ROU,Romania,2024,1,59.4705,63.3516,60.9104,46.0000,48.3806,33.4000,0.5166,0.9930,0.7754,0.8606,49076.5399,,,68.6084,53.0000,0.5743,0.5727,0.8180,0.8991,0.6222,0.6924,0.5134,2.6007,2.9898,2.5418,3.0747,2.5331,2.7596,0.1513,P4>P3>P5>P1>P2,2,ResRents; ODA
BHR,Bahrain,2024,1,63.0118,59.8550,69.8495,53.0000,52.9975,27.6400,0.1933,0.2850,0.8134,0.9428,66941.2430,,,61.1821,65.1000,0.6143,0.4804,0.8781,0.9231,0.5347,0.6874,0.5000,2.7927,2.0634,3.1022,3.3134,1.8933,2.7210,0.2021,P4>P3>P1>P5>P2,2,ResRents; ODA
MUS,Mauritius,2024,1,66.2220,67.9557,69.6880,51.0000,54.7467,30.5600,0.2618,0.2870,0.7302,0.8450,31839.7598,,0.5996,79.3949,38.0000,0.6372,0.4952,0.7876,0.8506,0.7386,0.6846,0.4927,3.0092,2.3328,2.2370,2.1098,3.2376,2.6709,0.1394,P4>P3>P5>P1>P2,1,ResRents
BGR,Bulgaria,2024,1,52.1731,56.3909,59.4055,43.0000,42.9965,38.4900,0.7922,0.7850,0.8073,0.8559,41969.4516,,,66.5764,51.8000,0.5274,0.5795,0.8316,0.8870,0.6170,0.6822,0.4862,2.2772,2.9884,2.6198,3.0171,2.4878,2.6431,0.1603,P4>P3>P5>P2>P1,2,ResRents; ODA
OMN,Oman,2024,1,62.3751,64.6985,65.7059,55.0000,58.1223,27.1300,0.3898,-0.5460,0.7696,0.9236,41740.1659,,,76.6086,48.7000,0.6194,0.4033,0.8466,0.8865,0.6801,0.6703,0.4548,2.8455,1.5367,2.8851,3.0089,2.9220,2.7289,0.1939,P4>P3>P5>P1>P2,2,ResRents; ODA
KWT,Kuwait,2024,1,57.7161,60.9374,61.2268,46.0000,52.2745,28.0900,0.0895,0.3140,0.6940,0.9293,52443.5969,,,70.9153,51.2000,0.5647,0.4853,0.8116,0.9042,0.6412,0.6698,0.4534,2.5523,2.1060,2.5223,3.1570,2.6261,2.6388,0.1734,P4>P3>P5>P1>P2,2,ResRents; ODA
GEO,Georgia,2024,1,60.2121,59.5285,65.1149,53.0000,55.5686,30.3900,0.2643,0.2590,0.8887,0.8384,28285.0733,,1.2865,55.4275,71.9000,0.5946,0.4918,0.8636,0.8243,0.4776,0.6569,0.4193,2.7001,2.2613,2.8696,1.9276,1.3948,2.3251,0.1829,P3>P4>P1>P2>P5,1,ResRents
SRB,Serbia,2024,1,53.3228,53.5212,56.0985,35.0000,36.5028,32.2500,0.9398,0.7630,0.8059,0.8734,32832.1763,,0.7499,63.0138,67.9000,0.4949,0.5463,0.8397,0.8492,0.5322,0.6513,0.4043,2.0099,2.7503,2.7325,2.0951,1.8782,2.2526,0.1763,P4>P3>P2>P5>P1,1,ResRents
THA,Thailand,2024,1,56.2722,53.2556,56.5411,34.0000,37.1805,36.8900,0.9363,0.8120,0.7280,0.8679,24712.0659,,0.0169,54.2220,68.0000,0.5002,0.5739,0.7979,0.8456,0.4878,0.6460,0.3903,2.0582,2.9571,2.3701,2.2569,1.4805,2.2108,0.1690,P4>P3>P2>P1>P5,1,ResRents
PAN,Panama,2024,1,56.1071,52.4309,53.6988,33.0000,36.6386,24.7400,0.1971,0.3610,0.7309,0.9168,41369.4225,,0.5141,70.4156,48.7000,0.4881,0.4727,0.8238,0.8730,0.6492,0.6445,0.3862,1.9122,2.0095,2.6989,2.2808,2.6612,2.2653,0.1850,P4>P3>P5>P1>P2,1,ResRents
ARG,Argentina,2024,1,54.9133,52.6383,51.1561,37.0000,41.2620,26.4200,0.6011,-0.0530,0.8728,0.8830,30431.1931,,0.0408,62.9949,46.4000,0.4893,0.4440,0.8779,0.8611,0.6216,0.6433,0.3830,1.9229,1.6998,3.0947,2.3579,2.3937,2.2585,0.2032,P3>P4>P5>P1>P2,1,ResRents
TUR,Turkiye,2024,1,49.9655,42.4489,51.5313,34.0000,36.4545,39.0000,1.4222,0.6970,0.7995,0.8793,45639.0193,,0.1372,49.3131,81.2000,0.4449,0.5742,0.8394,0.8900,0.4082,0.6415,0.3782,1.5967,2.8793,2.7426,2.4854,0.9192,2.0577,0.2225,P4>P3>P2>P1>P5,1,ResRents
KAZ,Kazakhstan,2024,1,54.1942,50.3980,55.6049,40.0000,46.4968,25.6700,0.1624,0.3630,0.8074,0.8370,40890.9318,,0.0336,61.0645,60.6000,0.5005,0.4776,0.8222,0.8841,0.5528,0.6411,0.3771,2.0117,2.0760,2.4968,2.5134,1.9745,2.2135,0.1910,P4>P3>P5>P1>P2,1,ResRents
VNM,Viet Nam,2024,1,49.5459,51.5617,50.6549,40.0000,42.7601,36.1800,0.4146,0.6720,0.7287,0.8398,16385.5066,,0.2020,65.9913,58.3000,0.4794,0.5578,0.7843,0.8091,0.5870,0.6367,0.3655,1.8504,2.7603,2.2061,1.8141,2.3039,2.1276,0.1455,P4>P3>P5>P2>P1,1,ResRents
MKD,North Macedonia,2024,1,50.7116,53.0935,59.0628,40.0000,41.1909,29.8900,0.3736,0.4050,0.7516,0.8830,26995.4293,,2.7535,68.5559,60.3000,0.5072,0.5024,0.8173,0.7840,0.5915,0.6318,0.3526,2.1039,2.4394,2.5973,1.7075,2.3391,2.2125,0.1509,P3>P4>P5>P1>P2,1,ResRents
ARM,Armenia,2024,1,44.2623,54.5140,57.0391,47.0000,50.7834,29.0200,0.2861,0.5920,0.7777,0.8567,22823.1795,,0.8707,53.5393,67.5000,0.5070,0.5149,0.8172,0.8181,0.4864,0.6312,0.3509,2.1210,2.4470,2.5368,1.8495,1.4546,2.0967,0.1728,P4>P3>P2>P1>P5,1,ResRents
ALB,Albania,2024,1,57.4137,54.9252,57.0035,42.0000,39.3380,24.5400,0.2000,0.0320,0.7422,0.9170,26701.6750,,1.5549,66.2440,56.8000,0.5284,0.4422,0.8296,0.8131,0.5946,0.6306,0.3495,2.3144,1.6484,2.7609,1.8393,2.3664,2.2224,0.1729,P3>P4>P5>P1>P2,1,ResRents
TTO,Trinidad and Tobago,2024,1,53.5045,50.5704,51.6048,41.0000,40.9764,18.4100,0.0504,0.0560,0.7552,0.8229,36328.5130,,,72.0440,52.9000,0.4917,0.4137,0.7891,0.8758,0.6398,0.6233,0.3300,1.9419,1.3289,2.2488,2.9348,2.6409,2.2289,0.1943,P4>P3>P5>P1>P2,2,ResRents; ODA
BWA,Botswana,2024,1,59.4465,62.3359,61.2019,57.0000,60.6301,23.0800,,-0.3100,0.6666,0.7564,20538.1320,,1.4639,83.5276,55.3000,0.6000,0.4042,0.7115,0.7951,0.6872,0.6211,0.3241,2.7259,1.4378,1.4029,1.6738,3.0346,2.1872,0.1488,P4>P3>P5>P1>P2,1,ResRents
DOM,Dominican Republic,2024,1,52.7919,53.8278,58.1326,36.0000,42.4809,20.8200,,0.0340,0.6931,0.8265,27541.6625,,0.5768,75.9613,60.8000,0.5019,0.4238,0.7598,0.8400,0.6265,0.6140,0.3054,2.0767,1.4667,1.9478,2.0435,2.5817,2.0595,0.1731,P4>P3>P5>P1>P2,1,ResRents
MNE,Montenegro,2024,1,58.4666,60.0864,56.8708,46.0000,46.6518,28.8700,,,0.8574,0.8783,34062.7578,,1.1968,71.5630,58.0000,0.5536,0.2887,0.8679,0.8409,0.6161,0.6139,0.3051,2.4598,2.0752,2.9706,2.0580,2.5084,2.4358,0.2364,P3>P4>P5>P1>P2,2,ResRents; ECI
BRA,Brazil,2024,1,46.9850,49.2850,50.2175,34.0000,39.5783,32.7400,1.1938,0.3490,0.7195,0.8592,22338.4766,,0.0330,57.0022,74.5000,0.4512,0.5117,0.7893,0.8373,0.4746,0.6135,0.3041,1.6054,2.4632,2.2362,2.1755,1.3730,1.9279,0.1851,P4>P3>P2>P5>P1,1,ResRents
MEX,Mexico,2024,1,47.0641,37.1059,51.7749,26.0000,28.8100,30.4500,0.2537,0.9420,0.7135,0.8472,26185.3565,,0.0258,53.6733,69.8000,0.4049,0.5534,0.7803,0.8498,0.4775,0.6134,0.3036,1.2659,2.8143,2.1643,2.2902,1.3845,1.8784,0.1932,P4>P3>P2>P5>P1,1,ResRents
IND,India,2024,1,59.2076,56.2896,53.3476,38.0000,41.8768,38.3100,,0.7050,0.5892,0.8000,11159.9856,,0.0662,52.4723,74.1000,0.5171,0.5714,0.6946,0.7828,0.4536,0.6130,0.3026,2.1396,2.8631,1.4731,1.7090,1.2021,1.9268,0.1336,P4>P3>P2>P1>P5,1,ResRents
BIH,Bosnia and Herzegovina,2024,1,38.9874,51.4722,49.3452,33.0000,37.4736,25.4700,0.2144,0.6620,0.7313,0.8900,25043.0886,,1.1205,57.3355,72.3000,0.4320,0.5034,0.8106,0.8190,0.4854,0.6083,0.2903,1.4440,2.2051,2.6067,1.8842,1.4594,1.8492,0.1888,P4>P3>P2>P5>P1,1,ResRents
COL,Colombia,2024,1,49.1803,47.3311,55.0740,39.0000,41.9095,29.1800,,0.2330,0.6979,0.8881,22349.4364,,0.2890,49.3103,78.1000,0.4765,0.4834,0.7930,0.8310,0.4211,0.6069,0.2865,1.8436,2.1736,2.3584,1.9969,0.9933,1.8885,0.1946,P4>P3>P2>P1>P5,1,ResRents
IDN,Indonesia,2024,1,54.8366,53.4090,56.8298,37.0000,36.8310,30.6200,,0.2230,0.6603,0.7869,16448.2755,,0.0865,55.4895,65.6000,0.5052,0.4898,0.7236,0.8123,0.5041,0.6063,0.2850,2.0935,2.2651,1.5053,1.9079,1.6167,1.9326,0.1504,P4>P3>P1>P5>P2,1,ResRents
ZAF,South Africa,2024,1,46.9478,57.2694,53.9147,41.0000,43.9726,28.3400,0.6148,0.3780,0.7701,0.7098,15456.1990,,0.4005,55.3527,72.0000,0.4978,0.4923,0.7399,0.7997,0.4768,0.6031,0.2765,2.0041,2.2326,1.6698,1.6946,1.3739,1.8422,0.1555,P4>P3>P1>P2>P5,1,ResRents
BLR,Belarus,2024,1,37.6996,35.7852,35.4282,33.0000,36.1526,24.2100,0.5872,0.7510,0.7923,0.8374,33010.3308,,0.1636,59.4495,69.9000,0.3548,0.5051,0.8149,0.8643,0.5060,0.6014,0.2719,0.8275,2.2403,2.4500,2.3056,1.6245,1.7305,0.2200,P4>P3>P5>P2>P1,1,ResRents
JAM,Jamaica,2024,1,54.6705,55.6280,56.2961,44.0000,45.9061,25.6700,,-0.3510,0.6760,0.7920,12890.2660,,0.4090,74.0393,61.9000,0.5265,0.4135,0.7340,0.7854,0.6123,0.6001,0.2685,2.2626,1.5518,1.6034,1.6046,2.4627,1.9735,0.1514,P4>P3>P5>P1>P2,1,ResRents
PHL,Philippines,2024,1,54.1506,47.0863,56.1134,33.0000,36.1832,31.1300,,0.7390,0.6887,0.7667,11794.1375,,0.3800,52.6707,77.8000,0.4759,0.5386,0.7277,0.7793,0.4392,0.5989,0.2653,1.8157,2.7077,1.5475,1.5867,1.0777,1.7609,0.1526,P4>P3>P2>P1>P5,1,ResRents
MDA,Moldova,2024,1,56.3500,54.1881,54.1257,43.0000,41.9528,28.6800,0.2159,0.2030,0.8010,0.7877,18614.9881,,6.1924,60.0014,67.4000,0.5192,0.4783,0.7944,0.6693,0.5192,0.5940,0.2522,2.2092,2.0132,2.1580,1.2587,1.7653,1.9326,0.1326,P3>P4>P5>P1>P2,1,ResRents
SWZ,Eswatini,2024,1,36.1519,42.1656,44.8006,27.0000,31.9620,,,0.2710,0.7130,0.6788,11799.2029,,2.5606,53.3773,79.1000,0.3753,0.6819,0.6959,0.7248,0.4373,0.5922,0.2474,0.9931,2.2345,1.2718,1.2448,1.0538,1.2939,0.1636,P4>P3>P2>P5>P1,2,ResRents; GII
JOR,Jordan,2024,1,55.5445,59.8653,59.2159,49.0000,53.3644,27.4500,,0.0880,0.7055,0.8894,10821.4910,,5.5851,59.9130,75.7000,0.5591,0.4618,0.7974,0.6425,0.4841,0.5916,0.2459,2.4785,1.8966,2.4204,0.9372,1.4651,1.9363,0.1364,P3>P4>P1>P5>P2,1,ResRents
RUS,Russian Federation,2024,1,45.0882,37.0602,38.0144,22.0000,29.8168,29.7300,0.9371,0.2430,0.7799,0.8178,47404.9648,,,50.4648,80.7000,0.3554,0.4871,0.7989,0.8964,0.4161,0.5913,0.2450,0.7792,2.2175,2.3215,3.0500,0.9497,1.7309,0.2415,P4>P3>P2>P5>P1,2,ResRents; ODA
MAR,Morocco,2024,1,54.7695,50.6346,54.4419,37.0000,37.3557,28.7900,,-0.0500,0.6253,0.8510,10415.1240,,0.5367,58.3648,68.2000,0.4921,0.4561,0.7381,0.7657,0.5077,0.5886,0.2379,1.9624,1.8639,1.8739,1.4582,1.6336,1.7996,0.1476,P4>P3>P5>P1>P2,1,ResRents
PER,Peru,2024,1,47.4436,48.2600,56.1689,31.0000,33.2730,26.7000,0.1761,-0.5840,0.7526,0.8883,17802.4182,,0.2320,54.7158,73.1000,0.4572,0.3978,0.8205,0.8148,0.4690,0.5877,0.2355,1.6714,1.4941,2.6692,1.8557,1.3114,1.8004,0.2079,P3>P4>P5>P1>P2,1,ResRents
TUN,Tunisia,2024,1,46.6866,50.6915,48.7101,39.0000,43.3986,25.3500,,0.5650,0.6608,0.8694,14521.0081,,2.6121,50.0970,66.4000,0.4627,0.4941,0.7651,0.7395,0.4738,0.5875,0.2350,1.6918,2.1625,2.0695,1.3280,1.4260,1.7245,0.1516,P3>P4>P2>P5>P1,1,ResRents
AZE,Azerbaijan,2024,1,54.5705,48.6111,56.9902,22.0000,32.1661,21.3000,0.2078,-0.4170,0.7276,0.8374,25088.9994,,0.1776,63.4960,72.7000,0.4554,0.3857,0.7825,0.8427,0.5146,0.5868,0.2331,1.6795,1.2899,2.1495,2.1337,1.7284,1.8117,0.2039,P4>P3>P5>P1>P2,1,ResRents
UZB,Uzbekistan,2024,1,48.5485,45.6709,46.5553,32.0000,32.5863,24.7000,0.1042,0.2200,0.7431,0.8060,11878.5529,,1.1580,65.4377,66.8000,0.4319,0.4599,0.7746,0.7604,0.5489,0.5848,0.2279,1.3945,1.8152,2.0944,1.4320,2.0180,1.6908,0.1632,P3>P4>P5>P2>P1,1,ResRents
LKA,Sri Lanka,2024,1,46.0027,52.5287,50.1438,32.0000,40.0665,22.6000,0.1051,-0.0450,0.7237,0.8844,15632.5925,,1.0192,59.9107,90.3000,0.4517,0.4256,0.8040,0.7851,0.4233,0.5795,0.2137,1.5687,1.5388,2.4416,1.5784,1.0308,1.6354,0.1982,P3>P4>P1>P2>P5,1,ResRents
PRY,Paraguay,2024,1,44.4474,46.9208,52.6361,24.0000,27.1096,21.8500,0.1412,-0.2780,0.6862,0.8284,18523.6810,,0.5377,64.6332,63.7000,0.4200,0.4010,0.7573,0.8102,0.5577,0.5745,0.2006,1.3279,1.3752,1.9166,1.7714,2.0814,1.6517,0.1885,P4>P3>P5>P1>P2,1,ResRents
EGY,"Egypt, Arab Rep.",2024,1,49.4533,44.0302,46.9854,30.0000,31.1153,23.6500,1.0176,0.0710,0.7025,0.7944,19094.1449,,0.1268,49.1899,81.6000,0.4262,0.4413,0.7485,0.8229,0.4059,0.5717,0.1931,1.3727,1.6735,1.7535,1.9989,0.8775,1.5385,0.2000,P4>P3>P2>P1>P5,1,ResRents
NAM,Namibia,2024,1,53.2721,62.6074,56.9904,49.0000,50.4158,19.9600,0.6464,-0.5200,0.5698,0.7290,11686.6021,,2.2992,75.2335,60.3000,0.5547,0.3698,0.6494,0.7306,0.6249,0.5696,0.1875,2.4341,1.1433,1.1036,1.2517,2.5807,1.8389,0.1362,P4>P3>P5>P1>P2,1,ResRents
MNG,Mongolia,2024,1,43.7725,55.2476,53.7470,33.0000,38.0183,28.6900,0.0837,-1.5680,0.6928,0.7959,19144.7261,,1.4377,73.0752,51.3000,0.4644,0.3194,0.7444,0.7903,0.6516,0.5681,0.1834,1.7262,1.2144,1.7221,1.6569,2.6923,1.8067,0.1979,P4>P3>P5>P1>P2,1,ResRents
SLV,El Salvador,2024,1,47.7787,44.6873,52.0832,30.0000,36.1838,20.6100,0.1015,0.3460,0.5520,0.8015,13264.0271,,1.5728,65.9991,69.3000,0.4364,0.4507,0.6767,0.7585,0.5412,0.5630,0.1699,1.4944,1.7276,1.3280,1.3871,1.9840,1.5746,0.1413,P4>P3>P5>P2>P1,1,ResRents
IRN,"Iran, Islamic Rep.",2024,1,37.6106,35.7129,31.0266,23.0000,24.6330,28.8800,,-0.0710,0.7496,0.8870,19873.8861,,0.0527,38.8852,85.4000,0.3184,0.4547,0.8183,0.8278,0.3386,0.5563,0.1523,0.5795,1.8664,2.6279,2.0543,0.6498,1.4123,0.2533,P4>P3>P2>P5>P1,1,ResRents
ECU,Ecuador,2024,1,47.0703,40.3557,44.6677,32.0000,32.1539,19.3300,,-0.8400,0.7115,0.8830,15840.2669,,0.4688,53.5770,69.4000,0.4102,0.3379,0.7973,0.7999,0.4787,0.5543,0.1470,1.2344,0.9326,2.3589,1.6960,1.3972,1.4998,0.2191,P4>P3>P5>P1>P2,1,ResRents
DZA,Algeria,2024,1,46.4563,44.9727,42.9925,34.0000,35.8436,16.1600,0.4440,-0.9780,0.6776,0.8656,17620.7424,,0.0828,54.0468,70.0000,0.4211,0.3097,0.7716,0.8177,0.4786,0.5484,0.1313,1.3281,0.6995,2.1215,1.9486,1.3815,1.5067,0.2235,P4>P3>P5>P1>P2,1,ResRents
TKM,Turkmenistan,2024,1,30.7466,32.6430,28.2318,17.0000,21.5970,,0.0900,-1.2020,0.7414,0.7704,21213.0863,,0.0799,70.0894,64.5000,0.2716,0.4177,0.7559,0.8322,0.5817,0.5481,0.1304,0.3313,0.5517,1.8583,2.0716,2.2731,1.2707,0.2322,P4>P3>P5>P2>P1,2,ResRents; GII
CPV,Cabo Verde,2024,1,59.4135,64.2655,55.5748,62.0000,66.8974,22.2900,,,0.5188,0.8624,11195.1205,,4.1131,79.0401,60.1000,0.6031,0.2229,0.6906,0.6819,0.6448,0.5455,0.1235,2.6633,1.3233,1.6244,1.0324,2.7617,2.0123,0.1964,P3>P4>P5>P1>P2,2,ResRents; ECI
KGZ,Kyrgyz Republic,2024,1,34.0644,40.8539,46.7130,25.0000,24.8510,20.3500,0.0527,0.2120,0.7554,0.7950,8012.4546,,2.9394,57.2763,75.6000,0.3666,0.4374,0.7752,0.6854,0.4714,0.5402,0.1096,0.9280,1.5608,2.0642,1.0335,1.3603,1.3043,0.1743,P3>P4>P5>P2>P1,1,ResRents
GHA,Ghana,2024,1,52.4989,57.8936,53.4457,42.0000,43.9385,20.0300,,-1.1390,0.5541,0.7000,8019.9970,,2.0845,66.0902,62.3000,0.5146,0.3146,0.6270,0.7068,0.5709,0.5312,0.0855,2.1335,0.7859,0.8051,1.1351,2.2004,1.5512,0.1480,P4>P3>P5>P1>P2,1,ResRents
GAB,Gabon,2024,1,40.3127,37.0742,43.4528,27.0000,28.8930,,,-1.7970,0.6696,0.7436,21510.1725,,0.2948,61.1647,65.5000,0.3696,0.3109,0.7066,0.8279,0.5329,0.5303,0.0833,0.9648,0.2483,1.3518,1.9562,1.8501,1.2688,0.2189,P4>P3>P5>P1>P2,2,ResRents; GII
GTM,Guatemala,2024,1,33.6587,40.4033,49.9827,25.0000,28.6605,14.5600,0.0061,0.0550,0.4915,0.8093,14368.6606,,0.4364,62.3112,77.3000,0.3726,0.3944,0.6504,0.7931,0.4895,0.5294,0.0809,0.9672,1.1046,1.2548,1.6462,1.5460,1.2719,0.1789,P4>P3>P5>P2>P1,1,ResRents
BOL,Bolivia,2024,1,39.4715,35.1463,35.0786,28.0000,27.6622,20.2500,,-1.0970,0.7677,0.7474,12877.6351,,1.4963,56.5672,70.7000,0.3442,0.3195,0.7575,0.7582,0.4883,0.5179,0.0503,0.7409,0.8285,1.8593,1.3862,1.4751,1.1869,0.2147,P4>P3>P5>P1>P2,1,ResRents
NPL,Nepal,2024,1,34.1417,51.7386,46.1517,34.0000,35.0500,18.0600,,-0.1020,0.5322,0.7747,5736.6213,,2.8249,58.8121,80.2000,0.4151,0.3978,0.6535,0.6624,0.4599,0.5124,0.0357,1.3170,1.1759,1.1171,0.8931,1.2619,1.1834,0.1300,P4>P3>P5>P1>P2,1,ResRents
KEN,Kenya,2024,1,45.5483,48.9698,49.6019,32.0000,31.6246,20.9900,0.8107,-0.2680,0.6062,0.6715,6644.1309,,2.4569,42.7372,87.8000,0.4403,0.3976,0.6388,0.6829,0.3479,0.5086,0.0257,1.4524,1.3438,0.8786,1.0057,0.6519,1.1414,0.1500,P4>P3>P1>P2>P5,1,ResRents
KHM,Cambodia,2024,1,45.6336,38.7857,44.9052,21.0000,22.8999,19.8900,,0.0310,0.4843,0.7795,7966.8735,,3.8210,68.0881,80.3000,0.3758,0.4189,0.6319,0.6629,0.5059,0.5082,0.0246,0.9636,1.3489,1.0392,0.9319,1.6662,1.1492,0.1266,P4>P3>P5>P2>P1,1,ResRents
BGD,Bangladesh,2024,1,39.3051,40.4414,39.8788,23.0000,25.5455,19.1100,,-0.4390,0.5683,0.8411,9646.7698,,1.2495,40.9049,85.2000,0.3566,0.3728,0.7047,0.7420,0.3495,0.5066,0.0204,0.8174,1.1107,1.6879,1.2934,0.6900,1.0837,0.1998,P4>P3>P2>P1>P5,1,ResRents
HND,Honduras,2024,1,39.2915,36.7111,44.9578,22.0000,22.6604,16.7400,,-0.2910,0.5326,0.8136,7486.0187,,1.7343,56.2064,79.6000,0.3574,0.3742,0.6731,0.7102,0.4494,0.5045,0.0148,0.8524,1.0456,1.3788,1.1086,1.1723,1.0766,0.1674,P4>P3>P5>P2>P1,1,ResRents
LAO,Lao PDR,2024,1,40.0260,44.1872,44.8317,33.0000,28.0202,17.8400,,-0.7030,0.4688,0.7533,9775.8282,,3.5057,75.4201,74.7000,0.4051,0.3428,0.6110,0.6866,0.5659,0.5031,0.0110,1.2162,0.9114,0.8953,1.0293,2.1155,1.2378,0.1438,P4>P3>P5>P1>P2,1,ResRents
LBN,Lebanon,2024,1,29.3664,38.2850,39.7399,22.0000,21.4571,21.5400,,0.3790,0.6702,0.8895,12574.8329,,8.8133,42.1564,91.8000,0.3235,0.4583,0.7798,0.5734,0.3283,0.4989,0.0000,0.5691,1.8705,2.2544,0.9344,0.5209,1.1050,0.1909,P3>P4>P2>P5>P1,1,ResRents
SEN,Senegal,2024,1,55.8984,53.4421,51.0517,45.0000,50.1430,21.9700,,-0.5070,0.3518,0.7490,5070.6486,,6.2691,61.9903,71.5000,0.5135,0.3810,0.5504,0.5667,0.5120,0.4983,-0.0018,2.1214,1.3074,0.6985,0.6176,1.6958,1.4240,0.0731,P4>P3>P1>P5>P2,1,ResRents
IRQ,Iraq,2024,1,29.9154,33.5898,38.6096,26.0000,23.4635,,,-1.4630,0.5693,0.8050,14464.3187,,0.7439,30.6333,91.4000,0.3203,0.3708,0.6872,0.7860,0.2723,0.4946,-0.0114,0.5496,0.4414,1.4624,1.5843,0.3790,0.8645,0.2328,P4>P3>P2>P1>P5,2,ResRents; GII
UKR,Ukraine,2024,1,39.6966,44.5696,50.1179,35.0000,34.2448,29.5000,0.3699,0.3590,0.7410,0.8219,18550.4629,,20.9002,58.5098,95.9000,0.4235,0.4964,0.7814,0.3238,0.3930,0.4903,-0.0229,1.4166,2.3266,2.1556,0.9936,0.8388,1.5085,0.1777,P3>P2>P1>P5>P4,1,ResRents
RWA,Rwanda,2024,1,58.1246,58.6905,59.1148,57.0000,60.5158,19.6900,0.7815,-1.0980,0.5124,0.7352,3710.8604,,9.8732,65.1481,82.3000,0.5823,0.3166,0.6238,0.4525,0.4828,0.4883,-0.0283,2.5948,0.7546,0.9064,0.4168,1.4385,1.4539,0.1204,P3>P1>P5>P4>P2,1,ResRents
AGO,Angola,2024,1,36.0732,36.8326,42.6712,32.0000,35.2529,10.2200,,-0.7680,0.5365,0.6864,10118.6090,,0.1485,56.0964,86.9000,0.3689,0.2989,0.6115,0.7732,0.4184,0.4857,-0.0351,0.8838,0.5530,0.7225,1.6134,0.9672,0.9765,0.1944,P4>P3>P5>P1>P2,1,ResRents
CIV,Cote d'Ivoire,2024,1,45.2017,47.0144,52.2296,45.0000,42.0850,17.4900,,-0.9600,0.4793,0.6453,7669.2320,,3.0572,51.4804,87.1000,0.4736,0.3180,0.5623,0.6790,0.3945,0.4856,-0.0353,1.7862,0.7722,0.4441,0.9928,0.7694,1.1159,0.1413,P4>P3>P1>P5>P2,1,ResRents
NIC,Nicaragua,2024,1,30.8664,29.0885,39.2328,14.0000,18.8549,13.9900,,-0.8910,0.6508,0.8453,8708.7998,,3.4223,64.7085,77.7000,0.2830,0.3067,0.7481,0.6797,0.4998,0.4829,-0.0424,0.3811,0.6331,1.8846,1.0197,1.6106,0.9877,0.2111,P3>P4>P5>P2>P1,1,ResRents
TJK,Tajikistan,2024,1,39.6559,36.5918,42.8954,19.0000,23.2056,18.6000,,-1.3990,0.6771,0.7968,5405.9801,,3.4752,61.1858,74.2000,0.3454,0.2842,0.7369,0.6415,0.4968,0.4828,-0.0429,0.7468,0.6405,1.6701,0.7819,1.5678,1.0244,0.1915,P3>P4>P5>P1>P2,1,ResRents
ZMB,Zambia,2024,1,40.9757,47.3065,48.2284,39.0000,38.6079,15.6600,,-0.6700,0.5527,0.7131,4214.8928,,5.4880,64.1728,81.8000,0.4388,0.3348,0.6329,0.5720,0.4800,0.4824,-0.0439,1.5217,0.8500,0.8768,0.5655,1.4252,1.1263,0.1161,P3>P4>P5>P1>P2,1,ResRents
TZA,Tanzania,2024,1,45.6541,48.0251,46.4192,41.0000,41.9017,15.3300,,-0.9230,0.4407,0.7230,4220.7964,,3.9426,59.2395,76.6000,0.4527,0.3105,0.5818,0.6107,0.4770,0.4770,-0.0581,1.5814,0.6795,0.7001,0.6282,1.3929,1.1001,0.1191,P4>P3>P5>P1>P2,1,ResRents
PAK,Pakistan,2024,1,39.6677,39.4598,42.3591,27.0000,26.2850,22.0100,0.1640,-0.2330,0.3632,0.7331,6252.1154,,1.1978,30.6477,89.9000,0.3712,0.4058,0.5482,0.7097,0.2787,0.4737,-0.0670,0.9303,1.4328,0.6268,1.1448,0.4389,0.9307,0.1687,P4>P3>P2>P1>P5,1,ResRents
UGA,Uganda,2024,1,44.5324,44.2542,46.5941,26.0000,25.2619,14.9400,0.4383,-0.5240,0.5320,0.7423,3273.2672,,4.7467,48.4332,91.5000,0.4035,0.3443,0.6371,0.5709,0.3609,0.4647,-0.0909,1.1818,0.8438,0.9477,0.5061,0.5900,0.8757,0.1323,P3>P4>P1>P5>P2,1,ResRents
BEN,Benin,2024,1,47.7351,49.8657,50.4900,45.0000,42.9824,15.4400,,-0.9800,0.3967,0.6273,4434.5642,,5.3157,59.0103,73.3000,0.4827,0.3059,0.5120,0.5802,0.4896,0.4646,-0.0912,1.8589,0.6256,0.2996,0.6300,1.4838,1.1372,0.1016,P4>P3>P5>P1>P2,1,ResRents
LBY,Libya,2024,1,23.7399,27.7407,27.4346,13.0000,16.8530,,,-1.6790,0.6183,0.7591,14303.8088,,0.7784,33.4995,96.1000,0.2298,0.3321,0.6887,0.7842,0.2671,0.4618,-0.0986,0.1819,0.3310,1.3197,1.5363,0.3155,0.6804,0.2569,P4>P3>P2>P5>P1,2,ResRents; GII
PNG,Papua New Guinea,2024,1,33.8322,47.1317,45.3936,31.0000,31.7152,,,-2.1370,0.4852,0.7098,4874.6900,,2.4230,54.7252,78.1000,0.3934,0.2499,0.5975,0.6598,0.4482,0.4571,-0.1110,1.0911,0.1931,0.6957,0.8817,1.1479,0.8713,0.1636,P4>P3>P5>P1>P2,2,ResRents; GII
TGO,Togo,2024,1,35.7569,46.0727,48.4263,32.0000,34.4271,15.6200,0.2223,-0.6370,0.5592,0.6575,3365.4581,,6.2641,52.0677,82.1000,0.4056,0.3376,0.6083,0.5351,0.4183,0.4563,-0.1130,1.2042,0.8487,0.6925,0.4608,0.9020,0.8840,0.1088,P3>P4>P5>P1>P2,1,ResRents
MRT,Mauritania,2024,1,36.9277,42.1031,42.5902,30.0000,28.9544,13.2100,,-1.2160,0.3826,0.7459,7368.7528,,3.9075,56.3357,87.0000,0.3791,0.2736,0.5643,0.6547,0.4192,0.4489,-0.1328,0.9582,0.3749,0.7299,0.8747,0.9697,0.8289,0.1514,P4>P3>P5>P1>P2,1,ResRents
ZWE,Zimbabwe,2024,1,32.1370,36.1236,36.2829,21.0000,22.5194,15.5700,,-1.0910,0.6048,0.6581,5928.0806,,2.2284,48.5183,96.9000,0.3139,0.2966,0.6315,0.6798,0.3388,0.4488,-0.1331,0.4959,0.5785,0.8375,0.9874,0.4879,0.6649,0.1872,P4>P3>P5>P1>P2,1,ResRents
HTI,Haiti,2024,1,12.1474,29.3691,31.7826,16.0000,16.6758,,,-0.5580,0.4821,0.6913,3193.6714,,5.4277,45.3742,102.9000,0.2232,0.5332,0.5867,0.5520,0.2981,0.4467,-0.1387,0.2102,1.2414,0.5981,0.4745,0.3823,0.5095,0.1657,P3>P4>P2>P5>P1,2,ResRents; GII
MWI,Malawi,2024,1,37.2288,54.4468,45.6372,34.0000,34.7249,,,-1.0070,0.4499,0.7285,1857.6176,,13.1534,59.3998,83.2000,0.4283,0.4526,0.5892,0.3169,0.4503,0.4465,-0.1392,1.4237,0.7724,0.7617,0.1895,1.1568,0.9448,0.0969,P3>P2>P5>P1>P4,2,ResRents; GII
GNQ,Equatorial Guinea,2024,1,28.3477,30.4541,32.7978,13.0000,18.0371,,,-2.7310,0.6230,0.6724,17566.7600,,0.1343,63.4870,84.4000,0.2615,0.1433,0.6477,0.8162,0.4658,0.4406,-0.1549,0.2793,0.0828,0.9301,1.9170,1.3388,0.8538,0.2746,P4>P3>P5>P1>P2,2,ResRents; GII
COG,"Congo, Rep.",2024,1,29.7452,36.6809,36.7010,23.0000,19.0396,,0.3834,-2.5310,0.6297,0.7042,7026.3622,,2.7461,61.4803,90.7000,0.3153,0.1792,0.6670,0.6800,0.4295,0.4360,-0.1670,0.5207,0.1103,1.0330,0.9910,1.0955,0.7323,0.2190,P4>P3>P5>P1>P2,2,ResRents; GII
CMR,Cameroon,2024,1,35.7699,35.3873,43.3706,26.0000,23.0734,14.4200,,-1.5940,0.5189,0.6723,5588.9865,,1.9652,39.3017,94.0000,0.3513,0.2458,0.5956,0.6819,0.3048,0.4352,-0.1690,0.7738,0.3585,0.6297,0.9778,0.4584,0.6865,0.1914,P4>P3>P1>P5>P2,1,ResRents
GIN,Guinea,2024,1,34.0710,37.2080,40.7990,28.0000,24.0821,,,-1.7930,0.3716,0.6268,4565.3008,,2.5970,48.1677,98.5000,0.3502,0.3116,0.4992,0.6504,0.3304,0.4284,-0.1871,0.7647,0.2759,0.2271,0.8255,0.4366,0.5727,0.1446,P4>P3>P1>P5>P2,2,ResRents; GII
MMR,Myanmar,2024,1,21.0407,25.7858,32.4718,16.0000,22.4981,13.7700,0.0231,-0.9430,0.5322,0.7214,5997.4652,,1.7528,30.1870,100.2000,0.2382,0.3009,0.6268,0.6926,0.2334,0.4220,-0.2041,0.2252,0.5905,0.8402,1.0268,0.2017,0.5372,0.2231,P4>P3>P2>P1>P5,1,ResRents
NGA,Nigeria,2024,1,31.7683,39.6345,44.8748,26.0000,25.2938,17.1100,,-2.2810,0.5449,0.5302,9086.8755,,0.7548,31.6874,98.0000,0.3557,0.1976,0.5375,0.7497,0.2501,0.4208,-0.2074,0.8363,0.3985,0.4662,1.3630,0.2739,0.7351,0.2264,P4>P3>P1>P5>P2,1,ResRents
ETH,Ethiopia,2024,1,38.7798,38.9120,41.7214,37.0000,38.9918,12.3300,,-1.0910,0.3361,0.7279,3287.5349,,3.9866,33.6960,100.4000,0.3910,0.2804,0.5320,0.5903,0.2501,0.4173,-0.2165,1.0865,0.3981,0.5495,0.5299,0.2582,0.6643,0.1501,P4>P3>P1>P2>P5,1,ResRents
MDG,Madagascar,2024,1,34.5565,41.7727,43.0565,26.0000,27.4126,17.9300,,-1.0330,0.4048,0.6713,1883.5374,,8.0748,57.6857,81.7000,0.3635,0.3136,0.5381,0.4450,0.4480,0.4107,-0.2342,0.8895,0.7333,0.4331,0.2837,1.1562,0.7235,0.0864,P3>P5>P4>P1>P2,1,ResRents
BFA,Burkina Faso,2024,1,34.3295,41.7529,46.5739,41.0000,42.7427,12.7600,0.1048,-0.7080,0.3181,0.6322,2895.8915,,7.5632,33.3312,94.0000,0.4091,0.3169,0.4751,0.4910,0.2750,0.4023,-0.2565,1.2801,0.6269,0.1647,0.3643,0.3618,0.6864,0.0953,P4>P3>P1>P2>P5,1,ResRents
NER,Niger,2024,1,36.3751,40.6881,42.8377,34.0000,35.3675,11.2300,,-0.8350,0.2779,0.6336,2049.9331,,7.7719,35.7723,93.4000,0.3848,0.2979,0.4557,0.4591,0.2897,0.3826,-0.3087,1.0654,0.5404,0.1439,0.3153,0.4421,0.6001,0.0820,P4>P3>P1>P2>P5,1,ResRents
MLI,Mali,2024,1,26.3133,38.1302,42.8404,27.0000,28.0007,11.7900,0.1474,-0.9610,0.2491,0.6221,3314.7733,,5.4104,23.3448,99.5000,0.3357,0.2894,0.4356,0.5553,0.2021,0.3747,-0.3297,0.7207,0.4727,0.0822,0.5070,0.1646,0.4568,0.1363,P4>P3>P1>P2>P5,1,ResRents
SDN,Sudan,2024,1,16.4591,26.4448,28.6395,15.0000,16.3300,,,-2.0780,0.3715,0.7128,2115.8162,,3.4678,31.3155,106.2000,0.2164,0.2605,0.5422,0.5691,0.2141,0.3629,-0.3610,0.1750,0.2207,0.5142,0.5181,0.1748,0.3065,0.1794,P4>P3>P2>P1>P5,2,ResRents; GII
LBR,Liberia,2024,1,27.1075,42.0258,41.5861,27.0000,26.6542,,,-2.2840,0.4964,0.6487,1871.0441,,13.6663,61.9904,88.9000,0.3443,0.2235,0.5726,0.3047,0.4395,0.3614,-0.3651,0.7591,0.1379,0.5164,0.1899,1.1803,0.5882,0.1342,P3>P5>P1>P4>P2,2,ResRents; GII
MOZ,Mozambique,2024,1,37.4226,36.3988,42.8212,25.0000,26.3622,13.1100,,-1.2270,0.4544,0.6709,1705.3792,,15.3437,35.8616,94.0000,0.3541,0.2721,0.5627,0.2556,0.2876,0.3490,-0.3979,0.7681,0.3385,0.4747,0.1419,0.4294,0.4850,0.1265,P3>P1>P5>P2>P4,1,ResRents
AFG,Afghanistan,2024,1,13.7358,23.6536,30.5995,17.0000,21.3644,,,-0.8180,0.3836,0.7082,2201.7229,,17.7569,28.2259,106.6000,0.2125,0.4865,0.5459,0.2150,0.1970,0.3466,-0.4041,0.1758,1.0483,0.5249,0.1761,0.1153,0.3547,0.1702,P3>P2>P4>P1>P5,2,ResRents; GII
COD,"Congo, Dem. Rep.",2024,1,18.4131,28.9697,34.5989,20.0000,17.1820,,,-3.1260,0.5490,0.6445,1821.0487,,6.4168,29.6955,107.2000,0.2550,0.0725,0.5968,0.4838,0.2018,0.3182,-0.4797,0.2750,0.0552,0.5997,0.3057,0.1027,0.2753,0.2138,P3>P4>P1>P5>P2,2,ResRents; GII
TCD,Chad,2024,1,29.9423,32.1012,37.7058,21.0000,19.7006,,,-3.5300,0.3097,0.5395,2742.6595,,6.2706,35.5074,104.6000,0.3019,0.0000,0.4246,0.5192,0.2417,0.2884,-0.5587,0.4329,0.0276,0.0723,0.3794,0.2648,0.2812,0.1981,P4>P3>P1>P5>P2,2,ResRents; GII
BDI,Burundi,2024,1,31.7781,34.5421,42.0271,17.0000,18.2518,13.2100,,,0.3888,0.6716,1194.9468,,18.0888,42.3840,94.2000,0.3134,0.1321,0.5302,0.1594,0.3194,0.2812,-0.5777,0.5068,0.2256,0.4122,0.0861,0.4747,0.3652,0.1590,P3>P5>P1>P4>P2,2,ResRents; ECI
